property_id,property_type,address,street,house_number,postal_code,city,state,country,latitude,longitude,construction_year,renovation_year,area_sqm,living_area_sqm,land_area_sqm,room_count,bedroom_count,bathroom_count,toilet_count,floor_number,total_floors,resident_count,adult_count,child_count,owner_id,owner_name,owner_type,owner_occupied,occupancy_status,ownership_status,purchase_date,purchase_price,price_per_sqm,total_price,estimated_market_value,monthly_rent,monthly_service_cost,annual_property_tax,currency,has_balcony,balcony_area_sqm,has_garden,garden_area_sqm,has_garage,garage_capacity,parking_spaces,has_basement,basement_area_sqm,has_elevator,has_storage_room,has_fireplace,has_swimming_pool,has_solar_panels,heating_type,energy_source,energy_efficiency_class,annual_energy_consumption_kwh,condition,furnished,internet_available,internet_speed_mbps,distance_to_city_center_km,distance_to_school_km,distance_to_supermarket_km,distance_to_public_transport_km,created_at,updated_at,predicted_total_price
100000,mobile_home,Marlboro Street 12729,Marlboro Street,12729,90049,Los Angeles,California,United States,34.0552505,-118.4867807,1981,1997.0,172.476762,151.491092,767.312158,2,5,3,3,1.0,11,6,1,0,50000,Max Mustermann,private,True,occupied,owned,2024-05-05,1013226.177918,8574.554585,1332939.577147,1471642.132885,3093.764514,547.598759,2665.879154,EUR,True,20.264524,True,646.638262,True,0,0,True,67.548412,True,True,True,True,True,district_heating,electricity,B,19723.663756,good,True,True,704.0,12.968823,6.430325,5.151472,3.215163,2026-06-13T03:01:47,2026-06-13T03:01:47,1333024.992782447
100001,condominium,Mandeville Canyon Road 3341,Mandeville Canyon Road,3341,90049,Los Angeles,California,United States,34.1037328,-118.5042309,1914,,40.377312,34.752043,,1,0,1,1,,2,1,1,0,50001,Max Mustermann,private,True,occupied,owned,,,2737.602175,196269.897162,230521.72555,,,,EUR,True,,True,,True,0,0,True,,True,True,True,True,True,district_heating,electricity,B,2212.806524,good,True,True,,0.98771,0.347606,0.297585,0.173803,2026-03-12T07:14:08,2026-03-12T07:14:08,194851.61548592505
100002,apartment,North Saltair Avenue 666,North Saltair Avenue,666,90049,Los Angeles,California,United States,34.0726814,-118.4770293,1903,1991.0,94.131303,82.25557,30.012906,5,0,1,1,0.0,1,1,3,2,50002,Max Mustermann,private,False,occupied,owned,2012-07-01,183764.519551,5112.778525,658804.238983,735559.223106,697.541945,117.507529,392.539794,EUR,False,3.67529,False,44.51054,False,2,2,False,12.250968,False,False,False,False,False,district_heating,electricity,B,9338.335574,good,False,False,164.0,5.863072,2.82279,2.272732,1.411395,2026-01-27T21:47:57,2026-01-27T21:47:57,660667.7693905502
100003,villa,North Bundy Drive 1260,North Bundy Drive,1260,90049,Los Angeles,California,United States,34.0828082,-118.4833525,1994,2007.0,82.990309,72.41004,330.035182,4,5,3,3,4.0,12,6,2,1,50003,Max Mustermann,private,True,occupied,owned,2010-07-24,521289.579798,4620.502012,562939.865575,630885.691061,1672.614342,292.520523,1317.608478,EUR,True,10.425792,True,289.528732,True,1,1,True,34.752639,True,True,True,True,True,district_heating,electricity,B,7861.506037,good,True,True,75.0,4.852609,2.309786,1.863365,1.154893,2026-05-20T02:37:27,2026-05-20T02:37:27,561597.8924818164
100004,duplex,North Kenter Avenue 750,North Kenter Avenue,750,90049,Los Angeles,California,United States,34.0722976,-118.4887759,1935,2005.0,193.341311,169.929531,267.852886,4,2,2,2,3.0,5,3,2,1,50004,Max Mustermann,private,True,occupied,owned,2016-03-03,451334.496501,9496.476535,1512471.746203,1667671.852611,1470.521879,256.247517,1125.879731,EUR,True,9.02669,True,238.746523,True,1,1,True,30.088966,True,True,True,True,True,district_heating,electricity,B,22489.429604,good,True,True,809.0,14.861189,7.391065,5.918123,3.695533,2026-01-09T00:05:13,2026-01-09T00:05:13,1514686.983258008
100005,townhouse,Avondale Avenue 232,Avondale Avenue,232,90049,Los Angeles,California,United States,34.0526559,-118.4917932,1931,2004.0,180.49039,158.572903,883.765457,3,1,1,1,3.0,4,2,2,1,50005,Max Mustermann,private,True,occupied,owned,2015-06-30,1144236.139121,8928.645131,1401894.051732,1546932.964594,3472.237735,615.52985,3024.943492,EUR,True,22.884723,True,741.74179,True,1,1,True,76.282409,True,True,True,True,True,district_heating,electricity,B,20785.935392,good,True,True,331.0,13.69564,6.799325,5.445926,3.399662,2026-03-01T16:38:01,2026-03-01T16:38:01,1401022.4600380843
100006,townhouse,West Highwood Street 12710,West Highwood Street,12710,90049,Los Angeles,California,United States,34.0590358,-118.4866828,1928,1998.0,226.818607,199.514118,812.039385,2,1,1,1,2.0,4,2,1,0,50006,Max Mustermann,private,True,occupied,owned,2015-01-03,1063544.308021,10975.705893,1800532.200254,1982202.726764,3239.128001,573.689641,2803.788103,EUR,True,21.270886,True,683.165498,True,0,0,True,70.902954,True,True,True,True,True,district_heating,electricity,B,26927.11768,good,True,True,300.0,17.897502,8.932578,7.148219,4.466289,2026-05-24T06:45:41,2026-05-24T06:45:41,1800817.8282907964
100007,single_family_home,Wellesley Avenue 917,Wellesley Avenue,917,90049,Los Angeles,California,United States,34.0452242,-118.4743199,1917,,53.691849,46.518378,,2,1,1,1,,3,2,1,0,50007,Max Mustermann,private,True,occupied,owned,,,3325.91891,310836.840364,355616.441911,,,,EUR,True,,True,,True,0,0,True,,True,True,True,True,True,district_heating,electricity,B,3977.75673,good,True,True,,2.195307,0.960694,0.786817,0.480347,2026-06-29T17:26:14,2026-06-29T17:26:14,312904.3810566355
100008,villa,North Bonhill Road 375,North Bonhill Road,375,90049,Los Angeles,California,United States,34.0654069,-118.4825318,1994,1996.0,125.713191,110.165146,1070.615481,7,5,3,3,1.0,12,6,4,3,50008,Max Mustermann,private,False,occupied,owned,2013-02-17,1354442.416402,6508.257287,930555.366418,1032282.075764,4079.500314,724.525697,3601.064401,EUR,False,27.088848,False,894.335976,False,3,3,False,90.296161,False,False,False,False,False,district_heating,electricity,B,13524.771861,good,False,False,278.0,8.727475,4.277026,3.433182,2.138513,2026-04-25T18:17:51,2026-04-25T18:17:51,930919.676271281
100009,condominium,Renfrew Road 12251,Renfrew Road,12251,90049,Los Angeles,California,United States,34.0655198,-118.4803204,1913,,41.406402,35.661472,,1,0,1,1,,2,1,1,0,50009,Max Mustermann,private,True,occupied,owned,,,2783.073585,205124.85596,240190.383265,,,,EUR,True,,True,,True,0,0,True,,True,True,True,True,True,district_heating,electricity,B,2349.220754,good,True,True,,1.081046,0.394992,0.335398,0.197496,2026-01-02T05:44:27,2026-01-02T05:44:27,192929.71439487004
100010,mobile_home,South Westgate Avenue 1103,South Westgate Avenue,1103,90049,Los Angeles,California,United States,34.0482577,-118.4656815,1986,2024.0,82.007165,71.541215,104.326599,1,5,3,3,8.0,11,6,1,0,50010,Max Mustermann,private,True,occupied,owned,2012-04-19,267367.42405,4577.060761,554480.253387,621648.709103,939.061447,160.857183,621.673681,EUR,True,5.347348,True,105.200056,True,0,0,True,17.824495,True,True,True,True,True,district_heating,electricity,B,7731.182282,good,True,True,192.0,4.763441,2.264516,1.82724,1.132258,2026-03-29T08:09:13,2026-03-29T08:09:13,555175.2057007159
100011,villa,North Mandeville Canyon Road 2677,North Mandeville Canyon Road,2677,90049,Los Angeles,California,United States,34.0875282,-118.5041291,1994,1995.0,143.651387,126.017505,506.306184,2,5,3,3,1.0,12,6,1,0,50011,Max Mustermann,private,True,occupied,owned,2025-03-06,719594.456575,7300.875237,1084907.282991,1200817.681969,2245.495097,395.345274,1861.110733,EUR,True,14.391889,True,433.483383,True,0,0,True,47.972964,True,True,True,True,True,district_heating,electricity,B,15902.625711,good,True,True,804.0,10.354428,5.103017,4.092307,2.551509,2026-03-28T03:05:24,2026-03-28T03:05:24,1083983.1338885722
100012,studio,Mandeville Canyon Road 2498,Mandeville Canyon Road,2498,90049,Los Angeles,California,United States,34.0828625,-118.5030305,2014,,40.705233,35.041834,,4,4,3,3,,9,5,2,1,50012,Max Mustermann,private,True,occupied,owned,,,2752.091712,199091.543915,233602.658761,,,,EUR,True,,True,,True,1,1,True,,True,True,True,True,True,district_heating,electricity,B,2256.275136,good,True,True,,1.017451,0.362706,0.309634,0.181353,2026-01-25T11:54:22,2026-01-25T11:54:22,191820.2086142702
100013,condominium,North Canyon View Drive 140,North Canyon View Drive,140,90049,Los Angeles,California,United States,34.0585001,-118.483866,1969,,77.750095,67.779154,,4,0,1,1,,2,1,2,1,50013,Max Mustermann,private,True,occupied,owned,,,4388.957682,517849.65377,581652.054387,,,,EUR,True,,True,,True,1,1,True,,True,True,True,True,True,district_heating,electricity,B,7166.873045,good,True,True,,4.377334,2.068493,1.670817,1.034246,2026-06-04T08:51:02,2026-06-04T08:51:02,513811.50532428006
100014,penthouse,North Tigertail Road 1200,North Tigertail Road,1200,90049,Los Angeles,California,United States,34.0795286,-118.4869385,1911,2017.0,174.725154,153.478043,35.756663,1,4,3,3,6.0,10,5,1,0,50014,Max Mustermann,private,True,occupied,owned,2022-03-26,190226.246241,8673.902159,1352286.209892,1492766.564315,716.209156,120.858054,410.249712,EUR,True,3.804525,True,49.201275,True,0,0,True,12.68175,True,True,True,True,True,district_heating,electricity,B,20021.706477,good,True,True,154.0,13.172747,6.533856,5.234087,3.266928,2026-04-28T17:07:59,2026-04-28T17:07:59,1352104.6468535708
100015,bungalow,Hanley Avenue 634,Hanley Avenue,634,90049,Los Angeles,California,United States,34.0714069,-118.4861893,1975,1992.0,152.162418,133.538881,262.36557,4,3,2,2,0.0,7,4,2,1,50015,Max Mustermann,private,True,occupied,owned,2011-12-14,445161.265985,7676.944066,1158141.739116,1280781.790818,1452.688102,253.046582,1108.960507,EUR,True,8.903225,True,234.265215,True,1,1,True,29.677418,True,True,True,True,True,district_heating,electricity,B,17030.832197,good,True,True,742.0,11.126359,5.494921,4.405038,2.74746,2026-04-07T02:35:18,2026-04-07T02:35:18,1165981.9701469073
100016,apartment,South Barrington Avenue 344,South Barrington Avenue,344,90049,Los Angeles,California,United States,34.0613432,-118.468346,1954,1991.0,82.394734,71.883718,606.426346,7,0,1,1,0.0,1,1,4,3,50016,Max Mustermann,private,False,occupied,owned,2023-03-31,832229.63894,4594.185909,557815.150775,625290.056522,2570.885624,453.748702,2169.814566,EUR,False,16.644593,False,515.248182,False,3,3,False,55.481976,False,False,False,False,False,district_heating,electricity,B,7782.557728,good,False,False,808.0,4.798592,2.282362,1.841481,1.141181,2026-06-10T19:56:55,2026-06-10T19:56:55,555417.5352771604
100017,apartment,South Carmelina Avenue 148,South Carmelina Avenue,148,90049,Los Angeles,California,United States,34.0560032,-118.4802534,1904,1995.0,161.692122,141.96048,31.843164,4,0,1,1,1.0,1,1,2,1,50017,Max Mustermann,private,True,occupied,owned,2019-06-19,185823.559073,8098.023997,1240141.51517,1370316.681429,703.490282,118.575179,398.183088,EUR,True,3.716471,True,46.00525,True,1,1,True,12.388237,True,True,True,True,True,district_heating,electricity,B,18294.07199,good,True,True,963.0,11.990681,5.93373,4.755199,2.966865,2026-04-03T18:12:45,2026-04-03T18:12:45,1229561.9792433947
100018,condominium,Mandeville Canyon Road 3131,Mandeville Canyon Road,3131,90049,Los Angeles,California,United States,34.1000497,-118.5035817,1903,2003.0,209.027548,183.791787,238.605181,8,0,1,1,3.0,2,1,4,3,50018,Max Mustermann,private,False,occupied,owned,2010-09-18,418430.828427,10189.589338,1647446.344854,1815049.522489,1375.466838,239.186355,1035.699308,EUR,False,8.368617,False,214.860898,False,3,3,False,27.895389,False,False,False,False,False,district_heating,electricity,B,24568.768015,good,False,False,608.0,16.283894,8.113362,6.494501,4.056681,2026-01-18T01:42:14,2026-01-18T01:42:14,1645692.618153334
100019,townhouse,South Bowling Green Way 153,South Bowling Green Way,153,90049,Los Angeles,California,United States,34.0579137,-118.4767655,1911,,36.397233,31.234764,,5,1,1,1,,4,2,3,2,50019,Max Mustermann,private,False,occupied,owned,,,2561.738217,162022.705404,193127.49455,,,,EUR,False,,False,,False,2,2,False,,False,False,False,False,False,district_heating,electricity,B,1685.214651,good,False,False,,0.626726,0.164338,0.15134,0.082169,2026-03-16T02:54:14,2026-03-16T02:54:14,166210.1254573499
100020,townhouse,Sloan Drive 16413,Sloan Drive,16413,90049,Los Angeles,California,United States,34.1293845,-118.4907154,1927,2004.0,208.251139,183.105658,779.861325,1,1,1,1,3.0,4,2,1,0,50020,Max Mustermann,private,True,occupied,owned,2010-09-02,1027343.991002,10155.282892,1640765.615891,1807754.888702,3134.549307,554.919106,2704.57242,EUR,True,20.54688,True,656.886749,True,0,0,True,68.489599,True,True,True,True,True,district_heating,electricity,B,24465.848677,good,True,True,139.0,16.213475,8.077611,6.465972,4.038805,2026-01-26T12:17:29,2026-01-26T12:17:29,1639823.6651456992
100021,studio,Gorham Avenue 12306,Gorham Avenue,12306,90049,Los Angeles,California,United States,34.0468821,-118.4742445,1929,2022.0,185.09997,162.646485,653.929777,3,4,3,3,8.0,9,5,2,1,50021,Max Mustermann,private,True,occupied,owned,2012-02-07,885670.998814,9132.324252,1441557.880728,1590241.577876,2725.271774,481.459036,2316.283478,EUR,True,17.71342,True,554.042651,True,1,1,True,59.044733,True,True,True,True,True,district_heating,electricity,B,21396.972757,good,True,True,654.0,14.113718,7.01158,5.615301,3.50579,2026-06-12T11:10:23,2026-06-12T11:10:23,1443001.6941493123
100022,penthouse,Wilshire Boulevard 11941,Wilshire Boulevard,11941,90025,Los Angeles,California,United States,34.0462054,-118.4651869,1964,1991.0,108.153861,94.647598,264.528746,7,4,3,3,0.0,10,5,4,3,50022,Max Mustermann,private,False,occupied,owned,2014-11-27,447594.839755,5732.379907,779463.455558,867306.043366,1459.718426,254.308435,1115.630302,EUR,False,8.951897,False,236.03181,False,3,3,False,29.839656,False,False,False,False,False,district_heating,electricity,B,11197.139721,good,False,False,482.0,7.134885,3.46848,2.787979,1.73424,2026-04-01T06:42:17,2026-04-01T06:42:17,773947.5460267651
100023,apartment,North Tigertail Road 1401,North Tigertail Road,1401,90049,Los Angeles,California,United States,34.0818623,-118.4883306,1977,,68.428092,59.541105,,6,0,1,1,,1,1,3,2,50023,Max Mustermann,private,False,occupied,owned,,,3977.055248,437637.074652,494068.58962,,,,EUR,False,,False,,False,2,2,False,,False,False,False,False,False,district_heating,electricity,B,5931.165745,good,False,False,,3.53185,1.639247,1.328288,0.819624,2026-06-29T21:41:04,2026-06-29T21:41:04,447198.85927491507
100024,studio,South Carmelina Avenue 1458,South Carmelina Avenue,1458,90025,Los Angeles,California,United States,34.0384304,-118.4654146,1903,2025.0,240.800811,211.870484,707.118821,5,4,3,3,8.0,9,5,3,2,50024,Max Mustermann,private,False,occupied,owned,2015-03-21,945508.673232,11593.524186,1920844.183583,2113570.405858,2898.136167,512.485979,2480.28303,EUR,False,18.910173,False,597.48037,False,2,2,False,63.033912,False,False,False,False,False,district_heating,electricity,B,28780.572558,good,False,False,82.0,19.165655,9.576409,7.661983,4.788205,2026-06-05T20:10:34,2026-06-05T20:10:34,1921882.3134209162
100025,townhouse,North Tigertail Road 236,North Tigertail Road,236,90049,Los Angeles,California,United States,34.0626508,-118.4793151,1971,2002.0,107.367827,93.952964,971.316548,3,1,1,1,3.0,4,2,2,1,50025,Max Mustermann,private,True,occupied,owned,2021-05-02,1242731.116515,5697.648179,772699.908458,859920.981128,3756.778781,666.60132,3294.89269,EUR,True,24.854622,True,813.241848,True,1,1,True,82.848741,True,True,True,True,True,district_heating,electricity,B,11092.944536,good,True,True,80.0,7.063594,3.432286,2.759097,1.716143,2026-03-04T05:29:24,2026-03-04T05:29:24,763645.8894736302
100026,villa,Firth Avenue 687,Firth Avenue,687,90049,Los Angeles,California,United States,34.0732213,-118.4767726,1925,,54.940356,47.62171,,4,5,3,3,,12,6,2,1,50026,Max Mustermann,private,True,occupied,owned,,,3381.085512,321579.810253,367346.603628,,,,EUR,True,,True,,True,1,1,True,,True,True,True,True,True,district_heating,electricity,B,4143.256536,good,True,True,,2.308544,1.018184,0.832692,0.509092,2026-03-11T20:44:35,2026-03-11T20:44:35,321329.69223924563
100027,mobile_home,Westridge Road 2556,Westridge Road,2556,90049,Los Angeles,California,United States,34.0831761,-118.5077576,1991,,55.794021,48.376112,,6,5,3,3,,11,6,3,2,50027,Max Mustermann,private,False,occupied,owned,,,3418.80558,328925.297142,375367.081204,,,,EUR,False,,False,,False,2,2,False,,False,False,False,False,False,district_heating,electricity,B,4256.41674,good,False,False,,2.385969,1.057492,0.864059,0.528746,2026-02-26T21:20:53,2026-02-26T21:20:53,329176.43296778004
100028,villa,North Old Oak Road 1511,North Old Oak Road,1511,90049,Los Angeles,California,United States,34.0587858,-118.4968382,1983,2024.0,217.211289,191.02393,7.798512,2,5,3,3,8.0,12,6,1,0,50028,Max Mustermann,private,True,occupied,owned,2023-07-03,158773.325565,10551.19648,1717864.577743,1891938.620022,625.345163,104.549132,324.045411,EUR,True,3.175467,True,26.368784,True,0,0,True,10.584888,True,True,True,True,True,district_heating,electricity,B,25653.589441,good,True,True,145.0,17.02614,8.490194,6.795205,4.245097,2026-01-15T07:52:02,2026-01-15T07:52:02,1718140.6660606267
100029,studio,Darlington Avenue 11759,Darlington Avenue,11759,90049,Los Angeles,California,United States,34.0514653,-118.4657805,1989,2016.0,164.801097,144.707946,966.983102,2,4,3,3,6.0,9,5,1,0,50029,Max Mustermann,private,True,occupied,owned,2010-08-06,1237855.989974,8235.397298,1266893.158029,1399526.583361,3742.695082,664.073476,3281.531232,EUR,True,24.75712,True,809.702867,True,0,0,True,82.523733,True,True,True,True,True,district_heating,electricity,B,18706.191894,good,True,True,273.0,12.272658,6.076888,4.869436,3.038444,2026-03-22T12:17:04,2026-03-22T12:17:04,1263450.7534628042
100030,bungalow,Bellagio Road 11744 1/2,Bellagio Road,11744 1/2,90049,Los Angeles,California,United States,34.0789048,-118.4703127,1969,2004.0,208.532579,183.354372,837.767274,7,3,2,2,3.0,7,4,4,3,50030,Max Mustermann,private,False,occupied,owned,2022-08-03,1092488.183234,10167.718596,1643187.305558,1810399.112014,3322.74364,588.697576,2883.115761,EUR,False,21.849764,False,704.176607,False,3,3,False,72.832546,False,False,False,False,False,district_heating,electricity,B,24503.155788,good,False,False,288.0,16.239001,8.09057,6.476313,4.045285,2026-02-24T18:56:45,2026-02-24T18:56:45,1642256.628599829
100031,townhouse,North Bundy Drive 600,North Bundy Drive,600,90049,Los Angeles,California,United States,34.070988,-118.4763326,1953,2018.0,191.892334,168.649039,408.30062,2,1,1,1,7.0,4,2,1,0,50031,Max Mustermann,private,True,occupied,owned,2014-06-17,609338.197299,9432.451974,1500003.805384,1654058.209122,1926.977014,338.175362,1558.926911,EUR,True,12.186764,True,353.445506,True,0,0,True,40.622546,True,True,True,True,True,district_heating,electricity,B,22297.355921,good,True,True,567.0,14.72977,7.324345,5.864881,3.662172,2026-03-22T06:41:31,2026-03-22T06:41:31,1501991.3978853154
100032,loft,Mandeville Canyon Road 1639,Mandeville Canyon Road,1639,90049,Los Angeles,California,United States,34.0620572,-118.494247,1928,2007.0,150.28904,131.883337,186.5754,6,3,2,2,4.0,8,4,3,2,50032,Max Mustermann,private,False,occupied,owned,2026-01-22,359897.324746,7594.166869,1142021.969191,1263180.744738,1206.370049,208.83565,875.274149,EUR,False,7.197946,False,172.36991,False,2,2,False,23.993155,False,False,False,False,False,district_heating,electricity,B,16782.500606,good,False,False,666.0,10.956448,5.408658,4.336202,2.704329,2026-04-12T20:29:09,2026-04-12T20:29:09,1142341.372862444
100033,penthouse,Promontory Road 12540,Promontory Road,12540,90049,Los Angeles,California,United States,34.1047198,-118.4896432,1957,1990.0,244.219889,214.891995,1148.655687,6,4,3,3,0.0,10,5,3,2,50033,Max Mustermann,private,False,occupied,owned,2024-07-29,1442237.647479,11744.599758,1950264.163362,2145693.843238,4333.130982,770.049151,3841.688367,EUR,False,28.844753,False,958.068811,False,2,2,False,96.149176,False,False,False,False,False,district_heating,electricity,B,29233.799273,good,False,False,77.0,19.475757,9.733846,7.787615,4.866923,2026-03-09T04:15:47,2026-03-09T04:15:47,1943958.6410520908
100034,duplex,Moraga Drive 964,Moraga Drive,964,90049,Los Angeles,California,United States,34.0818611,-118.4682762,1975,2000.0,116.384891,101.921532,403.913454,5,2,2,2,2.0,5,3,3,2,50034,Max Mustermann,private,False,occupied,owned,2025-09-24,604402.635902,6096.076583,850288.597835,944639.441961,1912.718726,335.616182,1545.399817,EUR,False,12.088053,False,349.862654,False,2,2,False,40.293509,False,False,False,False,False,district_heating,electricity,B,12288.22975,good,False,False,624.0,7.88142,3.84749,3.090422,1.923745,2026-05-24T17:16:47,2026-05-24T17:16:47,853632.2724443106
100035,apartment,North Cliffwood Avenue 412,North Cliffwood Avenue,412,90049,Los Angeles,California,United States,34.0633515,-118.4869269,1935,2017.0,153.688736,134.88772,111.295012,1,0,1,1,6.0,1,1,1,0,50035,Max Mustermann,private,True,occupied,owned,2022-03-23,275206.888563,7744.385997,1171275.167855,1295122.075172,961.708789,164.92209,643.159621,EUR,True,5.504138,True,110.890927,True,0,0,True,18.347126,True,True,True,True,True,district_heating,electricity,B,17233.157991,good,True,True,253.0,11.264792,5.565202,4.461121,2.782601,2026-05-30T13:57:37,2026-05-30T13:57:37,1170754.8913142567
100036,single_family_home,North Anita Avenue 135,North Anita Avenue,135,90049,Los Angeles,California,United States,34.0585674,-118.4834457,2003,2011.0,213.322003,187.586886,116.059652,8,1,1,1,5.0,3,2,4,3,50036,Max Mustermann,private,False,occupied,owned,2019-05-30,280567.108725,10379.34431,1684398.628868,1855397.421791,977.19387,167.701464,657.850594,EUR,False,5.611342,False,114.782049,False,3,3,False,18.704474,False,False,False,False,False,district_heating,electricity,B,25138.032931,good,False,False,783.0,16.673391,8.311106,6.652297,4.155553,2026-04-13T11:14:08,2026-04-13T11:14:08,1687418.5836986161
100037,villa,Beloit Avenue 285,Beloit Avenue,285,90049,Los Angeles,California,United States,34.0675145,-118.4658094,2011,2007.0,167.981747,147.518753,1016.99324,2,5,3,3,4.0,12,6,1,0,50037,Max Mustermann,private,True,occupied,owned,2014-12-11,1294117.394569,8375.937647,1294261.541874,1429409.899776,3905.228029,693.246056,3435.729155,EUR,True,25.882348,True,850.544479,True,0,0,True,86.274493,True,True,True,True,True,district_heating,electricity,B,19127.812942,good,True,True,715.0,12.561135,6.223346,4.986306,3.111673,2026-05-11T15:05:48,2026-05-11T15:05:48,1295098.1289499276
100038,bungalow,North Canyon View Drive 196,North Canyon View Drive,196,90049,Los Angeles,California,United States,34.0599494,-118.4854109,1900,1999.0,220.266984,193.724311,724.471238,7,3,2,2,2.0,7,4,4,3,50038,Max Mustermann,private,False,occupied,owned,2020-01-28,965030.142345,10686.215553,1744157.765575,1920647.938628,2954.531522,522.608222,2533.786316,EUR,False,19.300603,False,611.651511,False,3,3,False,64.335343,False,False,False,False,False,district_heating,electricity,B,26058.646659,good,False,False,768.0,17.303285,8.630898,6.907485,4.315449,2026-01-13T03:09:40,2026-01-13T03:09:40,1744067.7518514013
100039,triplex,South Layton Drive 165,South Layton Drive,165,90049,Los Angeles,California,United States,34.0676713,-118.4678269,1997,2003.0,159.130711,139.696908,968.553928,2,2,2,2,3.0,6,3,1,0,50039,Max Mustermann,private,True,occupied,owned,2023-03-21,1239623.16892,7984.84538,1218101.468725,1346251.333419,3747.800266,664.989791,3286.374611,EUR,True,24.792463,True,810.985708,True,0,0,True,82.641545,True,True,True,True,True,district_heating,electricity,B,17954.53614,good,True,True,608.0,11.758367,5.815786,4.661082,2.907893,2026-02-10T21:27:38,2026-02-10T21:27:38,1223897.913320206
100040,duplex,Casiano Road 979,Casiano Road,979,90049,Los Angeles,California,United States,34.0819239,-118.4714908,2003,2011.0,186.482945,163.868649,875.678144,5,2,2,2,5.0,5,3,3,2,50040,Max Mustermann,private,False,occupied,owned,2016-03-28,1135137.912037,9193.432444,1453457.896998,1603235.109154,3445.953968,610.812251,3000.007611,EUR,False,22.702758,False,735.137151,False,2,2,False,75.675861,False,False,False,False,False,district_heating,electricity,B,21580.297332,good,False,False,479.0,14.239151,7.075261,5.666118,3.537631,2026-01-17T12:24:38,2026-01-17T12:24:38,1454223.6475002628
100041,single_family_home,South Medio Drive 237,South Medio Drive,237,90049,Los Angeles,California,United States,34.053799,-118.4811444,1920,,44.852242,38.706633,,6,1,1,1,,3,2,3,2,50041,Max Mustermann,private,False,occupied,owned,,,2935.331645,234775.109763,272565.254984,,,,EUR,False,,False,,False,2,2,False,,False,False,False,False,False,district_heating,electricity,B,2805.994934,good,False,False,,1.393575,0.553661,0.462013,0.276831,2026-04-30T16:16:35,2026-04-30T16:16:35,236466.77084703435
100042,townhouse,West Chalon Road 11996,West Chalon Road,11996,90049,Los Angeles,California,United States,34.082201,-118.4802915,1989,1996.0,83.998129,73.300672,643.47371,4,1,1,1,1.0,4,2,2,1,50042,Max Mustermann,private,True,occupied,owned,2010-02-23,873907.923464,4665.033619,571611.809955,640354.516816,2691.289557,475.359664,2284.043938,EUR,True,17.478158,True,545.50353,True,1,1,True,58.260528,True,True,True,True,True,district_heating,electricity,B,7995.100856,good,True,True,275.0,4.944016,2.356193,1.900396,1.178096,2026-01-03T21:46:07,2026-01-03T21:46:07,574931.5145899302
100043,triplex,Banyan Drive 2195,Banyan Drive,2195,90049,Los Angeles,California,United States,34.075965,-118.503766,1954,1995.0,97.218412,84.983713,1167.738917,2,2,2,2,1.0,6,3,1,0,50043,Max Mustermann,private,True,occupied,owned,2013-07-31,1463706.281372,5249.185654,685367.732664,764563.686476,4395.15148,781.181035,3900.528327,EUR,True,29.274126,True,973.653449,True,0,0,True,97.580419,True,True,True,True,True,district_heating,electricity,B,9747.556963,good,True,True,509.0,6.143065,2.964941,2.386165,1.48247,2026-06-24T17:48:17,2026-06-24T17:48:17,684125.9104904862
100044,condominium,South Carmelina Avenue 1335,South Carmelina Avenue,1335,90025,Los Angeles,California,United States,34.0396993,-118.467821,1943,,52.155275,45.160476,,1,0,1,1,,2,1,1,0,50044,Max Mustermann,private,True,occupied,owned,,,3258.023781,297615.157309,341179.793386,,,,EUR,True,,True,,True,0,0,True,,True,True,True,True,True,district_heating,electricity,B,3774.071342,good,True,True,,2.055944,0.889941,0.730357,0.44497,2026-06-14T10:07:18,2026-06-14T10:07:18,296419.37838063063
100045,condominium,Currituck Drive 11931,Currituck Drive,11931,90049,Los Angeles,California,United States,34.0561177,-118.4726908,1935,2014.0,85.050041,74.230268,454.241253,4,0,1,1,6.0,2,1,2,1,50045,Max Mustermann,private,True,occupied,owned,2025-08-29,661021.409231,4711.51342,580663.139768,650237.590449,2076.284071,364.974064,1700.577196,EUR,True,13.220428,True,390.96369,True,1,1,True,44.068094,True,True,True,True,True,district_heating,electricity,B,8134.540261,good,True,True,653.0,5.039422,2.40463,1.939048,1.202315,2026-04-22T05:29:00,2026-04-22T05:29:00,579386.4250777301
100046,bungalow,Oakmont Drive 6,Oakmont Drive,6,90049,Los Angeles,California,United States,34.0671161,-118.4903641,1919,,56.715307,49.190272,,5,3,2,2,,7,4,3,2,50046,Max Mustermann,private,False,occupied,owned,,,3459.513579,336852.644408,384022.887408,,,,EUR,False,,False,,False,2,2,False,,False,False,False,False,False,district_heating,electricity,B,4378.540738,good,False,False,,2.469528,1.099914,0.897911,0.549957,2026-03-09T16:48:11,2026-03-09T16:48:11,339864.6221190404
100047,condominium,Bronwood Avenue 136,Bronwood Avenue,136,90049,Los Angeles,California,United States,34.0721492,-118.4649192,1927,1996.0,94.764325,82.814985,662.448758,2,0,1,1,1.0,2,1,1,0,50047,Max Mustermann,private,True,occupied,owned,2019-06-25,895254.852219,5140.74923,664251.165754,741506.678282,2752.958462,486.428442,2342.550336,EUR,True,17.905097,True,560.999819,True,0,0,True,59.683657,True,True,True,True,True,district_heating,electricity,B,9422.247689,good,True,True,334.0,5.920485,2.851939,2.295991,1.425969,2026-05-10T03:55:40,2026-05-10T03:55:40,664064.3563476515
100048,triplex,North Anita Avenue 122,North Anita Avenue,122,90049,Los Angeles,California,United States,34.0582522,-118.4827025,2022,2012.0,171.672156,150.780044,995.285597,4,2,2,2,5.0,6,3,2,1,50048,Max Mustermann,private,True,occupied,owned,2017-08-19,1269696.296742,8539.002221,1326016.221889,1464082.577414,3834.678191,680.583265,3368.797258,EUR,True,25.393926,True,832.816571,True,1,1,True,84.64642,True,True,True,True,True,district_heating,electricity,B,19617.006662,good,True,True,878.0,12.895847,6.393276,5.121907,3.196638,2026-03-18T20:32:38,2026-03-18T20:32:38,1325956.8362770479
100049,triplex,Wellesley Avenue 879,Wellesley Avenue,879,90049,Los Angeles,California,United States,34.0455612,-118.4750209,1997,2012.0,113.438918,99.318114,742.223703,2,2,2,2,5.0,6,3,1,0,50049,Max Mustermann,private,True,occupied,owned,2016-03-26,985001.665692,5965.9057,824939.531095,916961.00152,3012.227034,532.963827,2588.523084,EUR,True,19.700033,True,626.149357,True,0,0,True,65.666778,True,True,True,True,True,district_heating,electricity,B,11897.717101,good,True,True,940.0,7.614227,3.711839,2.982174,1.855919,2026-02-20T04:23:48,2026-02-20T04:23:48,827808.1755345145
100050,penthouse,North Sepulveda Boulevard 2819,North Sepulveda Boulevard,2819,90049,Los Angeles,California,United States,34.1282947,-118.4805715,1943,2006.0,114.588908,100.334384,1034.04828,7,4,3,3,4.0,10,5,4,3,50050,Max Mustermann,private,False,occupied,owned,2013-06-27,1313304.31542,6016.719188,834834.789166,927765.553576,3960.656911,703.19483,3488.315531,EUR,False,26.266086,False,864.472762,False,3,3,False,87.553621,False,False,False,False,False,district_heating,electricity,B,12050.157563,good,False,False,56.0,7.718529,3.764792,3.02443,1.882396,2026-02-11T17:49:59,2026-02-11T17:49:59,836991.5721919916
100051,duplex,Beloit Avenue 257,Beloit Avenue,257,90049,Los Angeles,California,United States,34.0681784,-118.4664822,1913,1992.0,80.044012,69.806336,692.822574,5,2,2,2,0.0,5,3,3,2,50051,Max Mustermann,private,False,occupied,owned,2014-10-30,929425.396097,4490.316792,537588.006927,603204.202158,2851.673367,504.146502,2436.202937,EUR,False,18.588508,False,585.805102,False,2,2,False,61.961693,False,False,False,False,False,district_heating,electricity,B,7470.950377,good,False,False,827.0,4.585387,2.17412,1.755106,1.08706,2026-05-16T00:38:20,2026-05-16T00:38:20,537613.8317745737
100052,apartment,North Bowling Green Way 300,North Bowling Green Way,300,90049,Los Angeles,California,United States,34.0636943,-118.4772729,1911,2019.0,92.400232,80.725786,845.486203,8,0,1,1,7.0,1,1,4,3,50052,Max Mustermann,private,False,occupied,owned,2017-07-20,1101171.97889,5036.289309,643908.970791,719295.200539,3347.830161,593.200285,2906.915794,EUR,False,22.02344,False,710.480399,False,3,3,False,73.411465,False,False,False,False,False,district_heating,electricity,B,9108.867928,good,False,False,875.0,5.706068,2.74308,2.209125,1.37154,2026-05-06T00:07:59,2026-05-06T00:07:59,641782.598602624
100053,villa,Canyonback Road 2322,Canyonback Road,2322,90049,Los Angeles,California,United States,34.1100532,-118.4946959,1948,2024.0,236.380736,207.964372,54.98926,6,5,3,3,8.0,12,6,3,2,50053,Max Mustermann,private,False,occupied,owned,2012-04-17,211862.917935,11398.218583,1882810.987268,2072042.267179,778.715096,132.077069,469.55022,EUR,False,4.237258,False,64.907896,False,2,2,False,14.124195,False,False,False,False,False,district_heating,electricity,B,28194.65575,good,False,False,213.0,18.764764,9.37288,7.499571,4.68644,2026-04-03T09:15:03,2026-04-03T09:15:03,1882237.7427080863
100054,loft,South Canyon View Drive 254,South Canyon View Drive,254,90049,Los Angeles,California,United States,34.0530783,-118.483609,1912,1997.0,174.327608,153.126723,273.477931,3,3,2,2,1.0,8,4,2,1,50054,Max Mustermann,private,True,occupied,owned,2012-01-30,457662.67213,8656.33616,1348865.462706,1489031.478198,1488.803275,259.528793,1143.22362,EUR,True,9.153253,True,243.34031,True,1,1,True,30.510845,True,True,True,True,True,district_heating,electricity,B,19969.00848,good,True,True,764.0,13.13669,6.51555,5.21948,3.257775,2026-03-03T18:05:05,2026-03-03T18:05:05,1349891.625447419
100055,studio,Bayliss Road 13435,Bayliss Road,13435,90049,Los Angeles,California,United States,34.0729283,-118.5023856,1945,2014.0,165.963166,145.734891,347.265556,6,4,3,3,6.0,9,5,3,2,50055,Max Mustermann,private,False,occupied,owned,2018-07-10,540673.750863,8286.744554,1276892.360484,1410444.631447,1728.613058,302.571575,1370.735465,EUR,False,10.813475,False,303.600204,False,2,2,False,36.044917,False,False,False,False,False,district_heating,electricity,B,18860.233662,good,False,False,482.0,12.378055,6.130397,4.912135,3.065198,2026-05-05T02:48:34,2026-05-05T02:48:34,1280943.8216298088
100056,condominium,Hanley Avenue 811,Hanley Avenue,811,90049,Los Angeles,California,United States,34.0727742,-118.4876611,2008,,71.794809,62.516343,,6,0,1,1,,2,1,3,2,50056,Max Mustermann,private,False,occupied,owned,,,4125.817158,466606.499166,525700.06936,,,,EUR,False,,False,,False,2,2,False,,False,False,False,False,False,district_heating,electricity,B,6377.451474,good,False,False,,3.837204,1.794273,1.451995,0.897136,2026-02-02T04:42:30,2026-02-02T04:42:30,472210.0014977203
100057,bungalow,Wetherby Lane 11747,Wetherby Lane,11747,90077,Los Angeles,California,United States,34.1115268,-118.4768663,1944,1995.0,191.762262,168.534092,95.750372,4,3,2,2,1.0,7,4,2,1,50057,Max Mustermann,private,True,occupied,owned,2012-03-03,257719.168847,9426.704581,1498884.576208,1652836.13186,911.18871,155.854384,595.230315,EUR,True,5.154383,True,98.196137,True,1,1,True,17.181278,True,True,True,True,True,district_heating,electricity,B,22280.113742,good,True,True,398.0,14.717973,7.318355,5.860102,3.659178,2026-05-21T05:16:33,2026-05-21T05:16:33,1500920.229314391
100058,condominium,West Sunset Boulevard 12443,West Sunset Boulevard,12443,90049,Los Angeles,California,United States,34.0580324,-118.4820693,1977,,70.131536,61.046474,,5,0,1,1,,2,1,3,2,50058,Max Mustermann,private,False,occupied,owned,,,4052.323691,452294.61346,510073.037399,,,,EUR,False,,False,,False,2,2,False,,False,False,False,False,False,district_heating,electricity,B,6156.971072,good,False,False,,3.686349,1.717685,1.39088,0.858842,2026-06-05T13:13:59,2026-06-05T13:13:59,450002.3397113899
100059,studio,Hanley Avenue 585,Hanley Avenue,585,90049,Los Angeles,California,United States,34.0699517,-118.4860679,1933,2025.0,116.58292,102.096534,279.349064,2,4,3,3,8.0,9,5,1,0,50059,Max Mustermann,private,True,occupied,owned,2018-01-19,464267.696587,6104.826697,851992.567252,946499.99235,1507.884457,262.95362,1161.32628,EUR,True,9.285354,True,248.135069,True,0,0,True,30.95118,True,True,True,True,True,district_heating,electricity,B,12314.48009,good,True,True,334.0,7.899381,3.856609,3.097698,1.928304,2026-05-19T23:44:12,2026-05-19T23:44:12,851197.0321088852
100060,duplex,Homewood Road 465,Homewood Road,465,90049,Los Angeles,California,United States,34.0663537,-118.4866885,2003,2008.0,247.74752,218.009437,121.201715,3,2,2,2,4.0,5,3,2,1,50060,Max Mustermann,private,True,occupied,owned,2017-09-18,286351.929703,11900.471831,1980618.198678,2178837.168286,993.905575,170.701001,673.705289,EUR,True,5.727039,True,118.981401,True,1,1,True,19.090129,True,True,True,True,True,district_heating,electricity,B,29701.415493,good,True,True,209.0,19.795705,9.896281,7.917234,4.948141,2026-03-21T12:42:41,2026-03-21T12:42:41,1979378.4654646732
100061,mobile_home,Homedale Street 11374,Homedale Street,11374,90049,Los Angeles,California,United States,34.0680392,-118.4655893,1905,2013.0,172.599948,151.599954,333.568324,4,5,3,3,5.0,11,6,2,1,50061,Max Mustermann,private,True,occupied,owned,2023-07-17,525264.364199,8579.997719,1333999.55573,1472799.514905,1684.097052,294.581522,1328.502332,EUR,True,10.505287,True,292.414131,True,1,1,True,35.017624,True,True,True,True,True,district_heating,electricity,B,19739.993156,good,True,True,270.0,12.979995,6.435998,5.155998,3.217999,2026-04-06T14:57:33,2026-04-06T14:57:33,1333777.8716543203
100062,penthouse,North Bundy Drive 570,North Bundy Drive,570,90049,Los Angeles,California,United States,34.0703915,-118.4765403,1993,2002.0,154.744195,135.820451,762.821333,3,4,3,3,3.0,10,5,2,1,50062,Max Mustermann,private,True,occupied,owned,2015-12-07,1008173.999757,7791.022566,1180357.025983,1305038.482425,3079.169333,544.979111,2652.032444,EUR,True,20.16348,True,642.970755,True,1,1,True,67.2116,True,True,True,True,True,district_heating,electricity,B,17373.067698,good,True,True,831.0,11.36052,5.613802,4.499903,2.806901,2026-04-26T03:15:14,2026-04-26T03:15:14,1180524.349100862
100063,triplex,South Carmelina Avenue 1550,South Carmelina Avenue,1550,90025,Los Angeles,California,United States,34.0370474,-118.4640082,1958,1994.0,182.192064,160.076708,437.798615,8,2,2,2,1.0,6,3,4,3,50063,Max Mustermann,private,False,occupied,owned,2010-12-22,642523.44161,9003.835384,1416536.364331,1562920.787,2022.845498,355.382525,1649.879062,EUR,False,12.850469,False,377.535535,False,3,3,False,42.834896,False,False,False,False,False,district_heating,electricity,B,21011.506153,good,False,False,394.0,13.849978,6.877681,5.508453,3.438841,2026-01-17T10:01:37,2026-01-17T10:01:37,1409705.4237198785
100064,penthouse,Bellagio Road 11625,Bellagio Road,11625,90049,Los Angeles,California,United States,34.0769343,-118.4662681,1968,1992.0,216.213163,190.141865,444.217161,7,4,3,3,0.0,10,5,4,3,50064,Max Mustermann,private,False,occupied,owned,2026-05-14,649744.305608,10507.093242,1709276.052351,1882560.878783,2043.705772,359.126677,1669.669578,EUR,False,12.994886,False,382.777348,False,3,3,False,43.316287,False,False,False,False,False,district_heating,electricity,B,25521.279725,good,False,False,154.0,16.935612,8.444234,6.75853,4.222117,2026-05-22T07:37:14,2026-05-22T07:37:14,1712961.3672522479
100065,townhouse,Boca De Canon Lane 13124,Boca De Canon Lane,13124,90049,Los Angeles,California,United States,34.0714557,-118.4967847,1915,2004.0,201.839981,177.439983,251.408437,5,1,1,1,3.0,4,2,3,2,50065,Max Mustermann,private,False,occupied,owned,2020-04-21,432834.491542,9871.99916,1585599.836361,1747519.821323,1417.07742,246.654922,1075.176014,EUR,False,8.65669,False,225.31689,False,2,2,False,28.855633,False,False,False,False,False,district_heating,electricity,B,23615.997479,good,False,False,144.0,15.631998,7.782399,6.230399,3.8912,2026-01-02T02:45:40,2026-01-02T02:45:40,1587502.2343913617
100066,villa,Linda Flora Drive 793,Linda Flora Drive,793,90049,Los Angeles,California,United States,34.0805698,-118.4660068,2024,2008.0,84.245335,73.519134,320.373386,4,5,3,3,4.0,12,6,2,1,50066,Max Mustermann,private,True,occupied,owned,2022-01-10,510420.059766,4675.956684,573738.933134,642677.105367,1641.213506,286.884475,1287.817942,EUR,True,10.208401,True,281.638266,True,1,1,True,34.028004,True,True,True,True,True,district_heating,electricity,B,8027.870051,good,True,True,439.0,4.966437,2.367576,1.90948,1.183788,2026-01-16T07:04:57,2026-01-16T07:04:57,574797.7851594354
100067,condominium,Bellagio Road 11726,Bellagio Road,11726,90049,Los Angeles,California,United States,34.0785081,-118.4697602,2018,,41.901552,36.099046,,6,0,1,1,,2,1,3,2,50067,Max Mustermann,private,False,occupied,owned,,,2804.952317,209385.451222,244842.492686,,,,EUR,False,,False,,False,2,2,False,,False,False,False,False,False,district_heating,electricity,B,2414.856951,good,False,False,,1.125955,0.417792,0.353592,0.208896,2026-01-09T10:04:32,2026-01-09T10:04:32,192117.73051117003
100068,apartment,Ridge Drive 2125,Ridge Drive,2125,90049,Los Angeles,California,United States,34.1074675,-118.48392,1948,1995.0,102.822405,89.936079,1123.985505,1,0,1,1,1.0,1,1,1,0,50068,Max Mustermann,private,True,occupied,owned,2012-10-19,1414483.693412,5496.803957,733588.138909,817215.157079,4252.952892,755.658211,3765.621975,EUR,True,28.289674,True,937.921496,True,0,0,True,94.298913,True,True,True,True,True,district_heating,electricity,B,10490.41187,good,True,True,149.0,6.651334,3.222985,2.592079,1.611493,2026-03-02T08:42:31,2026-03-02T08:42:31,732203.1119522555
100069,mobile_home,Brentridge Lane 11985,Brentridge Lane,11985,90049,Los Angeles,California,United States,34.0820347,-118.478153,1910,2004.0,92.564288,80.870766,777.642462,4,5,3,3,3.0,11,6,2,1,50069,Max Mustermann,private,True,occupied,owned,2018-06-28,1024847.770083,5043.538322,645320.620555,720836.569471,3127.338002,553.62477,2697.730925,EUR,True,20.496955,True,655.074678,True,1,1,True,68.323185,True,True,True,True,True,district_heating,electricity,B,9130.614965,good,True,True,417.0,5.720947,2.750635,2.215153,1.375317,2026-02-24T17:08:46,2026-02-24T17:08:46,640897.3960780596
100070,townhouse,South Anita Avenue 314,South Anita Avenue,314,90049,Los Angeles,California,United States,34.0525531,-118.4813217,1970,1996.0,80.361311,70.08674,730.957207,1,1,1,1,1.0,4,2,1,0,50070,Max Mustermann,private,True,occupied,owned,2011-10-08,972326.85765,4504.337014,540318.260635,606185.344044,2975.610922,526.391704,2553.784721,EUR,True,19.446537,True,616.948386,True,0,0,True,64.821791,True,True,True,True,True,district_heating,electricity,B,7513.011042,good,True,True,917.0,4.614165,2.18873,1.766764,1.094365,2026-05-27T18:30:15,2026-05-27T18:30:15,538720.0025557589
100071,duplex,6Th Helena Drive 12306,6Th Helena Drive,12306,90049,Los Angeles,California,United States,34.0536319,-118.4782339,1937,2014.0,237.725589,209.152846,205.366378,6,2,2,2,6.0,5,3,3,2,50071,Max Mustermann,private,False,occupied,owned,2022-05-20,381037.175067,11457.642286,1894382.97152,2084677.622957,1267.440728,219.797054,933.212998,EUR,False,7.620744,False,187.715875,False,2,2,False,25.402478,False,False,False,False,False,district_heating,electricity,B,28372.926859,good,False,False,402.0,18.886739,9.434806,7.548987,4.717403,2026-05-02T13:12:06,2026-05-02T13:12:06,1893513.1980091184
100072,condominium,Oakmont Drive 940,Oakmont Drive,940,90049,Los Angeles,California,United States,34.0726158,-118.4940996,2006,2007.0,223.41904,196.509849,874.952158,7,0,1,1,4.0,2,1,4,3,50072,Max Mustermann,private,False,occupied,owned,2016-07-29,1134321.177233,10825.492451,1771280.108974,1950262.605475,3443.594512,610.388759,2997.769152,EUR,False,22.686424,False,734.544262,False,3,3,False,75.621412,False,False,False,False,False,district_heating,electricity,B,26476.477354,good,False,False,668.0,17.589169,8.77604,7.023304,4.38802,2026-01-25T21:27:22,2026-01-25T21:27:22,1773888.8191284225
100073,townhouse,Foxboro Drive 11943,Foxboro Drive,11943,90049,Los Angeles,California,United States,34.0606884,-118.4735257,1980,2019.0,102.655744,89.788797,196.082993,5,1,1,1,7.0,4,2,3,2,50073,Max Mustermann,private,False,occupied,owned,2024-02-06,370593.366579,5489.439868,732154.079477,815649.319213,1237.269726,214.381746,904.589227,EUR,False,7.411867,False,180.134444,False,2,2,False,24.706224,False,False,False,False,False,district_heating,electricity,B,10468.319603,good,False,False,320.0,6.636219,3.215311,2.585955,1.607656,2026-04-19T13:29:55,2026-04-19T13:29:55,732089.6521303453
100074,condominium,North Bundy Drive 1549,North Bundy Drive,1549,90049,Los Angeles,California,United States,34.0859251,-118.4853491,1979,2013.0,175.919313,154.533346,455.34653,2,0,1,1,5.0,2,1,1,0,50074,Max Mustermann,private,True,occupied,owned,2023-11-15,662264.846373,8726.66732,1362561.530796,1503986.103896,2079.876223,365.618809,1703.985135,EUR,True,13.245297,True,391.866333,True,0,0,True,44.15099,True,True,True,True,True,district_heating,electricity,B,20180.001961,good,True,True,876.0,13.281054,6.588843,5.277965,3.294421,2026-01-14T21:41:41,2026-01-14T21:41:41,1361007.0537909528
100075,bungalow,Mandeville Canyon Road 2104,Mandeville Canyon Road,2104,90049,Los Angeles,California,United States,34.0746769,-118.4973599,2013,2000.0,120.060859,105.170061,1187.428021,4,3,2,2,2.0,7,4,2,1,50075,Max Mustermann,private,True,occupied,owned,2018-02-10,1485856.523359,6258.50306,881919.016962,979176.440143,4459.141067,792.666345,3961.236397,EUR,True,29.71713,True,989.732884,True,1,1,True,99.057102,True,True,True,True,True,district_heating,electricity,B,12775.50918,good,True,True,94.0,8.214822,4.016756,3.225492,2.008378,2026-01-26T01:25:46,2026-01-26T01:25:46,889431.9979353735
100076,duplex,Texas Avenue 12428,Texas Avenue,12428,90025,Los Angeles,California,United States,34.0401931,-118.4689018,2010,2013.0,231.627732,203.764042,767.999712,6,2,2,2,5.0,5,3,3,2,50076,Max Mustermann,private,False,occupied,owned,2022-12-13,1013999.675803,11188.202103,1841913.04102,2027386.131276,3095.999063,547.999832,2667.999111,EUR,False,20.279994,False,647.199765,False,2,2,False,67.599978,False,False,False,False,False,district_heating,electricity,B,27564.606308,good,False,False,797.0,18.333678,9.154021,7.324926,4.577011,2026-03-28T03:15:12,2026-03-28T03:15:12,1821482.4410696207
100077,loft,Joffre Street 11344,Joffre Street,11344,90049,Los Angeles,California,United States,34.0698065,-118.4658181,1946,2012.0,133.653148,117.181852,668.339693,4,3,2,2,5.0,8,4,2,1,50077,Max Mustermann,private,True,occupied,owned,2014-04-25,901882.154096,6859.0926,998875.927287,1106880.742227,2772.104001,489.864821,2360.714052,EUR,True,18.037643,True,565.810749,True,1,1,True,60.125477,True,True,True,True,True,district_heating,electricity,B,14577.277799,good,True,True,520.0,9.447611,4.642633,3.72493,2.321317,2026-02-18T17:28:08,2026-02-18T17:28:08,1000668.8603403971
100078,mobile_home,North Norman Place 874,North Norman Place,874,90049,Los Angeles,California,United States,34.0772175,-118.4781205,1973,2003.0,91.949236,80.327232,821.537101,8,5,3,3,3.0,11,6,4,3,50078,Max Mustermann,private,False,occupied,owned,2025-10-20,1074229.238836,5016.361582,640028.308021,715057.936326,3269.995579,579.229976,2833.072729,EUR,False,21.484585,False,690.921966,False,3,3,False,71.615283,False,False,False,False,False,district_heating,electricity,B,9049.084745,good,False,False,599.0,5.665163,2.722314,2.192553,1.361157,2026-04-19T05:17:29,2026-04-19T05:17:29,640538.0215143345
100079,triplex,San Vicente Boulevard 12219,San Vicente Boulevard,12219,90049,Los Angeles,California,United States,34.0517345,-118.4761851,1924,2007.0,88.024914,76.859226,1011.422304,7,2,2,2,4.0,6,3,4,3,50079,Max Mustermann,private,False,occupied,owned,2011-07-24,1287850.092256,4842.961323,606260.889234,678187.565542,3887.122489,689.996344,3418.552105,EUR,False,25.757002,False,845.994882,False,3,3,False,85.856673,False,False,False,False,False,district_heating,electricity,B,8528.883969,good,False,False,177.0,5.309236,2.541612,2.048357,1.270806,2026-03-05T02:28:51,2026-03-05T02:28:51,606397.777974204
100080,single_family_home,North Tigertail Road 1233,North Tigertail Road,1233,90049,Los Angeles,California,United States,34.0792481,-118.4887619,1990,1994.0,155.694149,136.659945,931.199894,8,1,1,1,1.0,3,2,4,3,50080,Max Mustermann,private,False,occupied,owned,2011-01-11,1197599.880587,7832.997275,1188531.048202,1313963.63101,3626.399655,643.199938,3171.199673,EUR,False,23.951998,False,780.479913,False,3,3,False,79.839992,False,False,False,False,False,district_heating,electricity,B,17498.991824,good,False,False,994.0,11.446679,5.657545,4.534808,2.828772,2026-05-21T03:03:41,2026-05-21T03:03:41,1183725.0770427005
100081,triplex,Roscomare Road 2225,Roscomare Road,2225,90077,Los Angeles,California,United States,34.113033,-118.4639875,1908,2000.0,91.489446,79.920906,274.857686,3,2,2,2,2.0,6,3,2,1,50081,Max Mustermann,private,True,occupied,owned,2024-10-31,459214.897152,4996.045281,636071.975767,710738.049216,1493.287481,260.33365,1147.477866,EUR,True,9.184298,True,244.467111,True,1,1,True,30.614326,True,True,True,True,True,district_heating,electricity,B,8988.135843,good,True,True,437.0,5.623461,2.701142,2.175659,1.350571,2026-05-19T00:05:59,2026-05-19T00:05:59,637760.219583276
100082,triplex,Westridge Road 2024,Westridge Road,2024,90049,Los Angeles,California,United States,34.0720588,-118.5005656,1905,2024.0,160.685988,141.071338,38.520293,5,2,2,2,8.0,6,3,3,2,50082,Max Mustermann,private,False,occupied,owned,2015-02-10,193335.32927,8053.566907,1231484.081914,1360863.700252,725.190951,122.470171,418.770902,EUR,False,3.866707,False,51.458239,False,2,2,False,12.889022,False,False,False,False,False,district_heating,electricity,B,18160.700721,good,False,False,130.0,11.899427,5.887401,4.718229,2.943701,2026-03-02T05:26:31,2026-03-02T05:26:31,1229364.5363271309
100083,townhouse,Leonard Road 884,Leonard Road,884,90049,Los Angeles,California,United States,34.0746649,-118.4867733,1984,2005.0,228.03192,200.586348,378.543658,3,1,1,1,3.0,4,2,2,1,50083,Max Mustermann,private,True,occupied,owned,2016-06-28,575861.61488,11029.317394,1810972.334665,1993602.224877,1830.266887,320.817134,1467.176278,EUR,True,11.517232,True,329.143987,True,1,1,True,38.390774,True,True,True,True,True,district_heating,electricity,B,27087.952183,good,True,True,615.0,18.007546,8.988447,7.192801,4.494223,2026-05-04T06:55:25,2026-05-04T06:55:25,1812274.3056585654
100084,mobile_home,Cordelia Road 2642,Cordelia Road,2642,90049,Los Angeles,California,United States,34.0849859,-118.506953,1929,2000.0,120.871109,105.886096,321.289051,4,5,3,3,2.0,11,6,2,1,50084,Max Mustermann,private,True,occupied,owned,2011-10-16,511450.182567,6294.304799,888890.93451,986789.020384,1644.189416,287.418613,1290.641241,EUR,True,10.229004,True,282.386058,True,1,1,True,34.096679,True,True,True,True,True,district_heating,electricity,B,12882.914397,good,True,True,350.0,8.28831,4.054065,3.255264,2.027033,2026-01-16T05:24:00,2026-01-16T05:24:00,891199.2952059581
100085,duplex,Roscomare Road 2821,Roscomare Road,2821,90077,Los Angeles,California,United States,34.1257051,-118.4664869,1998,2019.0,82.153963,71.670944,253.179412,5,2,2,2,7.0,5,3,3,2,50085,Max Mustermann,private,False,occupied,owned,2015-03-23,434826.838842,4583.547212,555743.404441,623027.933498,1422.83309,247.687991,1080.636521,EUR,False,8.696537,False,226.763187,False,2,2,False,28.988456,False,False,False,False,False,district_heating,electricity,B,7750.641636,good,False,False,899.0,4.776755,2.271276,1.832634,1.135638,2026-04-10T08:59:50,2026-04-10T08:59:50,554327.1396525897
100086,villa,Barrington Avenue 818,Barrington Avenue,818,90049,Los Angeles,California,United States,34.0546327,-118.4666148,1937,2014.0,249.470585,219.532145,1131.491657,7,5,3,3,6.0,12,6,4,3,50086,Max Mustermann,private,False,occupied,owned,2012-04-07,1422928.114352,11976.607262,1995444.572016,2195025.96512,4277.347886,760.0368,3788.765943,EUR,False,28.458562,False,944.05152,False,3,3,False,94.861874,False,False,False,False,False,district_heating,electricity,B,29929.821785,good,False,False,693.0,19.951983,9.975622,7.980547,4.987811,2026-04-27T09:27:44,2026-04-27T09:27:44,1991429.6358001807
100087,mobile_home,North Norman Place 1240,North Norman Place,1240,90049,Los Angeles,California,United States,34.0835042,-118.4789471,1910,2007.0,144.548153,126.809996,1051.641152,7,5,3,3,4.0,11,6,4,3,50087,Max Mustermann,private,False,occupied,owned,2018-07-11,1333096.295738,7340.49979,1092623.643301,1209243.113226,4017.833743,713.457339,3542.560218,EUR,False,26.661926,False,878.840274,False,3,3,False,88.873086,False,False,False,False,False,district_heating,electricity,B,16021.49937,good,False,False,683.0,10.435763,5.14431,4.125258,2.572155,2026-05-23T21:45:31,2026-05-23T21:45:31,1092778.8654273825
100088,mobile_home,Hanover Street 12720,Hanover Street,12720,90049,Los Angeles,California,United States,34.0528261,-118.4854203,2009,,54.545524,47.272788,,6,5,3,3,,11,6,3,2,50088,Max Mustermann,private,False,occupied,owned,,,3363.639416,318182.412522,363637.012591,,,,EUR,False,,False,,False,2,2,False,,False,False,False,False,False,district_heating,electricity,B,4090.918247,good,False,False,,2.272734,1.000003,0.818184,0.500002,2026-02-09T06:18:13,2026-02-09T06:18:13,319603.53080603585
100089,condominium,Ridge Drive 2149,Ridge Drive,2149,90049,Los Angeles,California,United States,34.1075012,-118.4845805,1929,,45.130021,38.952111,,4,0,1,1,,2,1,2,1,50089,Max Mustermann,private,True,occupied,owned,,,2947.605567,237165.294536,275175.078358,,,,EUR,True,,True,,True,1,1,True,,True,True,True,True,True,district_heating,electricity,B,2842.8167,good,True,True,,1.418769,0.566452,0.472219,0.283226,2026-01-15T18:47:34,2026-01-15T18:47:34,236398.27089537977
100090,penthouse,South Saltair Avenue 166,South Saltair Avenue,166,90049,Los Angeles,California,United States,34.0595837,-118.4751039,2010,,58.574563,50.833335,,3,4,3,3,,10,5,2,1,50090,Max Mustermann,private,True,occupied,owned,,,3541.666738,352850.891149,401491.243308,,,,EUR,True,,True,,True,1,1,True,,True,True,True,True,True,district_heating,electricity,B,4625.000215,good,True,True,,2.638158,1.185526,0.966228,0.592763,2026-01-16T23:20:03,2026-01-16T23:20:03,348626.45077024517
100091,mobile_home,Roscomare Road 2841,Roscomare Road,2841,90077,Los Angeles,California,United States,34.1260073,-118.4666664,1912,2025.0,169.900899,149.214748,377.613457,8,5,3,3,8.0,11,6,4,3,50091,Max Mustermann,private,False,occupied,owned,2016-03-27,574815.139078,8460.737396,1310775.177151,1447441.00424,1827.243735,320.274517,1464.308159,EUR,False,11.496303,False,328.384323,False,3,3,False,38.321009,False,False,False,False,False,district_heating,electricity,B,19382.212189,good,False,False,956.0,12.735198,6.311716,5.056824,3.155858,2026-01-13T18:30:32,2026-01-13T18:30:32,1312921.9145328267
100092,single_family_home,Ridge Circle 2176,Ridge Circle,2176,90049,Los Angeles,California,United States,34.1075517,-118.4855137,1948,2004.0,205.297063,180.495079,786.526398,2,1,1,1,3.0,3,2,1,0,50092,Max Mustermann,private,True,occupied,owned,2020-03-03,1034842.198148,10024.753961,1615346.824071,1780000.316013,3156.210795,558.807066,2725.123062,EUR,True,20.696844,True,662.329892,True,0,0,True,68.98948,True,True,True,True,True,district_heating,electricity,B,24074.261884,good,True,True,932.0,15.945548,7.941586,6.357427,3.970793,2026-05-16T05:03:32,2026-05-16T05:03:32,1627299.7685380713
100093,studio,Gorham Avenue 11946 3/4,Gorham Avenue,11946 3/4,90049,Los Angeles,California,United States,34.0503816,-118.4699092,1935,2010.0,125.764393,110.210394,474.758281,1,4,3,3,5.0,9,5,1,0,50093,Max Mustermann,private,True,occupied,owned,2024-04-04,684103.066432,6510.519685,930995.938579,1032763.132935,2142.964414,376.942331,1763.838034,EUR,True,13.682061,True,407.719263,True,0,0,True,45.606871,True,True,True,True,True,district_heating,electricity,B,13531.559054,good,True,True,420.0,8.732119,4.279384,3.435064,2.139692,2026-01-21T05:04:38,2026-01-21T05:04:38,930814.0591394396
100094,villa,Montana Avenue 11664,Montana Avenue,11664,90049,Los Angeles,California,United States,34.0555735,-118.4660956,1958,,48.658457,42.070264,,2,5,3,3,,12,6,1,0,50094,Max Mustermann,private,True,occupied,owned,,,3103.513208,267526.256381,308325.966427,,,,EUR,True,,True,,True,0,0,True,,True,True,True,True,True,district_heating,electricity,B,3310.539625,good,True,True,,1.73879,0.728924,0.601869,0.364462,2026-01-18T21:55:15,2026-01-18T21:55:15,266223.2828178201
100095,townhouse,South Carmelina Avenue 1350,South Carmelina Avenue,1350,90025,Los Angeles,California,United States,34.0398672,-118.4672095,1981,1993.0,117.048147,102.507664,1097.457108,3,1,1,1,0.0,4,2,2,1,50095,Max Mustermann,private,True,occupied,owned,2018-03-08,1384639.24615,6125.383222,855995.680037,950870.958743,4166.7356,740.183313,3683.826082,EUR,True,27.692785,True,916.256638,True,1,1,True,92.309283,True,True,True,True,True,district_heating,electricity,B,12376.149665,good,True,True,641.0,7.941576,3.878031,3.114792,1.939015,2026-04-14T03:56:36,2026-04-14T03:56:36,853231.9629450549
100096,single_family_home,Burlingame Avenue 210,Burlingame Avenue,210,90049,Los Angeles,California,United States,34.0540732,-118.4901029,2006,2004.0,249.166097,219.263062,550.622223,3,1,1,1,3.0,3,2,2,1,50096,Max Mustermann,private,True,occupied,owned,2013-08-25,769450.000993,11963.153112,1992824.553444,2192165.188085,2389.522225,421.196297,1997.751855,EUR,True,15.389,True,469.674816,True,1,1,True,51.296667,True,True,True,True,True,district_heating,electricity,B,29889.459337,good,True,True,246.0,19.924367,9.961602,7.969359,4.980801,2026-03-05T18:38:02,2026-03-05T18:38:02,1991247.51048517
100097,loft,North Norman Place 1262,North Norman Place,1262,90049,Los Angeles,California,United States,34.0841827,-118.4791537,1946,1992.0,148.759584,130.531726,317.8562,7,3,2,2,0.0,8,4,4,3,50097,Max Mustermann,private,False,occupied,owned,2018-04-21,507588.224772,7526.586278,1128861.538433,1248810.9771,1633.032649,285.416117,1280.056616,EUR,False,10.151764,False,279.582563,False,3,3,False,33.839215,False,False,False,False,False,district_heating,electricity,B,16579.758835,good,False,False,771.0,10.81773,5.338232,4.280003,2.669116,2026-06-08T02:26:42,2026-06-08T02:26:42,1128799.397226668
100098,bungalow,Avondale Avenue 222,Avondale Avenue,222,90049,Los Angeles,California,United States,34.0528989,-118.4919335,1920,2010.0,243.781851,214.504892,295.953009,2,3,2,2,5.0,7,4,1,0,50098,Max Mustermann,private,True,occupied,owned,2017-12-20,482947.135387,11725.244587,1946494.998585,2141578.32278,1561.84728,272.639255,1212.521778,EUR,True,9.658943,True,261.694958,True,0,0,True,32.196476,True,True,True,True,True,district_heating,electricity,B,29175.733762,good,True,True,121.0,19.436028,9.713676,7.771519,4.856838,2026-05-30T18:33:20,2026-05-30T18:33:20,1946822.613096515
100099,duplex,North Bundy Drive 1191,North Bundy Drive,1191,90049,Los Angeles,California,United States,34.0806032,-118.4823969,1947,2015.0,220.067636,193.548143,673.641761,7,2,2,2,6.0,5,3,4,3,50099,Max Mustermann,private,False,occupied,owned,2014-09-13,907846.98112,10677.407171,1742442.449134,1918774.998514,2789.335723,492.957694,2377.062096,EUR,False,18.15694,False,570.140771,False,3,3,False,60.523132,False,False,False,False,False,district_heating,electricity,B,26032.221514,good,False,False,96.0,17.285204,8.621719,6.90016,4.31086,2026-03-08T06:42:45,2026-03-08T06:42:45,1741909.686265391
100100,mobile_home,South Bowling Green Way 132,South Bowling Green Way,132,90049,Los Angeles,California,United States,34.0585301,-118.4767047,1945,,37.46842,32.181394,,7,5,3,3,,11,6,4,3,50100,Max Mustermann,private,False,occupied,owned,,,2609.069708,171239.890594,203191.664324,,,,EUR,False,,False,,False,3,3,False,,False,False,False,False,False,district_heating,electricity,B,1827.209125,good,False,False,,0.72388,0.213662,0.1907,0.106831,2026-03-22T07:16:25,2026-03-22T07:16:25,168926.00174568951
100101,villa,South Gretna Green Way 844,South Gretna Green Way,844,90049,Los Angeles,California,United States,34.0487138,-118.4726463,1926,2007.0,189.955191,166.937146,315.28993,8,5,3,3,4.0,12,6,4,3,50101,Max Mustermann,private,False,occupied,owned,2025-01-12,504701.171506,9346.857284,1483335.365816,1635858.075108,1624.692273,283.919126,1272.143952,EUR,False,10.094023,False,277.486776,False,3,3,False,33.646745,False,False,False,False,False,district_heating,electricity,B,22040.571852,good,False,False,727.0,14.554075,7.235146,5.793702,3.617573,2026-02-03T21:41:19,2026-02-03T21:41:19,1481473.522908825
100102,studio,La Casa Lane 12117,La Casa Lane,12117,90049,Los Angeles,California,United States,34.0749492,-118.480495,1985,1994.0,181.567729,159.52497,701.503188,5,4,3,3,1.0,9,5,3,2,50102,Max Mustermann,private,False,occupied,owned,2015-12-28,939191.086802,8976.248506,1411164.182699,1557054.945434,2879.885362,509.210193,2462.968164,EUR,False,18.783822,False,592.89427,False,2,2,False,62.612739,False,False,False,False,False,district_heating,electricity,B,20928.745517,good,False,False,283.0,13.793352,6.848933,5.485512,3.424466,2026-04-28T10:59:48,2026-04-28T10:59:48,1407658.2028434784
100103,townhouse,South Kenter Avenue 119,South Kenter Avenue,119,90049,Los Angeles,California,United States,34.0579394,-118.4779399,1934,2003.0,150.448621,132.024363,1077.38746,1,1,1,1,3.0,4,2,1,0,50103,Max Mustermann,private,True,occupied,owned,2025-09-28,1362060.892863,7601.218139,1143395.111256,1264680.067426,4101.509246,728.476019,3621.944669,EUR,True,27.241218,True,899.866426,True,0,0,True,90.80406,True,True,True,True,True,district_heating,electricity,B,16803.654417,good,True,True,841.0,10.970921,5.416006,4.342066,2.708003,2026-01-19T00:29:39,2026-01-19T00:29:39,1143208.2561708519
100104,mobile_home,Mayfield Avenue 11748,Mayfield Avenue,11748,90049,Los Angeles,California,United States,34.0505962,-118.4643804,1989,2010.0,92.367416,80.696786,479.280606,2,5,3,3,5.0,11,6,1,0,50104,Max Mustermann,private,True,occupied,owned,2025-05-01,689190.68194,5034.839305,643626.601412,718986.883704,2157.66197,379.580354,1777.781869,EUR,True,13.783814,True,411.412495,True,0,0,True,45.946045,True,True,True,True,True,district_heating,electricity,B,9104.517914,good,True,True,346.0,5.703091,2.741569,2.207919,1.370785,2026-05-25T03:04:34,2026-05-25T03:04:34,640242.3047328149
100105,triplex,North Bowling Green Way 201,North Bowling Green Way,201,90049,Los Angeles,California,United States,34.0615164,-118.4777319,2019,2003.0,172.806787,151.782742,263.184911,5,2,2,2,3.0,6,3,3,2,50105,Max Mustermann,private,False,occupied,owned,2024-07-14,446083.024862,8589.137087,1335779.327373,1474742.833131,1455.350961,253.524531,1111.486809,EUR,False,8.92166,False,234.934344,False,2,2,False,29.738868,False,False,False,False,False,district_heating,electricity,B,19767.41126,good,False,False,131.0,12.998755,6.445522,5.163598,3.222761,2026-02-24T16:16:08,2026-02-24T16:16:08,1335378.490198988
100106,apartment,Dorothy Street 11759,Dorothy Street,11759,90049,Los Angeles,California,United States,34.0522331,-118.4666805,1987,,58.983717,51.194913,,6,0,1,1,,1,1,3,2,50106,Max Mustermann,private,False,occupied,owned,,,3559.745649,356371.521152,405335.390664,,,,EUR,False,,False,,False,2,2,False,,False,False,False,False,False,district_heating,electricity,B,4679.236947,good,False,False,,2.675267,1.204367,0.981262,0.602183,2026-03-31T02:56:15,2026-03-31T02:56:15,356042.2121636996
100107,townhouse,Beloit Avenue 267,Beloit Avenue,267,90049,Los Angeles,California,United States,34.0678511,-118.466363,1982,2021.0,128.474529,112.605398,1197.045128,2,1,1,1,7.0,4,2,1,0,50107,Max Mustermann,private,True,occupied,owned,2011-08-08,1496675.768768,6630.269881,954315.713738,1058225.806352,4490.396665,798.276325,3990.889144,EUR,True,29.933515,True,997.586854,True,0,0,True,99.778385,True,True,True,True,True,district_heating,electricity,B,13890.809644,good,True,True,925.0,8.977922,4.404176,3.534645,2.202088,2026-04-05T09:10:28,2026-04-05T09:10:28,952968.5449278629
100108,apartment,North Tigertail Road 1429,North Tigertail Road,1429,90049,Los Angeles,California,United States,34.0824838,-118.4888811,1909,2015.0,132.550597,116.207504,611.431552,5,0,1,1,6.0,1,1,3,2,50108,Max Mustermann,private,False,occupied,owned,2023-08-31,837860.496463,6810.37521,989388.856709,1096521.886785,2587.152545,456.668406,2185.247287,EUR,False,16.75721,False,519.335768,False,2,2,False,55.857366,False,False,False,False,False,district_heating,electricity,B,14431.12563,good,False,False,288.0,9.347612,4.591865,3.684417,2.295932,2026-05-20T22:19:39,2026-05-20T22:19:39,997573.3516595514
100109,triplex,Bentel Avenue 336,Bentel Avenue,336,90049,Los Angeles,California,United States,34.0502862,-118.4922096,1977,2019.0,240.070424,211.225026,109.091295,7,2,2,2,7.0,6,3,4,3,50109,Max Mustermann,private,False,occupied,owned,2024-03-29,272727.706435,11561.251311,1914559.465914,2106708.173593,954.546707,163.636589,636.364825,EUR,False,5.454554,False,109.091224,False,3,3,False,18.181847,False,False,False,False,False,district_heating,electricity,B,28683.753934,good,False,False,937.0,19.099411,9.542778,7.635146,4.771389,2026-06-17T16:00:42,2026-06-17T16:00:42,1914561.9415535154
100110,bungalow,Barrington Place 171,Barrington Place,171,90049,Los Angeles,California,United States,34.065187,-118.4690452,1981,1999.0,223.308382,196.412059,56.539651,3,3,2,2,2.0,7,4,2,1,50110,Max Mustermann,private,True,occupied,owned,2013-11-02,213607.106823,10820.602934,1770327.9397,1949222.939564,783.753864,132.981463,474.330589,EUR,True,4.272142,True,66.174048,True,1,1,True,14.240474,True,True,True,True,True,district_heating,electricity,B,26461.808801,good,True,True,153.0,17.579132,8.770944,7.019238,4.385472,2026-05-22T09:59:42,2026-05-22T09:59:42,1773754.4029724377
100111,duplex,Westgate Avenue 851,Westgate Avenue,851,90049,Los Angeles,California,United States,34.0510771,-118.4688815,1921,2006.0,91.628646,80.04392,131.578956,8,2,2,2,4.0,5,3,4,3,50111,Max Mustermann,private,False,occupied,owned,2021-12-24,298026.325973,5002.195982,637269.74389,712045.882517,1027.631608,176.754391,705.701782,EUR,False,5.960527,False,127.456148,False,3,3,False,19.868422,False,False,False,False,False,district_heating,electricity,B,9006.587946,good,False,False,439.0,5.636086,2.707552,2.180774,1.353776,2026-01-27T04:16:07,2026-01-27T04:16:07,637312.7136355609
100112,condominium,Tuallitan Road 461,Tuallitan Road,461,90049,Los Angeles,California,United States,34.067304,-118.4842738,1968,1998.0,142.626014,125.111361,752.93525,1,0,1,1,2.0,2,1,1,0,50112,Max Mustermann,private,True,occupied,owned,2026-05-10,997052.156299,7255.568074,1076084.309143,1191183.948362,3047.039563,539.212229,2621.550354,EUR,True,19.941043,True,634.897121,True,0,0,True,66.470144,True,True,True,True,True,district_heating,electricity,B,15766.704222,good,True,True,334.0,10.261429,5.055803,4.05463,2.527901,2026-01-28T23:35:09,2026-01-28T23:35:09,1078387.3847889882
100113,townhouse,Westridge Road 2061,Westridge Road,2061,90049,Los Angeles,California,United States,34.0730222,-118.5011342,1993,,73.410154,63.943857,,5,1,1,1,,4,2,3,2,50113,Max Mustermann,private,False,occupied,owned,,,4197.192865,480505.978981,540876.798671,,,,EUR,False,,False,,False,2,2,False,,False,False,False,False,False,district_heating,electricity,B,6591.578595,good,False,False,,3.983712,1.868654,1.51135,0.934327,2026-03-11T09:38:13,2026-03-11T09:38:13,479670.15236605046
100114,penthouse,Moreno Avenue 536,Moreno Avenue,536,90049,Los Angeles,California,United States,34.0474449,-118.4871735,1931,2005.0,231.214985,203.399289,950.495237,3,4,3,3,3.0,10,5,2,1,50114,Max Mustermann,private,True,occupied,owned,2015-06-29,1219307.14189,11169.964474,1838361.502788,2023508.235477,3689.109521,654.455555,3230.693648,EUR,True,24.386143,True,796.237777,True,1,1,True,81.287143,True,True,True,True,True,district_heating,electricity,B,27509.893421,good,True,True,514.0,18.296243,9.135016,7.30976,4.567508,2026-03-29T06:43:40,2026-03-29T06:43:40,1822218.438098687
100115,villa,Brinkley Avenue 1358,Brinkley Avenue,1358,90049,Los Angeles,California,United States,34.0525529,-118.496019,1920,2025.0,222.161493,195.398528,506.59196,2,5,3,3,8.0,12,6,1,0,50115,Max Mustermann,private,True,occupied,owned,2013-08-31,719915.95518,10769.926413,1760459.354198,1938447.51107,2246.423871,395.511977,1861.991877,EUR,True,14.398319,True,433.716767,True,0,0,True,47.994397,True,True,True,True,True,district_heating,electricity,B,26309.77924,good,True,True,700.0,17.475112,8.718134,6.977097,4.359067,2026-03-09T16:31:16,2026-03-09T16:31:16,1761464.5130642522
100116,triplex,Old Oak Lane 13201,Old Oak Lane,13201,90049,Los Angeles,California,United States,34.0594749,-118.4970389,1959,2024.0,99.16563,86.70451,76.233247,5,2,2,2,8.0,6,3,3,2,50116,Max Mustermann,private,False,occupied,owned,2020-05-14,235762.403305,5335.225519,702122.86418,782858.478726,847.758054,144.469394,535.052513,EUR,False,4.715248,False,82.257152,False,2,2,False,15.717494,False,False,False,False,False,district_heating,electricity,B,10005.676556,good,False,False,904.0,6.319673,3.054603,2.457714,1.527302,2026-01-14T02:40:27,2026-01-14T02:40:27,701302.9514297051
100117,townhouse,Kiowa Avenue 11901,Kiowa Avenue,11901,90049,Los Angeles,California,United States,34.0485217,-118.4659715,1948,2006.0,172.374141,151.400404,457.943144,4,1,1,1,4.0,4,2,2,1,50117,Max Mustermann,private,True,occupied,owned,2018-07-06,665186.036784,8570.020201,1332056.565502,1470677.979629,2088.315217,367.133501,1711.99136,EUR,True,13.303721,True,393.986901,True,1,1,True,44.345736,True,True,True,True,True,district_heating,electricity,B,19710.060604,good,True,True,423.0,12.959515,6.4256,5.147701,3.2128,2026-03-12T01:00:21,2026-03-12T01:00:21,1331645.8399785967
100118,mobile_home,18Th Helena Drive 12319,18Th Helena Drive,12319,90049,Los Angeles,California,United States,34.0571288,-118.4797261,1934,2017.0,165.928595,145.70434,1195.345656,3,5,3,3,6.0,11,6,2,1,50118,Max Mustermann,private,True,occupied,owned,2016-01-21,1494763.863324,8285.217009,1276594.891161,1410119.827105,4484.873383,797.284966,3985.649107,EUR,True,29.895277,True,996.198953,True,1,1,True,99.650924,True,True,True,True,True,district_heating,electricity,B,18855.651026,good,True,True,216.0,12.374919,6.128805,4.910865,3.064403,2026-02-03T20:16:10,2026-02-03T20:16:10,1282192.9622901746
100119,loft,Moreno Avenue 712,Moreno Avenue,712,90049,Los Angeles,California,United States,34.0431722,-118.4837775,2018,,67.860443,59.039461,,6,3,2,2,,8,4,3,2,50119,Max Mustermann,private,False,occupied,owned,,,3951.973051,432752.646817,488735.32247,,,,EUR,False,,False,,False,2,2,False,,False,False,False,False,False,district_heating,electricity,B,5855.919154,good,False,False,,3.480366,1.613109,1.30743,0.806554,2026-04-24T17:45:27,2026-04-24T17:45:27,438838.4606783345
100120,bungalow,South Church Lane 249,South Church Lane,249,90049,Los Angeles,California,United States,34.0692478,-118.4642985,1981,2015.0,198.939822,174.877052,634.937214,3,3,2,2,6.0,7,4,2,1,50120,Max Mustermann,private,True,occupied,owned,2024-05-09,864304.365884,9743.852601,1560644.980139,1720271.816152,2663.545946,470.380042,2257.723077,EUR,True,17.286087,True,538.532058,True,1,1,True,57.620291,True,True,True,True,True,district_heating,electricity,B,23231.557802,good,True,True,429.0,15.368961,7.648857,6.123835,3.824428,2026-05-24T00:07:04,2026-05-24T00:07:04,1563973.6252616087
100121,mobile_home,Homedale Street 11356,Homedale Street,11356,90049,Los Angeles,California,United States,34.0683568,-118.4651767,1988,2013.0,150.966491,132.482016,1165.294053,1,5,3,3,5.0,11,6,1,0,50121,Max Mustermann,private,True,occupied,owned,2025-06-08,1460955.809778,7624.100786,1147851.205721,1269545.640842,4387.205673,779.754864,3892.989997,EUR,True,29.219116,True,971.65681,True,0,0,True,97.397054,True,True,True,True,True,district_heating,electricity,B,16872.302358,good,True,True,413.0,11.017891,5.439852,4.361094,2.719926,2026-06-26T04:34:02,2026-06-26T04:34:02,1146062.9684113285
100122,loft,South Carmelina Avenue 140,South Carmelina Avenue,140,90049,Los Angeles,California,United States,34.0562023,-118.4802116,1971,2004.0,202.404693,177.939031,1032.935643,6,3,2,2,3.0,8,4,3,2,50122,Max Mustermann,private,False,occupied,owned,2022-06-29,1312052.598017,9896.951547,1590458.985467,1752825.486834,3957.040839,702.545792,3484.884898,EUR,False,26.241052,False,863.564108,False,2,2,False,87.470173,False,False,False,False,False,district_heating,electricity,B,23690.854641,good,False,False,264.0,15.683216,7.808402,6.251149,3.904201,2026-04-05T18:35:09,2026-04-05T18:35:09,1588858.6448615224
100123,single_family_home,Darlington Avenue 12243,Darlington Avenue,12243,90049,Los Angeles,California,United States,34.0462802,-118.472416,1928,1998.0,149.02604,130.767198,13.777226,8,1,1,1,2.0,3,2,4,3,50123,Max Mustermann,private,False,occupied,owned,2014-12-05,165499.379623,7538.359886,1131154.293561,1251314.417834,644.775986,108.036715,342.479781,EUR,False,3.309988,False,31.251402,False,3,3,False,11.033292,False,False,False,False,False,district_heating,electricity,B,16615.079658,good,False,False,736.0,10.841897,5.350501,4.289794,2.675251,2026-04-21T04:02:19,2026-04-21T04:02:19,1131842.3911280215
100124,duplex,Chaparal Street 11940,Chaparal Street,11940,90049,Los Angeles,California,United States,34.0636362,-118.4744875,1987,,35.122958,30.10866,,1,2,2,2,,5,3,1,0,50124,Max Mustermann,private,True,occupied,owned,,,2505.433013,151058.007837,181155.230178,,,,EUR,True,,True,,True,0,0,True,,True,True,True,True,True,district_heating,electricity,B,1516.29904,good,True,True,,0.511152,0.105662,0.104518,0.052831,2026-04-04T01:57:22,2026-04-04T01:57:22,160907.99918324017
100125,single_family_home,North Tigertail Road 800,North Tigertail Road,800,90049,Los Angeles,California,United States,34.0749962,-118.4826776,1941,2022.0,104.693552,91.589651,864.866183,2,1,1,1,8.0,3,2,1,0,50125,Max Mustermann,private,True,occupied,owned,2025-05-10,1122974.456136,5579.482542,749688.705459,834795.235149,3410.815096,604.505274,2966.670732,EUR,True,22.459489,True,726.307383,True,0,0,True,74.864964,True,True,True,True,True,district_heating,electricity,B,10738.447625,good,True,True,323.0,6.821043,3.309145,2.660833,1.654572,2026-02-23T21:15:42,2026-02-23T21:15:42,750262.9922374594
100126,townhouse,Wellesley Avenue 867,Wellesley Avenue,867,90049,Los Angeles,California,United States,34.0457265,-118.4753902,2007,,39.1875,33.700581,,6,1,1,1,,4,2,3,2,50126,Max Mustermann,private,False,occupied,owned,,,2685.029053,186031.973414,219343.019619,,,,EUR,False,,False,,False,2,2,False,,False,False,False,False,False,district_heating,electricity,B,2055.087158,good,False,False,,0.879796,0.29282,0.253866,0.14641,2026-01-27T11:49:35,2026-01-27T11:49:35,186300.37992637986
100127,villa,Sky Valley Road 13056,Sky Valley Road,13056,90049,Los Angeles,California,United States,34.1260062,-118.5083289,1998,2021.0,234.756202,206.528737,818.052443,5,5,3,3,7.0,12,6,3,2,50127,Max Mustermann,private,False,occupied,owned,2017-04-10,1070308.998186,11326.436855,1868832.44009,2056779.204855,3258.670439,577.197258,2822.328365,EUR,False,21.40618,False,688.076162,False,2,2,False,71.353933,False,False,False,False,False,district_heating,electricity,B,27979.310564,good,False,False,768.0,18.617423,9.298076,7.439879,4.649038,2026-04-15T19:47:09,2026-04-15T19:47:09,1871119.0316742659
100128,studio,South Burlingame Avenue 433,South Burlingame Avenue,433,90049,Los Angeles,California,United States,34.0499795,-118.4883266,1999,1995.0,223.925204,196.957157,644.364396,4,4,3,3,1.0,9,5,2,1,50128,Max Mustermann,private,True,occupied,owned,2011-04-04,874909.946052,10847.857839,1775635.473973,1955018.193203,2694.184289,475.879231,2286.790223,EUR,True,17.498199,True,546.230924,True,1,1,True,58.32733,True,True,True,True,True,district_heating,electricity,B,26543.573518,good,True,True,749.0,17.635077,8.799347,7.041903,4.399673,2026-03-02T05:51:51,2026-03-02T05:51:51,1778586.102975953
100129,studio,South Saltair Avenue 604,South Saltair Avenue,604,90049,Los Angeles,California,United States,34.0544105,-118.4734043,1907,1993.0,213.808089,188.016451,320.190228,1,4,3,3,0.0,9,5,1,0,50129,Max Mustermann,private,True,occupied,owned,2015-02-20,510214.006436,10400.822529,1688581.229318,1859964.36931,1640.618241,286.777633,1287.253203,EUR,True,10.20428,True,281.488686,True,0,0,True,34.014267,True,True,True,True,True,district_heating,electricity,B,25202.467587,good,True,True,713.0,16.717478,8.333489,6.670158,4.166744,2026-02-15T13:01:11,2026-02-15T13:01:11,1689279.916775646
100130,duplex,Brentridge Drive 11995,Brentridge Drive,11995,90049,Los Angeles,California,United States,34.0808757,-118.4781968,1929,1997.0,101.115537,88.427684,769.154158,4,2,2,2,1.0,5,3,2,1,50130,Max Mustermann,private,True,occupied,owned,2010-09-20,1015298.428083,5421.384191,718901.131995,801178.533313,3099.751014,548.673259,2671.558655,EUR,True,20.305969,True,648.142563,True,1,1,True,67.686562,True,True,True,True,True,district_heating,electricity,B,10264.152574,good,True,True,123.0,6.496525,3.14439,2.529362,1.572195,2026-03-27T13:51:42,2026-03-27T13:51:42,721524.1774641686
100131,villa,Bellagio Road 11742,Bellagio Road,11742,90049,Los Angeles,California,United States,34.0789034,-118.4702382,2005,,47.453911,41.005782,,2,5,3,3,,12,6,1,0,50131,Max Mustermann,private,True,occupied,owned,,,3050.289082,257161.558014,297008.836318,,,,EUR,True,,True,,True,0,0,True,,True,True,True,True,True,district_heating,electricity,B,3150.867245,good,True,True,,1.629541,0.673459,0.557609,0.33673,2026-03-05T08:10:50,2026-03-05T08:10:50,254227.79060083505
100132,penthouse,Bristol Circle 12770,Bristol Circle,12770,90049,Los Angeles,California,United States,34.0559477,-118.4872583,1904,1999.0,223.772064,196.821824,133.862608,2,4,3,3,2.0,10,5,1,0,50132,Max Mustermann,private,True,occupied,owned,2017-01-28,300595.434354,10841.091192,1774317.758527,1953579.390392,1035.053477,178.086522,712.743042,EUR,True,6.011909,True,129.32113,True,0,0,True,20.039696,True,True,True,True,True,district_heating,electricity,B,26523.273577,good,True,True,673.0,17.621187,8.792295,7.036276,4.396148,2026-06-29T03:24:55,2026-06-29T03:24:55,1779487.832732648
100133,bungalow,Mulholland Place 15739,Mulholland Place,15739,90049,Los Angeles,California,United States,34.1308228,-118.4764622,2003,2000.0,238.594131,209.920395,521.718301,8,3,2,2,2.0,7,4,4,3,50133,Max Mustermann,private,False,occupied,owned,2018-12-31,736933.088403,11496.01973,1901856.473801,2092837.879502,2295.584478,404.335675,1908.631427,EUR,False,14.738662,False,446.069946,False,3,3,False,49.128873,False,False,False,False,False,district_heating,electricity,B,28488.059191,good,False,False,700.0,18.965514,9.4748,7.580901,4.7374,2026-01-10T15:14:12,2026-01-10T15:14:12,1901758.7208680853
100134,penthouse,Mayfield Avenue 11711,Mayfield Avenue,11711,90049,Los Angeles,California,United States,34.0515946,-118.4638579,1940,,53.415492,46.274156,,2,4,3,3,,10,5,1,0,50134,Max Mustermann,private,True,occupied,owned,,,3313.707795,308458.886326,353019.973177,,,,EUR,True,,True,,True,0,0,True,,True,True,True,True,True,district_heating,electricity,B,3941.123384,good,True,True,,2.170242,0.947969,0.776662,0.473985,2026-04-28T11:19:52,2026-04-28T11:19:52,310134.6662424853
100135,bungalow,North Old Ranch Road 1739,North Old Ranch Road,1739,90049,Los Angeles,California,United States,34.0638417,-118.4969463,1951,2017.0,139.48795,122.338188,544.468448,3,3,2,2,6.0,7,4,2,1,50135,Max Mustermann,private,True,occupied,owned,2016-01-03,762527.003544,7116.909402,1049082.357136,1161700.7359,2369.522455,417.606594,1978.777713,EUR,True,15.25054,True,464.649232,True,1,1,True,50.835134,True,True,True,True,True,district_heating,electricity,B,15350.728205,good,True,True,225.0,9.976814,4.911306,3.939325,2.455653,2026-02-28T07:01:42,2026-02-28T07:01:42,1049175.7661320462
100136,triplex,Idaho Avenue 12410,Idaho Avenue,12410,90025,Los Angeles,California,United States,34.0362215,-118.4638615,1934,,49.880691,43.150379,,3,2,2,2,,6,3,2,1,50136,Max Mustermann,private,True,occupied,owned,,,3157.518925,278043.159167,319809.287306,,,,EUR,True,,True,,True,1,1,True,,True,True,True,True,True,district_heating,electricity,B,3472.556776,good,True,True,,1.849644,0.785204,0.646779,0.392602,2026-02-19T12:21:17,2026-02-19T12:21:17,280759.6043109247
100137,townhouse,Pesquera Drive 2520,Pesquera Drive,2520,90049,Los Angeles,California,United States,34.0813167,-118.5092258,1908,1994.0,198.529466,174.514411,1144.579113,8,1,1,1,1.0,4,2,4,3,50137,Max Mustermann,private,False,occupied,owned,2011-06-27,1437651.502153,9725.72057,1557114.005726,1716416.37382,4319.882117,767.671149,3829.118932,EUR,False,28.75303,False,954.739609,False,3,3,False,95.843433,False,False,False,False,False,district_heating,electricity,B,23177.16171,good,False,False,596.0,15.331742,7.629961,6.108757,3.814981,2026-01-18T08:22:41,2026-01-18T08:22:41,1569064.2659885678
100138,single_family_home,Majorca Place 817,Majorca Place,817,90049,Los Angeles,California,United States,34.0751495,-118.4810479,1927,2014.0,199.654402,175.508542,1051.023528,3,1,1,1,6.0,3,2,2,1,50138,Max Mustermann,private,True,occupied,owned,2014-09-25,1332401.469511,9775.427078,1566793.694218,1726985.5472,4015.826467,713.097058,3540.655879,EUR,True,26.648029,True,878.335882,True,1,1,True,88.826765,True,True,True,True,True,district_heating,electricity,B,23326.281235,good,True,True,796.0,15.433771,7.681761,6.150092,3.84088,2026-05-11T12:43:53,2026-05-11T12:43:53,1566778.4850899
100139,studio,South Westgate Avenue 710,South Westgate Avenue,710,90049,Los Angeles,California,United States,34.0538944,-118.4699149,2016,,62.604165,54.394378,,5,4,3,3,,9,5,3,2,50139,Max Mustermann,private,False,occupied,owned,,,3719.718913,387524.209325,439350.75829,,,,EUR,False,,False,,False,2,2,False,,False,False,False,False,False,district_heating,electricity,B,5159.156738,good,False,False,,3.003634,1.371075,1.114293,0.685538,2026-05-18T10:01:07,2026-05-18T10:01:07,386801.80041520036
100140,loft,Oakmont Drive 648,Oakmont Drive,648,90049,Los Angeles,California,United States,34.0686309,-118.489976,2020,2014.0,137.185711,120.303652,316.066861,7,3,2,2,6.0,8,4,4,3,50140,Max Mustermann,private,False,occupied,owned,2022-09-21,505575.218514,7015.182592,1029272.399483,1140070.403759,1627.217298,284.372336,1274.539488,EUR,False,10.111504,False,278.12127,False,3,3,False,33.705015,False,False,False,False,False,district_heating,electricity,B,15045.547776,good,False,False,300.0,9.768006,4.805296,3.854731,2.402648,2026-03-08T05:37:16,2026-03-08T05:37:16,1017444.3625208661
100141,condominium,South Barrington Avenue 247,South Barrington Avenue,247,90049,Los Angeles,California,United States,34.0632062,-118.468796,1972,2019.0,153.207773,134.462683,600.703336,4,0,1,1,7.0,2,1,2,1,50141,Max Mustermann,private,True,occupied,owned,2026-02-07,825791.252618,7723.134138,1167136.647966,1290603.25886,2552.285841,450.410279,2152.168618,EUR,True,16.515825,True,510.574391,True,1,1,True,55.05275,True,True,True,True,True,district_heating,electricity,B,17169.402415,good,True,True,217.0,11.22117,5.543056,4.443448,2.771528,2026-01-10T03:38:27,2026-01-10T03:38:27,1167703.4289346712
100142,apartment,Hanover Street 12740,Hanover Street,12740,90049,Los Angeles,California,United States,34.0528125,-118.4860951,2012,2023.0,91.987175,80.360759,214.382257,4,0,1,1,8.0,1,1,2,1,50142,Max Mustermann,private,True,occupied,owned,2017-01-21,391180.038716,5018.037975,640354.763539,715414.390459,1296.742334,225.056316,961.011958,EUR,True,7.823601,True,195.078843,True,1,1,True,26.078669,True,True,True,True,True,district_heating,electricity,B,9054.113925,good,True,True,523.0,5.668604,2.724061,2.193947,1.36203,2026-03-30T23:50:20,2026-03-30T23:50:20,640241.0071111356
100143,condominium,Casiano Road 2612,Casiano Road,2612,90077,Los Angeles,California,United States,34.1184349,-118.4740258,1991,2006.0,222.573104,195.762278,1095.153407,5,0,1,1,4.0,2,1,3,2,50143,Max Mustermann,private,False,occupied,owned,2014-10-08,1382047.583116,10788.11389,1764001.126008,1942314.742992,4159.248573,738.839488,3676.723006,EUR,False,27.640952,False,914.375283,False,2,2,False,92.136506,False,False,False,False,False,district_heating,electricity,B,26364.341671,good,False,False,438.0,17.512444,8.737087,6.992221,4.368544,2026-04-22T19:32:07,2026-04-22T19:32:07,1761827.788810416
100144,single_family_home,South Barrington Avenue 247,South Barrington Avenue,247,90049,Los Angeles,California,United States,34.0632062,-118.468796,1940,2025.0,125.974657,110.396209,1044.622284,7,1,1,1,8.0,3,2,4,3,50144,Max Mustermann,private,False,occupied,owned,2024-09-13,1325200.06928,6519.810432,932805.189372,1034738.639206,3995.022422,709.362999,3520.918708,EUR,False,26.504001,False,873.108198,False,3,3,False,88.346671,False,False,False,False,False,district_heating,electricity,B,13559.431296,good,False,False,326.0,8.75119,4.289066,3.44279,2.144533,2026-04-09T18:12:16,2026-04-09T18:12:16,932649.6205502738
100145,mobile_home,7Th Helena Drive 12306,7Th Helena Drive,12306,90049,Los Angeles,California,United States,34.0539205,-118.4785881,1927,1990.0,80.536614,70.241659,358.13375,6,5,3,3,0.0,11,6,3,2,50145,Max Mustermann,private,False,occupied,owned,2021-03-13,552900.468456,4512.082952,541826.680068,607832.374993,1763.934687,308.911354,1404.245728,EUR,False,11.058009,False,312.475896,False,2,2,False,36.860031,False,False,False,False,False,district_heating,electricity,B,7536.248855,good,False,False,997.0,4.630065,2.196802,1.773206,1.098401,2026-01-12T22:27:00,2026-01-12T22:27:00,542459.4183154347
100146,single_family_home,Sloan Drive 16414,Sloan Drive,16414,90049,Los Angeles,California,United States,34.1290374,-118.4906941,1983,1997.0,150.948659,132.466257,766.739394,8,1,1,1,1.0,3,2,4,3,50146,Max Mustermann,private,False,occupied,owned,2018-11-16,1012581.818069,7623.312843,1147697.764242,1269378.099335,3091.90303,547.264646,2664.113131,EUR,False,20.251636,False,646.170505,False,3,3,False,67.505455,False,False,False,False,False,district_heating,electricity,B,16869.93853,good,False,False,705.0,11.016274,5.439031,4.360439,2.719516,2026-05-14T17:43:46,2026-05-14T17:43:46,1145695.2162835884
100147,mobile_home,Brinkley Avenue 1358,Brinkley Avenue,1358,90049,Los Angeles,California,United States,34.0525529,-118.496019,1963,2024.0,191.93518,168.686903,730.764254,8,5,3,3,8.0,11,6,4,3,50147,Max Mustermann,private,False,occupied,owned,2024-06-02,972109.785442,9434.345156,1500372.477816,1654460.759562,2974.983825,526.279148,2553.189782,EUR,False,19.442196,False,616.790807,False,3,3,False,64.807319,False,False,False,False,False,district_heating,electricity,B,22303.035469,good,False,False,754.0,14.733656,7.326318,5.866455,3.663159,2026-06-21T06:23:27,2026-06-21T06:23:27,1500861.6702380818
100148,bungalow,Linda Flora Drive 960,Linda Flora Drive,960,90049,Los Angeles,California,United States,34.0856999,-118.4638573,1950,2007.0,78.247479,68.218702,183.407122,2,3,2,2,4.0,7,4,1,0,50148,Max Mustermann,private,True,occupied,owned,2020-04-16,356333.012542,4410.935102,522129.467271,586325.148047,1196.073147,206.987488,865.505294,EUR,True,7.12666,True,169.782483,True,0,0,True,23.755534,True,True,True,True,True,district_heating,electricity,B,7232.805307,good,True,True,620.0,4.422446,2.091396,1.689093,1.045698,2026-01-18T21:58:21,2026-01-18T21:58:21,519949.13537397975
100149,penthouse,Boca De Canon Lane 13166,Boca De Canon Lane,13166,90049,Los Angeles,California,United States,34.0716299,-118.4982563,2013,2011.0,102.019003,89.226095,915.01296,4,4,3,3,5.0,10,5,2,1,50149,Max Mustermann,private,True,occupied,owned,2013-03-16,1179389.580101,5461.304767,726675.138907,809666.908428,3573.79212,633.75756,3121.28996,EUR,True,23.587792,True,767.260584,True,1,1,True,78.625972,True,True,True,True,True,district_heating,electricity,B,10383.914302,good,True,True,274.0,6.578468,3.185991,2.562559,1.592996,2026-06-09T10:42:54,2026-06-09T10:42:54,727847.3404201497
100150,condominium,Dorothy Street 12228,Dorothy Street,12228,90049,Los Angeles,California,United States,34.0468838,-118.4725511,2017,1997.0,248.957112,219.078378,647.254836,4,0,1,1,1.0,2,1,2,1,50150,Max Mustermann,private,True,occupied,owned,2015-12-10,878161.690661,11953.918888,1991026.309823,2190201.700455,2703.578217,477.565321,2295.702411,EUR,True,17.563234,True,548.59145,True,1,1,True,58.544113,True,True,True,True,True,district_heating,electricity,B,29861.756665,good,True,True,751.0,19.905412,9.951979,7.96168,4.975989,2026-02-01T23:57:19,2026-02-01T23:57:19,1990940.3934203433
100151,bungalow,Foxboro Drive 11965,Foxboro Drive,11965,90049,Los Angeles,California,United States,34.0603129,-118.4743031,1982,2008.0,174.723782,153.476831,934.351774,2,3,2,2,4.0,7,4,1,0,50151,Max Mustermann,private,True,occupied,owned,2013-02-17,1201145.746151,8673.841548,1352274.406633,1492753.676432,3636.643267,645.038535,3180.917971,EUR,True,24.022915,True,783.053949,True,0,0,True,80.076383,True,True,True,True,True,district_heating,electricity,B,20021.524643,good,True,True,382.0,13.172622,6.533793,5.234037,3.266896,2026-05-10T09:42:26,2026-05-10T09:42:26,1352009.5056951076
100152,bungalow,Bayliss Road 13637,Bayliss Road,13637,90049,Los Angeles,California,United States,34.0764428,-118.5073618,1958,2017.0,129.191518,113.239016,636.424407,6,3,2,2,6.0,7,4,3,2,50152,Max Mustermann,private,False,occupied,owned,2015-07-14,865977.457463,6661.950797,960485.155242,1064962.169507,2668.379322,471.247571,2262.308587,EUR,False,17.319549,False,539.746599,False,2,2,False,57.73183,False,False,False,False,False,district_heating,electricity,B,13985.852392,good,False,False,913.0,9.042952,4.437191,3.560991,2.218595,2026-03-25T12:44:18,2026-03-25T12:44:18,953835.0497025347
100153,penthouse,12Th Helena Drive 12313,12Th Helena Drive,12313,90049,Los Angeles,California,United States,34.0553899,-118.4794097,1918,2000.0,146.278806,128.33941,0.686275,1,4,3,3,2.0,10,5,1,0,50153,Max Mustermann,private,True,occupied,owned,2022-08-04,150772.059773,7416.97049,1107515.305916,1225503.198892,602.230395,100.400327,302.116016,EUR,True,3.015441,True,20.560458,True,0,0,True,10.051471,True,True,True,True,True,district_heating,electricity,B,16250.91147,good,True,True,836.0,10.592729,5.224001,4.188849,2.612,2026-05-22T04:12:26,2026-05-22T04:12:26,1107169.8993991597
100154,loft,Roscomare Road 2247,Roscomare Road,2247,90077,Los Angeles,California,United States,34.1139334,-118.4639626,1933,,61.015902,52.990797,,4,3,2,2,,8,4,2,1,50154,Max Mustermann,private,True,occupied,owned,,,3649.539861,373857.762356,424428.475654,,,,EUR,True,,True,,True,1,1,True,,True,True,True,True,True,district_heating,electricity,B,4948.619582,good,True,True,,2.859582,1.297942,1.055933,0.648971,2026-06-20T12:43:47,2026-06-20T12:43:47,372489.24371696496
100155,studio,Goshen Avenue 12207,Goshen Avenue,12207,90049,Los Angeles,California,United States,34.0448737,-118.4694662,1917,2019.0,83.309927,72.692494,388.987268,4,4,3,3,7.0,9,5,2,1,50155,Max Mustermann,private,True,occupied,owned,2022-02-02,587610.676956,4634.624702,565690.073508,633888.620804,1864.208622,326.90924,1499.377411,EUR,True,11.752214,True,337.672936,True,1,1,True,39.174045,True,True,True,True,True,district_heating,electricity,B,7903.874105,good,True,True,844.0,4.881598,2.324504,1.875109,1.162252,2026-02-14T19:36:19,2026-02-14T19:36:19,567884.7967179863
100156,duplex,Mandeville Canyon Road 3408,Mandeville Canyon Road,3408,90049,Los Angeles,California,United States,34.1058581,-118.5027656,1931,1990.0,107.688396,94.236257,23.372091,1,2,2,2,0.0,5,3,1,0,50156,Max Mustermann,private,True,occupied,owned,2015-11-23,176293.602221,5711.81284,775458.289973,862932.835538,675.959295,113.63372,372.063947,EUR,True,3.525872,True,39.087208,True,0,0,True,11.752907,True,True,True,True,True,district_heating,electricity,B,11135.438521,good,True,True,107.0,7.092668,3.447047,2.770876,1.723524,2026-04-14T17:53:00,2026-04-14T17:53:00,769880.9861358005
100157,studio,Bristol Circle 12780,Bristol Circle,12780,90049,Los Angeles,California,United States,34.0557684,-118.4876365,1995,2006.0,161.486374,141.778657,1114.91834,2,4,3,3,4.0,9,5,1,0,50157,Max Mustermann,private,True,occupied,owned,2023-02-10,1404283.131957,8088.932825,1238371.129146,1368383.611284,4223.484603,750.369031,3737.66488,EUR,True,28.085663,True,930.516644,True,0,0,True,93.618875,True,True,True,True,True,district_heating,electricity,B,18266.798476,good,True,True,284.0,11.97202,5.924256,4.747639,2.962128,2026-03-19T09:13:27,2026-03-19T09:13:27,1227662.0483869694
100158,apartment,Beloit Avenue 173,Beloit Avenue,173,90049,Los Angeles,California,United States,34.0703518,-118.4664179,1971,2022.0,84.474668,73.721799,1054.466253,1,0,1,1,8.0,1,1,1,0,50158,Max Mustermann,private,True,occupied,owned,2019-08-11,1336274.535061,4686.08996,575712.255304,644831.759845,4027.015324,715.105314,3551.270948,EUR,True,26.725491,True,881.14744,True,0,0,True,89.084969,True,True,True,True,True,district_heating,electricity,B,8058.269879,good,True,True,891.0,4.987237,2.378136,1.917906,1.189068,2026-05-29T19:41:20,2026-05-29T19:41:20,576101.235994049
100159,mobile_home,Milldale Drive 15475,Milldale Drive,15475,90077,Los Angeles,California,United States,34.1263922,-118.4698563,1968,2001.0,82.346738,71.841303,997.998635,4,5,3,3,2.0,11,6,2,1,50159,Max Mustermann,private,True,occupied,owned,2023-02-02,1272748.464638,4592.065152,557402.161235,624839.116592,3843.495565,682.165871,3377.162459,EUR,True,25.454969,True,835.032219,True,1,1,True,84.849898,True,True,True,True,True,district_heating,electricity,B,7776.195457,good,True,True,82.0,4.794239,2.280152,1.839717,1.140076,2026-04-30T14:28:43,2026-04-30T14:28:43,556462.4982273359
100160,villa,North Tigertail Road 815,North Tigertail Road,815,90049,Los Angeles,California,United States,34.0750962,-118.4833417,1933,,50.263513,43.488686,,2,5,3,3,,12,6,1,0,50160,Max Mustermann,private,True,occupied,owned,,,3174.434317,281337.209117,323406.033738,,,,EUR,True,,True,,True,0,0,True,,True,True,True,True,True,district_heating,electricity,B,3523.302951,good,True,True,,1.884365,0.802832,0.660845,0.401416,2026-02-24T16:30:50,2026-02-24T16:30:50,282779.53039802046
100161,condominium,Westridge Road 1884,Westridge Road,1884,90049,Los Angeles,California,United States,34.0682004,-118.4985178,1995,2022.0,170.687136,149.909562,369.01695,1,0,1,1,8.0,2,1,1,0,50161,Max Mustermann,private,True,occupied,owned,2018-12-16,565144.069294,8495.478094,1317540.47095,1454827.973686,1799.305089,315.259888,1437.802264,EUR,True,11.302881,True,321.363843,True,0,0,True,37.676271,True,True,True,True,True,district_heating,electricity,B,19486.434282,good,True,True,874.0,12.806508,6.347919,5.085713,3.17396,2026-02-13T21:05:18,2026-02-13T21:05:18,1317818.258456026
100162,mobile_home,Kenfield Avenue 1033,Kenfield Avenue,1033,90049,Los Angeles,California,United States,34.0784672,-118.4838319,1974,1996.0,84.222484,73.498939,69.5102,6,5,3,3,1.0,11,6,3,2,50162,Max Mustermann,private,False,occupied,owned,2018-02-13,228198.974767,4674.946946,573542.300051,642462.403299,825.908149,140.547617,514.323116,EUR,False,4.563979,False,76.766663,False,2,2,False,15.213265,False,False,False,False,False,district_heating,electricity,B,8024.840839,good,False,False,373.0,4.964365,2.366524,1.90864,1.183262,2026-05-12T21:40:39,2026-05-12T21:40:39,575131.8819415764
100163,studio,South Saltair Avenue 170,South Saltair Avenue,170,90049,Los Angeles,California,United States,34.0592859,-118.475058,1954,2009.0,229.665303,202.029802,1053.611519,2,4,3,3,4.0,9,5,1,0,50163,Max Mustermann,private,True,occupied,owned,2014-12-02,1335312.958925,11101.490124,1825027.024061,2008948.426272,4024.237437,714.606719,3548.635517,EUR,True,26.706259,True,880.449407,True,0,0,True,89.020864,True,True,True,True,True,district_heating,electricity,B,27304.470371,good,True,True,460.0,18.15569,9.063658,7.252818,4.531829,2026-03-27T02:52:48,2026-03-27T02:52:48,1822716.1202590826
100164,duplex,North Anita Avenue 128,North Anita Avenue,128,90049,Los Angeles,California,United States,34.0584228,-118.4827287,2014,2022.0,219.821611,193.330726,1136.339334,4,2,2,2,8.0,5,3,2,1,50164,Max Mustermann,private,True,occupied,owned,2013-02-07,1428381.751152,10666.536302,1740325.490469,1916463.508513,4293.102837,762.864612,3803.712948,EUR,True,28.567635,True,948.010456,True,1,1,True,95.22545,True,True,True,True,True,district_heating,electricity,B,25999.608907,good,True,True,324.0,17.26289,8.61039,6.89112,4.305195,2026-03-02T21:19:14,2026-03-02T21:19:14,1741113.2004185566
100165,mobile_home,North Bonhill Road 420,North Bonhill Road,420,90049,Los Angeles,California,United States,34.0663115,-118.4818882,1974,,50.23433,43.462896,,5,5,3,3,,11,6,3,2,50165,Max Mustermann,private,False,occupied,owned,,,3173.144824,281086.097294,323131.846775,,,,EUR,False,,False,,False,2,2,False,,False,False,False,False,False,district_heating,electricity,B,3519.434472,good,False,False,,1.881718,0.801488,0.659773,0.400744,2026-02-20T04:01:02,2026-02-20T04:01:02,281861.0147690856
100166,triplex,Gorham Avenue 11948,Gorham Avenue,11948,90049,Los Angeles,California,United States,34.05027,-118.47008,1951,2002.0,86.170996,75.220881,102.784142,8,2,2,2,3.0,6,3,4,3,50166,Max Mustermann,private,False,occupied,owned,2021-06-06,265632.160292,4761.044027,590308.573583,660769.361425,934.048463,159.957416,616.917773,EUR,False,5.312643,False,103.940383,False,3,3,False,17.708811,False,False,False,False,False,district_heating,electricity,B,8283.13208,good,False,False,117.0,5.14109,2.456246,1.980237,1.228123,2026-03-04T15:39:54,2026-03-04T15:39:54,590592.6326246769
100167,condominium,3Rd Anita Drive 169 1/2,3Rd Anita Drive,169 1/2,90049,Los Angeles,California,United States,34.0548472,-118.4835809,1946,1999.0,178.830222,157.105778,583.188556,4,0,1,1,2.0,2,1,2,1,50167,Max Mustermann,private,True,occupied,owned,2021-01-25,806087.125477,8855.288894,1387608.889848,1531335.112158,2495.362807,440.193324,2098.164714,EUR,True,16.121743,True,496.270654,True,1,1,True,53.739142,True,True,True,True,True,district_heating,electricity,B,20565.866681,good,True,True,266.0,13.545067,6.72288,5.384924,3.36144,2026-01-19T14:26:56,2026-01-19T14:26:56,1390302.7124883567
100168,duplex,South Saltair Avenue 234,South Saltair Avenue,234,90049,Los Angeles,California,United States,34.0579544,-118.4736681,1928,2013.0,81.060914,70.704993,83.055022,3,2,2,2,5.0,5,3,2,1,50168,Max Mustermann,private,True,occupied,owned,2012-01-15,243436.899932,4535.24967,546338.093635,612758.350888,869.928822,148.448763,556.086318,EUR,True,4.868738,True,87.828268,True,1,1,True,16.229127,True,True,True,True,True,district_heating,electricity,B,7605.74901,good,True,True,985.0,4.677618,2.220944,1.792471,1.110472,2026-06-11T18:12:45,2026-06-11T18:12:45,544338.7995734201
100169,bungalow,Parkyns Street 12830,Parkyns Street,12830,90049,Los Angeles,California,United States,34.059807,-118.4901569,1917,,63.447047,55.139251,,8,3,2,2,,7,4,4,3,50169,Max Mustermann,private,False,occupied,owned,,,3756.962563,394776.920141,447269.934425,,,,EUR,False,,False,,False,3,3,False,,False,False,False,False,False,district_heating,electricity,B,5270.887689,good,False,False,,3.080081,1.409887,1.145264,0.704944,2026-06-28T12:31:25,2026-06-28T12:31:25,393595.80236977874
100170,single_family_home,Mandeville Lane 1737,Mandeville Lane,1737,90049,Los Angeles,California,United States,34.0645221,-118.4919416,1965,2000.0,236.135562,207.747706,912.722598,4,1,1,1,2.0,3,2,2,1,50170,Max Mustermann,private,True,occupied,owned,2011-01-21,1176812.923097,11387.385286,1880701.345074,2069738.765973,3566.348445,632.421516,3114.228011,EUR,True,23.536258,True,765.390122,True,1,1,True,78.454195,True,True,True,True,True,district_heating,electricity,B,28162.155857,good,True,True,630.0,18.742528,9.361591,7.490563,4.680795,2026-03-04T04:41:44,2026-03-04T04:41:44,1880501.9868535036
100171,loft,South Bundy Drive 814,South Bundy Drive,814,90049,Los Angeles,California,United States,34.0503618,-118.4718618,1963,2024.0,157.774265,138.498188,919.001315,8,3,2,2,8.0,8,4,4,3,50171,Max Mustermann,private,False,occupied,owned,2012-06-17,1183876.479564,7924.909387,1206429.722652,1333507.048517,3586.754274,636.084101,3133.587388,EUR,False,23.67753,False,770.517741,False,3,3,False,78.925099,False,False,False,False,False,district_heating,electricity,B,17774.72816,good,False,False,947.0,11.63534,5.753327,4.61124,2.876663,2026-01-02T03:49:27,2026-01-02T03:49:27,1211848.8994443985
100172,apartment,South Gretna Green Way 630,South Gretna Green Way,630,90049,Los Angeles,California,United States,34.0528355,-118.4757327,1911,2023.0,136.624271,119.807495,154.069757,7,0,1,1,8.0,1,1,4,3,50172,Max Mustermann,private,False,occupied,owned,2013-06-06,323328.477075,6990.37475,1024441.398677,1134795.47315,1100.726712,189.874025,775.048419,EUR,False,6.46657,False,145.823635,False,3,3,False,21.555232,False,False,False,False,False,district_heating,electricity,B,14971.12425,good,False,False,785.0,9.717085,4.779443,3.834101,2.389722,2026-02-26T05:51:44,2026-02-26T05:51:44,1020226.5198988054
100173,villa,Chalon Road 12903,Chalon Road,12903,90049,Los Angeles,California,United States,34.0791902,-118.4975585,1996,1990.0,203.693176,179.077691,570.338854,4,5,3,3,0.0,12,6,2,1,50173,Max Mustermann,private,True,occupied,owned,2024-01-28,791631.210433,9953.884531,1601545.934938,1764931.237067,2453.601275,432.697665,2058.544799,EUR,True,15.832624,True,485.776731,True,1,1,True,52.775414,True,True,True,True,True,district_heating,electricity,B,23861.653592,good,True,True,372.0,15.800079,7.867732,6.298493,3.933866,2026-05-13T14:03:35,2026-05-13T14:03:35,1589717.3238257277
100174,villa,North Norman Place 1241,North Norman Place,1241,90049,Los Angeles,California,United States,34.0832292,-118.4790747,1906,2010.0,208.611855,183.42443,659.764312,2,5,3,3,5.0,12,6,1,0,50174,Max Mustermann,private,True,occupied,owned,2013-08-03,892234.851218,10171.221479,1643869.445868,1811143.935489,2744.234015,484.862515,2334.273296,EUR,True,17.844697,True,558.807522,True,0,0,True,59.482323,True,True,True,True,True,district_heating,electricity,B,24513.664436,good,True,True,267.0,16.246191,8.09422,6.479226,4.04711,2026-03-05T03:29:08,2026-03-05T03:29:08,1641846.472501038
100175,duplex,Chaparal Street 11817,Chaparal Street,11817,90049,Los Angeles,California,United States,34.0655897,-118.4730476,2010,,75.938132,66.177884,,2,2,2,2,,5,3,1,0,50175,Max Mustermann,private,True,occupied,owned,,,4308.894186,502258.341569,564628.027011,,,,EUR,True,,True,,True,0,0,True,,True,True,True,True,True,district_heating,electricity,B,6926.682559,good,True,True,,4.212993,1.985058,1.604238,0.992529,2026-04-29T21:33:35,2026-04-29T21:33:35,503383.2287950363
100176,studio,South Bristol Avenue 741,South Bristol Avenue,741,90049,Los Angeles,California,United States,34.0449379,-118.4798102,1914,,55.840125,48.416855,,7,4,3,3,,9,5,4,3,50176,Max Mustermann,private,False,occupied,owned,,,3420.842735,329322.006323,375800.244742,,,,EUR,False,,False,,False,3,3,False,,False,False,False,False,False,district_heating,electricity,B,4262.528206,good,False,False,,2.390151,1.059615,0.865753,0.529808,2026-06-02T10:48:57,2026-06-02T10:48:57,330449.08597019536
100177,single_family_home,Darlington Avenue 11756,Darlington Avenue,11756,90049,Los Angeles,California,United States,34.0512736,-118.4656077,1919,2021.0,127.676004,111.899725,318.067955,6,1,1,1,7.0,3,2,3,2,50177,Max Mustermann,private,False,occupied,owned,2025-04-06,507826.449069,6594.986233,947444.687452,1050723.388461,1633.720853,285.53964,1280.709527,EUR,False,10.156529,False,279.755496,False,2,2,False,33.855097,False,False,False,False,False,district_heating,electricity,B,13784.958699,good,False,False,721.0,8.905498,4.367407,3.505304,2.183703,2026-04-24T19:52:46,2026-04-24T19:52:46,947124.2585913695
100178,studio,Ridge Circle 12377,Ridge Circle,12377,90049,Los Angeles,California,United States,34.1080535,-118.4850419,1980,1991.0,126.069404,110.479938,1046.919649,7,4,3,3,0.0,9,5,4,3,50178,Max Mustermann,private,False,occupied,owned,2019-06-21,1327784.605465,6523.996919,933620.452587,1035628.8185,4002.48886,710.703129,3528.002252,EUR,False,26.555692,False,874.98438,False,3,3,False,88.518974,False,False,False,False,False,district_heating,electricity,B,13571.990756,good,False,False,561.0,8.759783,4.293428,3.446271,2.146714,2026-05-10T13:53:58,2026-05-10T13:53:58,932335.2764962849
100179,condominium,South Gretna Green Way 852,South Gretna Green Way,852,90049,Los Angeles,California,United States,34.0485193,-118.472557,1920,1997.0,135.410304,118.734687,507.765528,7,0,1,1,1.0,2,1,4,3,50179,Max Mustermann,private,False,occupied,owned,2023-05-18,721236.219271,6936.734346,1013995.635868,1123389.829434,2250.237967,396.196558,1865.610379,EUR,False,14.424724,False,434.675181,False,3,3,False,48.082415,False,False,False,False,False,district_heating,electricity,B,14810.203039,good,False,False,455.0,9.606981,4.723544,3.789495,2.361772,2026-05-21T14:57:10,2026-05-21T14:57:10,1014765.5137289176
100180,mobile_home,Park Lane Drive 16556,Park Lane Drive,16556,90049,Los Angeles,California,United States,34.1293282,-118.4938805,2001,2013.0,191.751308,168.524411,254.157847,8,5,3,3,5.0,11,6,4,3,50180,Max Mustermann,private,False,occupied,owned,2011-06-05,435927.577347,9426.22057,1498790.321501,1652733.215909,1426.013001,248.258744,1083.65336,EUR,False,8.718552,False,227.562241,False,3,3,False,29.061838,False,False,False,False,False,district_heating,electricity,B,22278.66171,good,False,False,955.0,14.716979,7.317851,5.859699,3.658925,2026-05-02T14:16:48,2026-05-02T14:16:48,1500515.5432593552
100181,duplex,Antelo View Drive 3000,Antelo View Drive,3000,90077,Los Angeles,California,United States,34.1274433,-118.4650703,1987,2009.0,179.773378,157.939264,647.155307,1,2,2,2,4.0,5,3,1,0,50181,Max Mustermann,private,True,occupied,owned,2018-08-19,878049.719852,8896.963199,1395724.412493,1540196.385532,2703.254746,477.507262,2295.395528,EUR,True,17.560994,True,548.510167,True,0,0,True,58.536648,True,True,True,True,True,district_heating,electricity,B,20690.889598,good,True,True,986.0,13.630609,6.766309,5.41958,3.383155,2026-03-05T20:17:49,2026-03-05T20:17:49,1399847.929984969
100182,mobile_home,San Vicente Boulevard 11726,San Vicente Boulevard,11726,90049,Los Angeles,California,United States,34.0530246,-118.4664484,1954,2005.0,246.59552,216.99139,875.917283,2,5,3,3,3.0,11,6,1,0,50182,Max Mustermann,private,True,occupied,owned,2018-07-24,1135406.943271,11849.569508,1970705.641027,2168013.726959,3446.731169,610.951748,3000.744956,EUR,True,22.708139,True,735.332448,True,0,0,True,75.693796,True,True,True,True,True,district_heating,electricity,B,29548.708524,good,True,True,708.0,19.691222,9.843236,7.874905,4.921618,2026-05-14T15:40:15,2026-05-14T15:40:15,1970125.9417031885
100183,studio,Linda Flora Drive 991,Linda Flora Drive,991,90049,Los Angeles,California,United States,34.087409,-118.4642286,1976,,56.159842,48.699396,,1,4,3,3,,9,5,1,0,50183,Max Mustermann,private,True,occupied,owned,,,3434.969776,332073.061631,378804.099727,,,,EUR,True,,True,,True,0,0,True,,True,True,True,True,True,district_heating,electricity,B,4304.909328,good,True,True,,2.419148,1.074337,0.877501,0.537168,2026-03-12T14:04:45,2026-03-12T14:04:45,331535.97558084084
100184,penthouse,Westgate Avenue 1160,Westgate Avenue,1160,90049,Los Angeles,California,United States,34.0475528,-118.4643873,1908,1993.0,121.563576,106.498044,241.381276,7,4,3,3,0.0,10,5,4,3,50184,Max Mustermann,private,False,occupied,owned,2023-05-14,421553.935576,6324.90218,894849.371889,993294.989847,1384.489147,240.805744,1044.258935,EUR,False,8.431079,False,217.128042,False,3,3,False,28.103596,False,False,False,False,False,district_heating,electricity,B,12974.70654,good,False,False,519.0,8.351115,4.085951,3.280708,2.042975,2026-03-15T07:17:21,2026-03-15T07:17:21,895318.9766770826
100185,townhouse,Granville Avenue 180,Granville Avenue,180,90049,Los Angeles,California,United States,34.0616361,-118.4704725,1949,2005.0,107.95006,94.467495,374.05955,6,1,1,1,3.0,4,2,3,2,50185,Max Mustermann,private,False,occupied,owned,2020-07-01,570816.993256,5723.374751,777709.819981,865391.262898,1815.693536,318.201404,1453.350278,EUR,False,11.41634,False,325.481965,False,2,2,False,38.054466,False,False,False,False,False,district_heating,electricity,B,11170.124254,good,False,False,196.0,7.116401,3.459096,2.780491,1.729548,2026-03-23T17:05:08,2026-03-23T17:05:08,768728.0542190153
100186,single_family_home,South Carmelina Avenue 1543,South Carmelina Avenue,1543,90025,Los Angeles,California,United States,34.0370303,-118.464512,1948,1995.0,220.259595,193.717782,1194.179228,2,1,1,1,1.0,3,2,1,0,50186,Max Mustermann,private,True,occupied,owned,2021-11-13,1493451.631492,10685.889095,1744094.192253,1920578.523433,4481.082491,796.60455,3982.05262,EUR,True,29.869033,True,995.24637,True,0,0,True,99.563442,True,True,True,True,True,district_heating,electricity,B,26057.667286,good,True,True,321.0,17.302614,8.630558,6.907213,4.315279,2026-02-08T07:24:44,2026-02-08T07:24:44,1744171.9524879602
100187,triplex,North Bristol Avenue 220,North Bristol Avenue,220,90049,Los Angeles,California,United States,34.0593445,-118.4884576,1976,1995.0,88.461112,77.244703,779.853669,4,2,2,2,1.0,6,3,2,1,50187,Max Mustermann,private,True,occupied,owned,2015-08-22,1027335.377813,4862.235172,610014.217753,682285.794519,3134.524425,554.91464,2704.548813,EUR,True,20.546708,True,656.880496,True,1,1,True,68.489025,True,True,True,True,True,district_heating,electricity,B,8586.705517,good,True,True,192.0,5.348799,2.561698,2.064385,1.280849,2026-02-09T22:13:04,2026-02-09T22:13:04,609446.9711232579
100188,single_family_home,North Bundy Drive 1110,North Bundy Drive,1110,90049,Los Angeles,California,United States,34.0798421,-118.482054,1959,,75.894915,66.139693,,4,1,1,1,,3,2,2,1,50188,Max Mustermann,private,True,occupied,owned,,,4306.98463,501886.480616,564221.99505,,,,EUR,True,,True,,True,1,1,True,,True,True,True,True,True,district_heating,electricity,B,6920.953891,good,True,True,,4.209074,1.983068,1.60265,0.991534,2026-04-17T13:21:34,2026-04-17T13:21:34,503738.6171607066
100189,studio,Leonard Road 810,Leonard Road,810,90049,Los Angeles,California,United States,34.0730081,-118.4884965,1967,2021.0,131.451913,115.236574,525.720101,4,4,3,3,7.0,9,5,2,1,50189,Max Mustermann,private,True,occupied,owned,2022-05-30,741435.113285,6761.828704,979935.063491,1086199.366623,2308.590327,406.670059,1920.97031,EUR,True,14.828702,True,449.338082,True,1,1,True,49.429008,True,True,True,True,True,district_heating,electricity,B,14285.486113,good,True,True,302.0,9.247964,4.541274,3.644047,2.270637,2026-04-30T13:03:13,2026-04-30T13:03:13,987195.3441383991
100190,studio,Moreno Avenue 666,Moreno Avenue,666,90049,Los Angeles,California,United States,34.0437443,-118.4841547,1932,1994.0,125.704553,110.157512,621.091009,8,4,3,3,1.0,9,5,4,3,50190,Max Mustermann,private,False,occupied,owned,2010-04-05,848727.385398,6507.875578,930481.033694,1032200.912465,2618.54578,462.303089,2215.030612,EUR,False,16.974548,False,527.224324,False,3,3,False,56.581826,False,False,False,False,False,district_heating,electricity,B,13523.626735,good,False,False,812.0,8.726692,4.276628,3.432865,2.138314,2026-04-18T12:57:49,2026-04-18T12:57:49,930929.4626674198
100191,apartment,Moraga Drive 1061,Moraga Drive,1061,90049,Los Angeles,California,United States,34.0843722,-118.469778,2024,2024.0,94.887206,82.923577,145.205035,3,0,1,1,8.0,1,1,2,1,50191,Max Mustermann,private,True,occupied,owned,2025-04-04,313355.664422,5146.178874,665308.517634,742661.192227,1071.916364,184.702937,747.715525,EUR,True,6.267113,True,138.584112,True,1,1,True,20.890378,True,True,True,True,True,district_heating,electricity,B,9438.536623,good,True,True,624.0,5.93163,2.857597,2.300507,1.428798,2026-05-30T22:01:54,2026-05-30T22:01:54,664591.5627750213
100192,penthouse,Mandeville Canyon Road 3466,Mandeville Canyon Road,3466,90049,Los Angeles,California,United States,34.1094105,-118.5010088,1970,1998.0,88.708386,77.463225,269.636804,7,4,3,3,2.0,10,5,4,3,50192,Max Mustermann,private,False,occupied,owned,2026-03-02,453341.404993,4873.161255,612141.928582,684609.024722,1476.319614,257.288136,1131.380147,EUR,False,9.066828,False,240.20339,False,3,3,False,30.22276,False,False,False,False,False,district_heating,electricity,B,8619.483765,good,False,False,601.0,5.371226,2.573084,2.073471,1.286542,2026-05-28T12:30:00,2026-05-28T12:30:00,611964.966911224
100193,triplex,Leven Lane 12179,Leven Lane,12179,90049,Los Angeles,California,United States,34.0645637,-118.4786242,2010,1998.0,233.502104,205.420464,405.702675,3,2,2,2,2.0,6,3,2,1,50193,Max Mustermann,private,True,occupied,owned,2012-07-27,606415.508899,11271.023193,1858041.358661,2044996.510538,1918.533692,336.659894,1550.91658,EUR,True,12.12831,True,351.323851,True,1,1,True,40.427701,True,True,True,True,True,district_heating,electricity,B,27813.069579,good,True,True,319.0,18.503679,9.240329,7.393798,4.620165,2026-04-01T09:48:24,2026-04-01T09:48:24,1871009.9382085458
100194,loft,Montana Avenue 12308 3/4,Montana Avenue,12308 3/4,90049,Los Angeles,California,United States,34.0477618,-118.4754974,2020,2020.0,130.27311,114.194842,705.970462,5,3,2,2,7.0,8,4,3,2,50194,Max Mustermann,private,False,occupied,owned,2025-04-16,944216.769917,6709.742078,969791.878349,1075124.105008,2894.404002,511.816103,2476.742258,EUR,False,18.884335,False,596.542544,False,2,2,False,62.947785,False,False,False,False,False,district_heating,electricity,B,14129.226234,good,False,False,814.0,9.14105,4.486994,3.600733,2.243497,2026-04-18T17:47:47,2026-04-18T17:47:47,970416.4098861137
100195,apartment,Lindenwood Lane 1025,Lindenwood Lane,1025,90049,Los Angeles,California,United States,34.0781302,-118.4863315,1901,2025.0,220.190058,193.65633,276.137679,8,0,1,1,8.0,1,1,4,3,50195,Max Mustermann,private,False,occupied,owned,2022-01-16,460654.889005,10682.816495,1743495.843809,1919925.191619,1497.447457,261.080313,1151.424511,EUR,False,9.213098,False,245.512438,False,3,3,False,30.710326,False,False,False,False,False,district_heating,electricity,B,26048.449486,good,False,False,648.0,17.296308,8.627356,6.904658,4.313678,2026-05-20T19:57:14,2026-05-20T19:57:14,1743499.82941695
100196,condominium,North Tigertail Road 438,North Tigertail Road,438,90049,Los Angeles,California,United States,34.0663212,-118.4787593,1987,2000.0,153.319942,134.561809,264.260861,4,0,1,1,2.0,2,1,2,1,50196,Max Mustermann,private,True,occupied,owned,2015-12-26,447293.46901,7728.090468,1168101.828032,1291657.131149,1458.847799,254.152169,1114.804322,EUR,True,8.945869,True,235.813037,True,1,1,True,29.819565,True,True,True,True,True,district_heating,electricity,B,17184.271405,good,True,True,488.0,11.231344,5.548221,4.44757,2.77411,2026-05-05T07:17:27,2026-05-05T07:17:27,1168853.347394246
100197,triplex,North Tigertail Road 1527,North Tigertail Road,1527,90049,Los Angeles,California,United States,34.0830623,-118.4883281,1992,,45.876491,39.611783,,2,2,2,2,,6,3,1,0,50197,Max Mustermann,private,True,occupied,owned,,,2980.58913,243588.409621,282188.42564,,,,EUR,True,,True,,True,0,0,True,,True,True,True,True,True,district_heating,electricity,B,2941.767391,good,True,True,,1.486472,0.600824,0.499648,0.300412,2026-05-05T00:24:21,2026-05-05T00:24:21,240837.12236285023
100198,duplex,Cordelia Road 2668,Cordelia Road,2668,90049,Los Angeles,California,United States,34.0847051,-118.5079975,1914,2006.0,249.845731,219.863669,85.191703,8,2,2,2,4.0,5,3,4,3,50198,Max Mustermann,private,False,occupied,owned,2024-05-17,245840.666112,11993.18345,1998672.566564,2198550.586194,876.873035,149.69516,562.674418,EUR,False,4.916813,False,89.573224,False,3,3,False,16.389378,False,False,False,False,False,district_heating,electricity,B,29979.55035,good,False,False,969.0,19.986008,9.992896,7.994332,4.996448,2026-06-21T21:51:25,2026-06-21T21:51:25,1994888.3905429034
100199,townhouse,South Anita Avenue 341,South Anita Avenue,341,90049,Los Angeles,California,United States,34.0514933,-118.4815659,1987,2023.0,214.745931,188.845241,757.323549,2,1,1,1,8.0,4,2,1,0,50199,Max Mustermann,private,True,occupied,owned,2017-08-18,1001988.992315,10442.262058,1696651.032398,1868775.721862,3061.301533,541.77207,2635.080942,EUR,True,20.03978,True,638.480898,True,0,0,True,66.799266,True,True,True,True,True,district_heating,electricity,B,25326.786175,good,True,True,647.0,16.802538,8.376673,6.704618,4.188337,2026-02-12T14:58:08,2026-02-12T14:58:08,1695515.1448271545
100200,apartment,Old Ranch Road 1776,Old Ranch Road,1776,90049,Los Angeles,California,United States,34.0654926,-118.4996704,2013,2017.0,243.334195,214.109289,274.730141,1,0,1,1,6.0,1,1,1,0,50200,Max Mustermann,private,True,occupied,owned,2012-07-02,459071.408145,11705.464444,1942643.075977,2137372.439715,1492.872957,260.259249,1147.0846,EUR,True,9.181428,True,244.362948,True,0,0,True,30.604761,True,True,True,True,True,district_heating,electricity,B,29116.393333,good,True,True,458.0,19.395427,9.693063,7.75507,4.846531,2026-06-09T17:01:58,2026-06-09T17:01:58,1944282.982016408
100201,townhouse,Leonard Road 885,Leonard Road,885,90049,Los Angeles,California,United States,34.0748591,-118.4866081,1968,2003.0,234.168901,206.009727,1086.504016,1,1,1,1,3.0,4,2,1,0,50201,Max Mustermann,private,True,occupied,owned,2016-08-01,1372317.017558,11300.486339,1863778.918565,2051261.305676,4131.138051,733.794009,3650.054048,EUR,True,27.44634,True,907.311613,True,0,0,True,91.487801,True,True,True,True,True,district_heating,electricity,B,27901.459016,good,True,True,420.0,18.564156,9.271033,7.418299,4.635517,2026-04-11T18:36:42,2026-04-11T18:36:42,1867625.849812237
100202,penthouse,West Evanston Street 12712,West Evanston Street,12712,90049,Los Angeles,California,United States,34.051266,-118.4846567,1996,2024.0,217.469583,191.25219,1031.56248,2,4,3,3,8.0,10,5,1,0,50202,Max Mustermann,private,True,occupied,owned,2019-10-02,1310507.790343,10562.609477,1720087.108666,1894365.383517,3952.578061,701.74478,3480.650981,EUR,True,26.210156,True,862.442692,True,0,0,True,87.367186,True,True,True,True,True,district_heating,electricity,B,25687.828431,good,True,True,274.0,17.049567,8.502088,6.804696,4.251044,2026-01-07T02:41:27,2026-01-07T02:41:27,1719454.643781006
100203,condominium,Mandeville Canyon Road 2637,Mandeville Canyon Road,2637,90049,Los Angeles,California,United States,34.0863564,-118.5041112,1934,,70.756889,61.599111,,4,0,1,1,,2,1,2,1,50203,Max Mustermann,private,True,occupied,owned,,,4079.955551,457675.554617,515948.44342,,,,EUR,True,,True,,True,1,1,True,,True,True,True,True,True,district_heating,electricity,B,6239.866652,good,True,True,,3.743067,1.74648,1.413858,0.87324,2026-02-04T14:11:03,2026-02-04T14:11:03,453199.9418066005
100204,condominium,Roscomare Road 1520,Roscomare Road,1520,90077,Los Angeles,California,United States,34.0971324,-118.4641514,1998,2002.0,139.412842,122.271814,85.02882,3,0,1,1,3.0,2,1,2,1,50204,Max Mustermann,private,True,occupied,owned,2013-07-19,245657.42235,7113.590692,1048436.082084,1160995.07341,876.343665,149.600145,562.172195,EUR,True,4.913148,True,89.440203,True,1,1,True,16.377161,True,True,True,True,True,district_heating,electricity,B,15340.772075,good,True,True,191.0,9.970002,4.907847,3.936565,2.453924,2026-03-08T12:20:13,2026-03-08T12:20:13,1050546.8506679805
100205,villa,San Vicente Boulevard 12627,San Vicente Boulevard,12627,90049,Los Angeles,California,United States,34.050858,-118.4818796,1982,2009.0,80.955669,70.611987,285.605561,7,5,3,3,4.0,12,6,4,3,50205,Max Mustermann,private,False,occupied,owned,2020-03-05,471306.256398,4530.599342,545432.503518,611769.544382,1528.218074,266.603244,1180.617147,EUR,False,9.426125,False,253.244542,False,3,3,False,31.420417,False,False,False,False,False,district_heating,electricity,B,7591.798027,good,False,False,571.0,4.668072,2.216098,1.788604,1.108049,2026-04-27T10:21:48,2026-04-27T10:21:48,544697.4546497699
100206,loft,Barrington Court 11733,Barrington Court,11733,90049,Los Angeles,California,United States,34.0642001,-118.4699058,1943,2015.0,121.223663,106.197656,802.773334,8,3,2,2,6.0,8,4,4,3,50206,Max Mustermann,private,False,occupied,owned,2010-01-27,1053120.0007,6309.882779,891924.541216,990101.39095,3209.013335,568.284445,2775.21778,EUR,False,21.0624,False,675.598223,False,3,3,False,70.208,False,False,False,False,False,district_heating,electricity,B,12929.648338,good,False,False,555.0,8.320286,4.070299,3.268218,2.035149,2026-04-08T08:48:53,2026-04-08T08:48:53,891353.6775718175
100207,condominium,Rochedale Lane 12340,Rochedale Lane,12340,90049,Los Angeles,California,United States,34.0722455,-118.4839523,1914,,47.606611,41.140726,,8,0,1,1,,2,1,4,3,50207,Max Mustermann,private,False,occupied,owned,,,3057.0363,258475.489949,298443.507944,,,,EUR,False,,False,,False,3,3,False,,False,False,False,False,False,district_heating,electricity,B,3171.108899,good,False,False,,1.64339,0.68049,0.56322,0.340245,2026-04-18T08:53:05,2026-04-18T08:53:05,256157.6277721853
100208,studio,Firth Avenue 676,Firth Avenue,676,90049,Los Angeles,California,United States,34.0735424,-118.4758674,1937,2013.0,116.479221,102.004893,257.084169,4,4,3,3,5.0,9,5,2,1,50208,Max Mustermann,private,True,occupied,owned,2026-03-13,439219.68995,6100.24463,851100.270107,945525.700333,1435.523549,249.965765,1092.676187,EUR,True,8.784394,True,229.952071,True,1,1,True,29.281313,True,True,True,True,True,district_heating,electricity,B,12300.733891,good,True,True,143.0,7.889976,3.851834,3.093888,1.925917,2026-05-01T00:47:34,2026-05-01T00:47:34,852193.6622628602
100209,single_family_home,South Bundy Drive 951,South Bundy Drive,951,90049,Los Angeles,California,United States,34.0475561,-118.4703193,1955,2018.0,246.841401,217.20868,158.774218,7,1,1,1,7.0,3,2,4,3,50209,Max Mustermann,private,False,occupied,owned,2026-02-21,328620.995779,11860.434016,1972821.360992,2170323.864435,1116.01621,192.618294,789.55384,EUR,False,6.57242,False,149.665612,False,3,3,False,21.908066,False,False,False,False,False,district_heating,electricity,B,29581.302048,good,False,False,823.0,19.713522,9.854558,7.88394,4.927279,2026-01-14T11:14:41,2026-01-14T11:14:41,1976374.878499614
100210,single_family_home,Promontory Road 12475,Promontory Road,12475,90049,Los Angeles,California,United States,34.1044198,-118.4869275,1920,2023.0,92.018658,80.388581,1122.617089,1,1,1,1,8.0,3,2,1,0,50210,Max Mustermann,private,True,occupied,owned,2015-11-28,1412944.224784,5019.429053,640625.657618,715710.177508,4248.505538,754.859968,3761.40269,EUR,True,28.258884,True,936.803956,True,0,0,True,94.196282,True,True,True,True,True,district_heating,electricity,B,9058.287158,good,True,True,98.0,5.67146,2.72551,2.195104,1.362755,2026-01-18T20:02:48,2026-01-18T20:02:48,640864.1585920199
100211,mobile_home,South Gretna Green Way 854,South Gretna Green Way,854,90049,Los Angeles,California,United States,34.0484908,-118.4725391,1958,2018.0,203.575179,178.973414,685.251712,3,5,3,3,7.0,11,6,2,1,50211,Max Mustermann,private,True,occupied,owned,2021-03-24,920908.175989,9948.670719,1600530.613605,1763822.615936,2827.068064,499.730165,2412.859445,EUR,True,18.418164,True,579.622231,True,1,1,True,61.393878,True,True,True,True,True,district_heating,electricity,B,23846.012156,good,True,True,931.0,15.789377,7.862299,6.294158,3.931149,2026-01-08T07:12:53,2026-01-08T07:12:53,1587282.3879760182
100212,loft,Mandeville Canyon Road 1610,Mandeville Canyon Road,1610,90049,Los Angeles,California,United States,34.0607724,-118.4935262,1900,1997.0,132.826799,116.45159,567.205232,7,3,2,2,1.0,8,4,4,3,50212,Max Mustermann,private,False,occupied,owned,2014-01-03,788105.885521,6822.57949,991765.479577,1099116.902025,2443.417003,430.869718,2048.882797,EUR,False,15.762118,False,483.217606,False,3,3,False,52.540392,False,False,False,False,False,district_heating,electricity,B,14467.738469,good,False,False,162.0,9.372663,4.604583,3.694566,2.302291,2026-01-06T19:09:15,2026-01-06T19:09:15,997101.9785859674
100213,studio,North Bundy Drive 310,North Bundy Drive,310,90049,Los Angeles,California,United States,34.0640621,-118.4764136,2022,2005.0,125.946609,110.371422,941.543309,1,4,3,3,3.0,9,5,1,0,50213,Max Mustermann,private,True,occupied,owned,2021-05-21,1209236.222793,6518.571117,932563.849082,1034475.1217,3660.015755,649.233597,3203.09187,EUR,True,24.184724,True,788.927036,True,0,0,True,80.615748,True,True,True,True,True,district_heating,electricity,B,13555.713351,good,True,True,206.0,8.748646,4.287774,3.441759,2.143887,2026-02-02T15:42:07,2026-02-02T15:42:07,932404.5768620125
100214,single_family_home,North Bowling Green Way 237,North Bowling Green Way,237,90049,Los Angeles,California,United States,34.0624757,-118.4778109,1992,2004.0,240.823293,211.890352,968.996397,7,1,1,1,3.0,3,2,4,3,50214,Max Mustermann,private,False,occupied,owned,2012-05-21,1240120.946985,11594.517588,1921037.63559,2113781.634537,3749.238291,665.247898,3287.738892,EUR,False,24.802419,False,811.347058,False,3,3,False,82.67473,False,False,False,False,False,district_heating,electricity,B,28783.552765,good,False,False,692.0,19.167694,9.577445,7.662809,4.788722,2026-05-25T06:29:44,2026-05-25T06:29:44,1919548.2810906607
100215,duplex,San Vicente Boulevard 11991,San Vicente Boulevard,11991,90049,Los Angeles,California,United States,34.0525864,-118.4723289,2012,1994.0,249.015878,219.130311,228.491897,5,2,2,2,1.0,5,3,3,2,50215,Max Mustermann,private,False,occupied,owned,2024-01-10,407053.384389,11956.51555,1991531.975562,2190753.832775,1342.598666,233.28694,1004.516683,EUR,False,8.141068,False,206.601716,False,2,2,False,27.136892,False,False,False,False,False,district_heating,electricity,B,29869.546651,good,False,False,213.0,19.910742,9.954685,7.963839,4.977342,2026-03-07T11:10:38,2026-03-07T11:10:38,1991674.8766327025
100216,studio,Stonehill Lane 906,Stonehill Lane,906,90049,Los Angeles,California,United States,34.0749816,-118.4847594,1992,2011.0,154.49019,135.595981,116.316977,8,4,3,3,5.0,9,5,4,3,50216,Max Mustermann,private,False,occupied,owned,2016-09-10,280856.599209,7779.799072,1178171.3983,1302652.013279,978.030175,167.85157,658.644013,EUR,False,5.617132,False,114.992198,False,3,3,False,18.723773,False,False,False,False,False,district_heating,electricity,B,17339.397217,good,False,False,861.0,11.337482,5.602106,4.49057,2.801053,2026-06-05T23:45:07,2026-06-05T23:45:07,1176112.907971449
100217,penthouse,San Vicente Boulevard 11990,San Vicente Boulevard,11990,90049,Los Angeles,California,United States,34.052062,-118.4723995,1933,1991.0,189.457779,166.497572,517.261419,5,4,3,3,0.0,10,5,3,2,50217,Max Mustermann,private,False,occupied,owned,2024-05-01,731919.096249,9324.878615,1479055.309298,1631184.716099,2281.099611,401.735828,1894.889375,EUR,False,14.638382,False,442.430159,False,2,2,False,48.794606,False,False,False,False,False,district_heating,electricity,B,21974.635846,good,False,False,746.0,14.508961,7.212242,5.775425,3.606121,2026-02-11T09:06:37,2026-02-11T09:06:37,1479167.1465543255
100218,bungalow,Dorothy Street 11826,Dorothy Street,11826,90049,Los Angeles,California,United States,34.0511932,-118.4672033,2024,,68.281317,59.411397,,7,3,2,2,,7,4,4,3,50218,Max Mustermann,private,False,occupied,owned,,,3970.56984,436374.126757,492689.587054,,,,EUR,False,,False,,False,3,3,False,,False,False,False,False,False,district_heating,electricity,B,5911.70952,good,False,False,,3.518538,1.632489,1.322895,0.816244,2026-01-07T09:36:43,2026-01-07T09:36:43,440338.6467281997
100219,townhouse,Promontory Road 12667,Promontory Road,12667,90049,Los Angeles,California,United States,34.1059217,-118.4926239,1964,2025.0,98.792182,86.374487,508.294348,8,1,1,1,8.0,4,2,4,3,50219,Max Mustermann,private,False,occupied,owned,2021-05-21,721831.141077,5318.724342,698909.477165,779349.807499,2251.95663,396.505036,1867.240905,EUR,False,14.436623,False,435.107051,False,3,3,False,48.122076,False,False,False,False,False,district_heating,electricity,B,9956.173027,good,False,False,482.0,6.285803,3.037407,2.443992,1.518704,2026-04-07T12:45:12,2026-04-07T12:45:12,700174.7560061952
100220,studio,North Canyon View Drive 166,North Canyon View Drive,166,90049,Los Angeles,California,United States,34.0592281,-118.4842448,1997,2004.0,243.272513,214.054779,560.429602,3,4,3,3,3.0,9,5,2,1,50220,Max Mustermann,private,True,occupied,owned,2023-08-29,780483.30185,11702.738967,1942112.325193,2136792.917238,2421.396205,426.917268,2027.991272,EUR,True,15.609666,True,477.684175,True,1,1,True,52.03222,True,True,True,True,True,district_heating,electricity,B,29108.216902,good,True,True,660.0,19.389833,9.690223,7.752804,4.845111,2026-01-20T18:44:53,2026-01-20T18:44:53,1942627.483318331
100221,villa,North Canyon View Drive 190,North Canyon View Drive,190,90049,Los Angeles,California,United States,34.0602143,-118.4850694,1922,2004.0,159.523763,140.044255,874.891019,4,5,3,3,3.0,12,6,2,1,50221,Max Mustermann,private,True,occupied,owned,2014-06-18,1134252.396771,8002.212763,1221483.53801,1349944.187449,3443.395813,610.353095,2997.580643,EUR,True,22.685048,True,734.494332,True,1,1,True,75.616826,True,True,True,True,True,district_heating,electricity,B,18006.638288,good,True,True,115.0,11.794016,5.833885,4.675524,2.916942,2026-06-10T07:06:44,2026-06-10T07:06:44,1223661.0009935112
100222,villa,San Vicente Boulevard 11668,San Vicente Boulevard,11668,90049,Los Angeles,California,United States,34.0536703,-118.4642159,1964,1990.0,151.571968,133.017088,808.037457,5,5,3,3,0.0,12,6,3,2,50222,Max Mustermann,private,False,occupied,owned,2013-06-06,1059042.138846,7650.854413,1153061.122542,1275234.306776,3226.121734,571.355183,2791.448825,EUR,False,21.180843,False,679.897256,False,2,2,False,70.602809,False,False,False,False,False,district_heating,electricity,B,16952.563239,good,False,False,444.0,11.072806,5.467732,4.383342,2.733866,2026-03-19T21:38:51,2026-03-19T21:38:51,1146145.0330700644
100223,townhouse,North Gunston Drive 141,North Gunston Drive,141,90049,Los Angeles,California,United States,34.0714853,-118.4702932,2016,1994.0,195.814745,172.115356,1180.998254,4,1,1,1,1.0,4,2,2,1,50223,Max Mustermann,private,True,occupied,owned,2018-05-22,1478623.035344,9605.767824,1533754.786701,1690910.631966,4438.244324,788.915648,3941.411282,EUR,True,29.572461,True,984.481907,True,1,1,True,98.574869,True,True,True,True,True,district_heating,electricity,B,22817.303471,good,True,True,440.0,15.085523,7.504958,6.009007,3.752479,2026-01-31T18:50:02,2026-01-31T18:50:02,1534528.56909112
100224,villa,Dorothy Street 11732,Dorothy Street,11732,90049,Los Angeles,California,United States,34.0523538,-118.4657593,1913,,47.290534,40.861402,,1,5,3,3,,12,6,1,0,50224,Max Mustermann,private,True,occupied,owned,,,3043.070093,255755.754879,295473.851273,,,,EUR,True,,True,,True,0,0,True,,True,True,True,True,True,district_heating,electricity,B,3129.210278,good,True,True,,1.614723,0.665936,0.551606,0.332968,2026-03-30T17:27:42,2026-03-30T17:27:42,254390.56597925985
100225,duplex,Kiowa Avenue 11956,Kiowa Avenue,11956,90049,Los Angeles,California,United States,34.0472253,-118.4670656,2011,1993.0,160.598183,140.993743,118.101445,1,2,2,2,0.0,5,3,1,0,50225,Max Mustermann,private,True,occupied,owned,2013-08-16,282864.126055,8049.687147,1230728.549749,1360038.740807,983.829697,168.89251,664.146123,EUR,True,5.657283,True,116.449514,True,0,0,True,18.857608,True,True,True,True,True,district_heating,electricity,B,18149.061442,good,True,True,660.0,11.891463,5.883358,4.715003,2.941679,2026-04-05T02:32:41,2026-04-05T02:32:41,1230592.531939108
100226,bungalow,South Carmelina Avenue 1135,South Carmelina Avenue,1135,90049,Los Angeles,California,United States,34.0425383,-118.4715861,1980,2004.0,143.112832,125.541573,483.145539,6,3,2,2,3.0,7,4,3,2,50226,Max Mustermann,private,False,occupied,owned,2022-02-05,693538.730838,7277.078638,1080273.208401,1195757.773497,2170.223,381.834897,1789.698744,EUR,False,13.870775,False,414.568856,False,2,2,False,46.235915,False,False,False,False,False,district_heating,electricity,B,15831.235913,good,False,False,529.0,10.305582,5.078219,4.072518,2.539109,2026-03-29T00:54:26,2026-03-29T00:54:26,1081822.5615584333
100227,mobile_home,Mandeville Canyon Road 2282,Mandeville Canyon Road,2282,90049,Los Angeles,California,United States,34.0778143,-118.4997554,1938,1994.0,218.334777,192.016779,407.163126,1,5,3,3,1.0,11,6,1,0,50227,Max Mustermann,private,True,occupied,owned,2021-11-23,608058.517283,10600.838974,1727531.800289,1902494.181938,1923.280161,337.511824,1555.41964,EUR,True,12.16117,True,352.516553,True,0,0,True,40.537234,True,True,True,True,True,district_heating,electricity,B,25802.516923,good,True,True,591.0,17.128038,8.541927,6.836487,4.270963,2026-05-06T03:27:23,2026-05-06T03:27:23,1725660.2979023838
100228,mobile_home,North Kenter Avenue 417,North Kenter Avenue,417,90049,Los Angeles,California,United States,34.0666019,-118.4849357,2007,,68.848037,59.912218,,1,5,3,3,,11,6,1,0,50228,Max Mustermann,private,True,occupied,owned,,,3995.610915,441250.546688,498014.110438,,,,EUR,True,,True,,True,0,0,True,,True,True,True,True,True,district_heating,electricity,B,5986.832746,good,True,True,,3.569938,1.658584,1.343719,0.829292,2026-06-12T14:45:09,2026-06-12T14:45:09,443963.40474753064
100229,triplex,Jonesboro Drive 1401,Jonesboro Drive,1401,90049,Los Angeles,California,United States,34.0537635,-118.4987591,1981,1992.0,241.567464,212.547992,1034.007044,8,2,2,2,0.0,6,3,4,3,50229,Max Mustermann,private,False,occupied,owned,2010-01-05,1313257.924076,11627.399581,1927440.971058,2120773.384614,3960.522892,703.170775,3488.188385,EUR,False,26.265158,False,864.439086,False,3,3,False,87.550528,False,False,False,False,False,district_heating,electricity,B,28882.198743,good,False,False,307.0,19.235189,9.611711,7.690153,4.805856,2026-04-22T05:46:33,2026-04-22T05:46:33,1930433.3053662062
100230,loft,Barrington Avenue 751,Barrington Avenue,751,90049,Los Angeles,California,United States,34.0551648,-118.4674242,1964,,52.223965,45.221178,,3,3,2,2,,8,4,2,1,50230,Max Mustermann,private,True,occupied,owned,,,3261.05892,298206.210695,341825.159786,,,,EUR,True,,True,,True,1,1,True,,True,True,True,True,True,district_heating,electricity,B,3783.176759,good,True,True,,2.062174,0.893104,0.732881,0.446552,2026-06-16T08:39:51,2026-06-16T08:39:51,296430.61278004956
100231,studio,Bellagio Road 11737,Bellagio Road,11737,90049,Los Angeles,California,United States,34.0790877,-118.469914,1977,,74.952367,65.306743,,1,4,3,3,,9,5,1,0,50231,Max Mustermann,private,True,occupied,owned,,,4265.337129,493776.177814,555366.421181,,,,EUR,True,,True,,True,0,0,True,,True,True,True,True,True,district_heating,electricity,B,6796.011388,good,True,True,,4.123587,1.939667,1.568017,0.969834,2026-05-18T15:29:27,2026-05-18T15:29:27,496578.54887094133
100232,loft,Moreno Avenue 589,Moreno Avenue,589,90049,Los Angeles,California,United States,34.0450298,-118.4867082,1925,2011.0,162.932548,143.05667,298.387601,2,3,2,2,5.0,8,4,1,0,50232,Max Mustermann,private,True,occupied,owned,2023-06-08,485686.050792,8152.833511,1250814.946933,1381970.915029,1569.759702,274.059434,1220.028436,EUR,True,9.713721,True,263.683207,True,0,0,True,32.37907,True,True,True,True,True,district_heating,electricity,B,18458.500534,good,True,True,616.0,12.103185,5.990848,4.800777,2.995424,2026-06-01T08:20:54,2026-06-01T08:20:54,1252207.2004776602
100233,condominium,North Bundy Drive 901,North Bundy Drive,901,90049,Los Angeles,California,United States,34.077048,-118.4814498,1919,1994.0,180.170699,158.290385,228.25069,3,0,1,1,1.0,2,1,2,1,50233,Max Mustermann,private,True,occupied,owned,2017-04-09,406782.026395,8914.519259,1399143.224168,1543929.35828,1341.814743,233.146236,1003.772961,EUR,True,8.135641,True,206.40473,True,1,1,True,27.118802,True,True,True,True,True,district_heating,electricity,B,20743.557778,good,True,True,931.0,13.666645,6.784604,5.434179,3.392302,2026-03-04T02:17:56,2026-03-04T02:17:56,1399586.6539310857
100234,townhouse,Canyonback Road 2342,Canyonback Road,2342,90049,Los Angeles,California,United States,34.1109722,-118.4946777,1947,2022.0,85.568837,74.68874,538.336257,2,1,1,1,8.0,4,2,1,0,50234,Max Mustermann,private,True,occupied,owned,2020-12-16,755628.289575,4734.437003,585127.205752,655111.867902,2349.592837,414.029483,1959.870127,EUR,True,15.112566,True,459.641277,True,0,0,True,50.375219,True,True,True,True,True,district_heating,electricity,B,8203.311008,good,True,True,61.0,5.086476,2.428519,1.958111,1.214259,2026-04-26T07:48:29,2026-04-26T07:48:29,586705.3963076955
100235,townhouse,Mountain Crest Lane 12670,Mountain Crest Lane,12670,90049,Los Angeles,California,United States,34.1051617,-118.4928451,1997,,60.775622,52.778457,,2,1,1,1,,4,2,1,0,50235,Max Mustermann,private,True,occupied,owned,,,3638.922832,371790.235802,422170.960173,,,,EUR,True,,True,,True,0,0,True,,True,True,True,True,True,district_heating,electricity,B,4916.768497,good,True,True,,2.837789,1.286877,1.047104,0.643439,2026-05-26T19:42:24,2026-05-26T19:42:24,372254.2239242399
100236,condominium,Currituck Drive 11930,Currituck Drive,11930,90049,Los Angeles,California,United States,34.0554325,-118.4725445,1920,2005.0,226.411773,199.15459,506.257968,4,0,1,1,3.0,2,1,2,1,50236,Max Mustermann,private,True,occupied,owned,2010-06-09,719540.213776,10957.729484,1797031.531139,1978380.374541,2245.338395,395.317148,1860.962067,EUR,True,14.390804,True,433.444007,True,1,1,True,47.969348,True,True,True,True,True,district_heating,electricity,B,26873.188453,good,True,True,746.0,17.860603,8.913844,7.13327,4.456922,2026-03-28T00:31:54,2026-03-28T00:31:54,1797806.8485776002
100237,triplex,South Centinela Avenue 1546,South Centinela Avenue,1546,90025,Los Angeles,California,United States,34.0363869,-118.4649081,1969,2007.0,87.9363,76.780916,334.254174,7,2,2,2,4.0,6,3,4,3,50237,Max Mustermann,private,False,occupied,owned,2012-07-05,526035.9453,4839.045804,605498.393409,677355.002533,1686.326064,294.981601,1330.617035,EUR,False,10.520719,False,292.974242,False,3,3,False,35.069063,False,False,False,False,False,district_heating,electricity,B,8517.137412,good,False,False,788.0,5.301199,2.537532,2.045101,1.268766,2026-03-25T05:31:13,2026-03-25T05:31:13,604493.4885109746
100238,apartment,South Chadbourne Avenue 204,South Chadbourne Avenue,204,90049,Los Angeles,California,United States,34.0537689,-118.4912348,2022,2021.0,162.821618,142.958639,299.767737,2,0,1,1,7.0,1,1,1,0,50238,Max Mustermann,private,True,occupied,owned,2018-02-21,487238.704641,8147.931959,1249860.434037,1380928.690138,1574.245147,274.864514,1224.283857,EUR,True,9.744774,True,264.810319,True,0,0,True,32.48258,True,True,True,True,True,district_heating,electricity,B,18443.795876,good,True,True,167.0,12.093123,5.98574,4.796701,2.99287,2026-04-01T08:21:17,2026-04-01T08:21:17,1252505.251760115
100239,penthouse,South Westgate Avenue 1103,South Westgate Avenue,1103,90049,Los Angeles,California,United States,34.0482577,-118.4656815,1999,2003.0,168.167025,147.682487,1107.918719,4,4,3,3,3.0,10,5,2,1,50239,Max Mustermann,private,True,occupied,owned,2016-11-24,1396408.559023,8384.124348,1295855.794114,1431150.650871,4200.735837,746.285919,3716.082717,EUR,True,27.928171,True,924.800287,True,1,1,True,93.093904,True,True,True,True,True,district_heating,electricity,B,19152.373044,good,True,True,748.0,12.577939,6.231877,4.993114,3.115938,2026-06-02T22:56:17,2026-06-02T22:56:17,1295291.950914742
100240,studio,North Kenter Avenue 1136,North Kenter Avenue,1136,90049,Los Angeles,California,United States,34.0781544,-118.4915233,2018,2024.0,125.133357,109.652734,531.756894,1,4,3,3,8.0,9,5,1,0,50240,Max Mustermann,private,True,occupied,owned,2015-05-16,748226.505822,6482.636696,925566.093371,1026834.328978,2328.209906,410.191522,1939.583757,EUR,True,14.96453,True,454.26813,True,0,0,True,49.881767,True,True,True,True,True,district_heating,electricity,B,13447.910087,good,True,True,956.0,8.674886,4.250327,3.411877,2.125163,2026-05-23T00:33:12,2026-05-23T00:33:12,926314.0435743857
100241,townhouse,North Firth Avenue 672,North Firth Avenue,672,90049,Los Angeles,California,United States,34.0731629,-118.4758075,1967,1998.0,160.489542,140.897735,1033.618926,2,1,1,1,2.0,4,2,1,0,50241,Max Mustermann,private,True,occupied,owned,2011-04-20,1312821.291428,8044.886748,1229793.735189,1359018.024368,3959.261509,702.944373,3486.991688,EUR,True,26.256426,True,864.122123,True,0,0,True,87.521419,True,True,True,True,True,district_heating,electricity,B,18134.660245,good,True,True,599.0,11.88161,5.878356,4.711011,2.939178,2026-01-22T07:46:26,2026-01-22T07:46:26,1227435.6562117788
100242,penthouse,Wilshire Boulevard 12300,Wilshire Boulevard,12300,90025,Los Angeles,California,United States,34.0424509,-118.469234,2017,2020.0,147.398284,129.328716,660.390375,7,4,3,3,7.0,10,5,4,3,50242,Max Mustermann,private,False,occupied,owned,2015-05-28,892939.171807,7466.435798,1117148.023734,1236021.085375,2746.268719,485.227719,2336.203656,EUR,False,17.858783,False,559.318806,False,3,3,False,59.529278,False,False,False,False,False,district_heating,electricity,B,16399.307393,good,False,False,818.0,10.694263,5.275549,4.229983,2.637774,2026-05-06T17:48:15,2026-05-06T17:48:15,1114364.0899671472
100243,townhouse,Travis Street 12146,Travis Street,12146,90049,Los Angeles,California,United States,34.0757211,-118.4822022,1900,2005.0,235.961845,207.594189,60.705995,6,1,1,1,3.0,4,2,3,2,50243,Max Mustermann,private,False,occupied,owned,2022-09-22,218294.244859,11379.709448,1879206.576812,2068106.640628,797.294485,135.411831,487.176819,EUR,False,4.365885,False,69.576563,False,2,2,False,14.55295,False,False,False,False,False,district_heating,electricity,B,28139.128345,good,False,False,323.0,18.726772,9.353592,7.484179,4.676796,2026-06-26T15:41:45,2026-06-26T15:41:45,1880099.4121937223
100244,apartment,South Canyon View Drive 310,South Canyon View Drive,310,90049,Los Angeles,California,United States,34.0522526,-118.4826854,1976,2020.0,78.915728,68.809248,1199.138962,5,0,1,1,7.0,1,1,3,2,50244,Max Mustermann,private,False,occupied,owned,2011-10-08,1499031.332357,4440.462395,527879.518934,592603.582836,4497.201627,799.497728,3997.345133,EUR,False,29.980627,False,999.296819,False,2,2,False,99.935422,False,False,False,False,False,district_heating,electricity,B,7321.387184,good,False,False,837.0,4.483054,2.122166,1.713648,1.061083,2026-05-06T14:50:01,2026-05-06T14:50:01,530760.1400797631
100245,condominium,Amherst Avenue 1430,Amherst Avenue,1430,90025,Los Angeles,California,United States,34.0406499,-118.4647232,1941,2016.0,188.981237,166.076442,1003.233102,4,0,1,1,6.0,2,1,2,1,50245,Max Mustermann,private,True,occupied,owned,2011-12-03,1278637.239858,9303.822107,1474954.83146,1626707.437595,3860.507582,685.21931,3393.302065,EUR,True,25.572745,True,839.307033,True,1,1,True,85.242483,True,True,True,True,True,district_heating,electricity,B,21911.466322,good,True,True,706.0,14.46574,7.190299,5.757915,3.595149,2026-01-24T09:14:25,2026-01-24T09:14:25,1473589.730289135
100246,villa,South Bundy Drive 633,South Bundy Drive,633,90049,Los Angeles,California,United States,34.052968,-118.4751787,1962,2002.0,86.31748,75.350331,1162.795509,6,5,3,3,3.0,12,6,3,2,50246,Max Mustermann,private,False,occupied,owned,2026-06-01,1458144.947334,4767.51655,591569.012339,662145.624284,4379.085403,778.29738,3885.286152,EUR,False,29.162899,False,969.616332,False,2,2,False,97.209663,False,False,False,False,False,district_heating,electricity,B,8302.54965,good,False,False,398.0,5.154376,2.462991,1.985619,1.231495,2026-06-27T07:19:42,2026-06-27T07:19:42,590427.64460118
100247,mobile_home,Homewood Road 374,Homewood Road,374,90049,Los Angeles,California,United States,34.0650082,-118.4845936,1902,1996.0,120.093957,105.199311,1111.64038,4,5,3,3,1.0,11,6,2,1,50247,Max Mustermann,private,True,occupied,owned,2020-11-25,1400595.427061,6259.965545,882203.816564,979487.410518,4212.831234,748.456888,3727.557837,EUR,True,28.011909,True,927.839643,True,1,1,True,93.373028,True,True,True,True,True,district_heating,electricity,B,12779.896634,good,True,True,164.0,8.217824,4.01828,3.226708,2.00914,2026-05-29T11:30:35,2026-05-29T11:30:35,891228.6548028132
100248,apartment,Banyan Drive 2138,Banyan Drive,2138,90049,Los Angeles,California,United States,34.074874,-118.5020499,1914,1996.0,179.413398,157.621142,1018.434881,5,0,1,1,1.0,1,1,3,2,50248,Max Mustermann,private,False,occupied,owned,2011-07-21,1295739.241459,8881.057118,1392626.912476,1536814.250379,3909.913364,694.087014,3440.174217,EUR,False,25.914785,False,851.72182,False,2,2,False,86.382616,False,False,False,False,False,district_heating,electricity,B,20643.171354,good,False,False,350.0,13.597959,6.749733,5.406353,3.374867,2026-05-16T11:27:47,2026-05-16T11:27:47,1396766.4941608233
100249,townhouse,Dorothy Street 12221,Dorothy Street,12221,90049,Los Angeles,California,United States,34.0474388,-118.4728286,2018,2017.0,99.499372,86.999445,199.573333,7,1,1,1,6.0,4,2,4,3,50249,Max Mustermann,private,False,occupied,owned,2021-12-12,374519.999315,5349.972258,704994.597628,785994.101193,1248.613331,216.417777,915.351109,EUR,False,7.4904,False,182.984888,False,3,3,False,24.968,False,False,False,False,False,district_heating,electricity,B,10049.916774,good,False,False,495.0,6.349943,3.069971,2.469977,1.534986,2026-05-21T10:22:44,2026-05-21T10:22:44,704219.125593116
100250,condominium,Mandeville Canyon Road 3815,Mandeville Canyon Road,3815,90049,Los Angeles,California,United States,34.1199141,-118.5045942,1946,2012.0,102.978097,90.073667,582.769351,3,0,1,1,5.0,2,1,2,1,50250,Max Mustermann,private,True,occupied,owned,2012-10-27,805615.519358,5503.683365,734927.813103,818677.936469,2494.000389,439.948788,2096.872164,EUR,True,16.11231,True,495.928303,True,1,1,True,53.707701,True,True,True,True,True,district_heating,electricity,B,10511.050094,good,True,True,211.0,6.665455,3.230154,2.5978,1.615077,2026-04-27T08:19:16,2026-04-27T08:19:16,733762.6076466956
100251,apartment,South Anita Avenue 123,South Anita Avenue,123,90049,Los Angeles,California,United States,34.0565945,-118.4835631,2012,2017.0,196.650866,172.854254,256.496759,5,0,1,1,6.0,1,1,3,2,50251,Max Mustermann,private,False,occupied,owned,2012-11-17,438558.853919,9642.712678,1540949.310967,1698766.274677,1433.614467,249.623109,1090.865007,EUR,False,8.771177,False,229.472353,False,2,2,False,29.237257,False,False,False,False,False,district_heating,electricity,B,22928.138034,good,False,False,514.0,15.161358,7.543458,6.039729,3.771729,2026-03-01T03:46:12,2026-03-01T03:46:12,1538141.7941535271
100252,triplex,North Kenter Avenue 444,North Kenter Avenue,444,90049,Los Angeles,California,United States,34.0680731,-118.4848301,2006,,50.59677,43.783192,,8,2,2,2,,6,3,4,3,50252,Max Mustermann,private,False,occupied,owned,,,3189.159588,284204.761812,326537.091276,,,,EUR,False,,False,,False,3,3,False,,False,False,False,False,False,district_heating,electricity,B,3567.478763,good,False,False,,1.914591,0.818177,0.673091,0.409088,2026-03-22T03:47:34,2026-03-22T03:47:34,284560.7266474356
100253,condominium,Mandeville Canyon Road 2092,Mandeville Canyon Road,2092,90049,Los Angeles,California,United States,34.0737401,-118.495958,2003,2016.0,133.531387,117.074249,481.248351,6,0,1,1,6.0,2,1,3,2,50253,Max Mustermann,private,False,occupied,owned,2024-10-18,691404.394942,6853.712465,997828.216844,1105736.75569,2164.057141,380.728205,1783.849082,EUR,False,13.828088,False,413.019487,False,2,2,False,46.093626,False,False,False,False,False,district_heating,electricity,B,14561.137395,good,False,False,53.0,9.436568,4.637027,3.720456,2.318513,2026-06-26T05:12:13,2026-06-26T05:12:13,1004282.3147818727
100254,studio,Dorothy Street 11836,Dorothy Street,11836,90049,Los Angeles,California,United States,34.0511567,-118.4675387,1939,2019.0,249.667705,219.706344,70.36248,2,4,3,3,7.0,9,5,1,0,50254,Max Mustermann,private,True,occupied,owned,2020-08-29,229157.789962,11985.317188,1997140.715581,2196877.970526,828.67806,141.04478,516.95098,EUR,True,4.583156,True,77.462692,True,0,0,True,15.277186,True,True,True,True,True,district_heating,electricity,B,29955.951564,good,True,True,789.0,19.969862,9.984699,7.98779,4.992349,2026-05-04T08:46:37,2026-05-04T08:46:37,1992982.1651134451
100255,townhouse,Bundy Drive 928,Bundy Drive,928,90049,Los Angeles,California,United States,34.0480043,-118.470218,1930,1993.0,249.160736,219.258325,454.767743,1,1,1,1,0.0,4,2,1,0,50255,Max Mustermann,private,True,occupied,owned,2022-05-01,661613.710619,11962.916255,1992778.428532,2192114.824667,2077.995164,365.281183,1702.20054,EUR,True,13.232274,True,391.393657,True,0,0,True,44.107581,True,True,True,True,True,district_heating,electricity,B,29888.748764,good,True,True,946.0,19.923881,9.961355,7.969162,4.980677,2026-05-15T19:18:06,2026-05-15T19:18:06,1992294.7223270682
100256,duplex,South Bundy Drive 879,South Bundy Drive,879,90049,Los Angeles,California,United States,34.0485253,-118.471403,1907,,50.751055,43.919537,,8,2,2,2,,5,3,4,3,50256,Max Mustermann,private,False,occupied,owned,,,3195.97685,285532.334034,327986.656621,,,,EUR,False,,False,,False,3,3,False,,False,False,False,False,False,district_heating,electricity,B,3587.930551,good,False,False,,1.928584,0.825281,0.67876,0.412641,2026-02-19T09:14:23,2026-02-19T09:14:23,285174.89717835555
100257,mobile_home,Deer Run Lane 2091,Deer Run Lane,2091,90049,Los Angeles,California,United States,34.1044373,-118.486116,1930,1996.0,80.828177,70.499319,1182.370613,2,5,3,3,1.0,11,6,1,0,50257,Max Mustermann,private,True,occupied,owned,2013-09-14,1480166.939103,4524.965967,544335.477694,610571.710779,4442.704491,789.716191,3945.642722,EUR,True,29.603339,True,985.602667,True,0,0,True,98.677796,True,True,True,True,True,district_heating,electricity,B,7574.8979,good,True,True,786.0,4.656509,2.210228,1.783919,1.105114,2026-02-15T09:00:45,2026-02-15T09:00:45,543998.3426315556
100258,loft,Montana Avenue 11690,Montana Avenue,11690,90049,Los Angeles,California,United States,34.0550175,-118.4667797,2012,1993.0,92.018089,80.388079,318.24367,2,3,2,2,0.0,8,4,1,0,50258,Max Mustermann,private,True,occupied,owned,2015-12-12,508024.128532,5019.40394,640620.767288,715704.837796,1634.291927,285.642141,1281.251315,EUR,True,10.160483,True,279.898997,True,0,0,True,33.868275,True,True,True,True,True,district_heating,electricity,B,9058.21182,good,True,True,319.0,5.671408,2.725484,2.195083,1.362742,2026-05-17T04:17:02,2026-05-17T04:17:02,640272.956628285
100259,townhouse,North Old Ranch Road 1751,North Old Ranch Road,1751,90049,Los Angeles,California,United States,34.0643145,-118.4988262,1972,2015.0,235.650766,207.319282,940.884722,4,1,1,1,6.0,4,2,2,1,50259,Max Mustermann,private,True,occupied,owned,2021-11-01,1208495.312631,11365.964091,1876529.849288,2065183.943547,3657.875348,648.849421,3201.061227,EUR,True,24.169906,True,788.38919,True,1,1,True,80.566354,True,True,True,True,True,district_heating,electricity,B,28097.892273,good,True,True,562.0,18.698558,9.339268,7.472749,4.669634,2026-01-14T17:18:44,2026-01-14T17:18:44,1877531.1485201148
100260,studio,Mandeville Canyon Road 2110,Mandeville Canyon Road,2110,90049,Los Angeles,California,United States,34.0747279,-118.497858,2021,2011.0,224.385797,197.364193,546.010041,5,4,3,3,5.0,9,5,3,2,50260,Max Mustermann,private,False,occupied,owned,2023-08-10,764261.295908,10868.20965,1779598.72132,1959345.630847,2374.532633,418.505857,1983.530959,EUR,False,15.285226,False,465.9082,False,2,2,False,50.950753,False,False,False,False,False,district_heating,electricity,B,26604.62895,good,False,False,830.0,17.676851,8.820555,7.058827,4.410278,2026-02-02T20:55:48,2026-02-02T20:55:48,1779688.902894497
100261,single_family_home,Joffre Street 11328,Joffre Street,11328,90049,Los Angeles,California,United States,34.070082,-118.4654994,1910,1996.0,224.043102,197.061346,507.608983,3,1,1,1,1.0,3,2,2,1,50261,Max Mustermann,private,True,occupied,owned,2019-06-29,721060.106087,10853.067304,1776649.948596,1956125.889819,2249.729195,396.10524,1865.127698,EUR,True,14.421202,True,434.547336,True,1,1,True,48.070674,True,True,True,True,True,district_heating,electricity,B,26559.201911,good,True,True,232.0,17.64577,8.804775,7.046235,4.402388,2026-05-06T03:55:00,2026-05-06T03:55:00,1781270.045607534
100262,villa,Bayliss Road 13674,Bayliss Road,13674,90049,Los Angeles,California,United States,34.0768457,-118.5091272,1910,2005.0,114.448324,100.210147,1148.781169,6,5,3,3,3.0,12,6,3,2,50262,Max Mustermann,private,False,occupied,owned,2014-10-02,1442378.815161,6010.507343,833625.114167,926444.719253,4333.538799,770.122349,3842.075271,EUR,False,28.847576,False,958.171288,False,2,2,False,96.158588,False,False,False,False,False,district_heating,electricity,B,12031.522029,good,False,False,569.0,7.705778,3.758318,3.019264,1.879159,2026-05-27T09:30:30,2026-05-27T09:30:30,837025.6893285466
100263,penthouse,Vandergrift Avenue 11400,Vandergrift Avenue,11400,90073,Los Angeles,California,United States,34.0669457,-118.467233,1993,,68.915569,59.971898,,2,4,3,3,,10,5,1,0,50263,Max Mustermann,private,True,occupied,owned,,,3998.594907,441831.639861,498648.601362,,,,EUR,True,,True,,True,0,0,True,,True,True,True,True,True,district_heating,electricity,B,5995.784722,good,True,True,,3.576063,1.661694,1.3462,0.830847,2026-04-23T10:11:03,2026-04-23T10:11:03,444734.7668382561
100264,penthouse,North Norman Place 1221,North Norman Place,1221,90049,Los Angeles,California,United States,34.082637,-118.4790286,1962,2002.0,214.255165,188.411541,1194.507227,4,4,3,3,3.0,10,5,2,1,50264,Max Mustermann,private,True,occupied,owned,2022-02-04,1493820.630815,10420.577069,1692428.166084,1864164.808372,4482.148489,796.795883,3983.063951,EUR,True,29.876413,True,995.514236,True,1,1,True,99.588042,True,True,True,True,True,district_heating,electricity,B,25261.731207,good,True,True,984.0,16.758027,8.354075,6.686585,4.177038,2026-03-06T15:07:52,2026-03-06T15:07:52,1692196.5572624472
100265,loft,Santa Monica Boulevard 12416,Santa Monica Boulevard,12416,90025,Los Angeles,California,United States,34.0387682,-118.4669605,2004,2002.0,186.261084,163.672586,666.921988,6,3,2,2,3.0,8,4,3,2,50265,Max Mustermann,private,False,occupied,owned,2026-05-16,900287.236598,9183.629288,1451548.861412,1601150.648676,2767.496461,489.037826,2356.342797,EUR,False,18.005745,False,564.652957,False,2,2,False,60.019149,False,False,False,False,False,district_heating,electricity,B,21550.887865,good,False,False,158.0,14.219029,7.065045,5.657965,3.532523,2026-01-17T12:31:04,2026-01-17T12:31:04,1454171.1627685537
100266,townhouse,Acanto Place 1085,Acanto Place,1085,90049,Los Angeles,California,United States,34.0845724,-118.4735934,1908,2024.0,166.51072,146.218775,862.08993,5,1,1,1,8.0,4,2,3,2,50266,Max Mustermann,private,False,occupied,owned,2025-06-22,1119851.17165,8310.938774,1281603.866593,1415589.086766,3401.792274,602.885793,2958.110619,EUR,False,22.397023,False,724.04011,False,2,2,False,74.656745,False,False,False,False,False,district_heating,electricity,B,18932.816323,good,False,False,941.0,12.427716,6.15561,4.932254,3.077805,2026-05-28T20:43:03,2026-05-28T20:43:03,1281581.1050215291
100267,loft,Granville Avenue 958,Granville Avenue,958,90049,Los Angeles,California,United States,34.0510657,-118.4654588,1997,2018.0,247.255109,217.574282,185.75619,3,3,2,2,7.0,8,4,2,1,50267,Max Mustermann,private,True,occupied,owned,2014-07-06,358975.71412,11878.714104,1976381.167718,2174210.788536,1203.707619,208.357778,872.748254,EUR,True,7.179514,True,171.700889,True,1,1,True,23.931714,True,True,True,True,True,district_heating,electricity,B,29636.142313,good,True,True,690.0,19.751045,9.873607,7.899141,4.936804,2026-02-08T04:51:36,2026-02-08T04:51:36,1975822.0000071777
100268,bungalow,Wellesley Avenue 814,Wellesley Avenue,814,90049,Los Angeles,California,United States,34.046674,-118.4764374,1968,1998.0,175.604908,154.2555,356.049391,8,3,2,2,2.0,7,4,4,3,50268,Max Mustermann,private,False,occupied,owned,2025-12-28,550555.564418,8712.775018,1359856.187765,1501032.161776,1757.160519,307.695478,1397.818954,EUR,False,11.011111,False,310.773669,False,3,3,False,36.703704,False,False,False,False,False,district_heating,electricity,B,20138.325055,good,False,False,355.0,13.252538,6.574366,5.266413,3.287183,2026-03-19T02:15:07,2026-03-19T02:15:07,1360776.8300594045
100269,townhouse,West Darlington Avenue 11996,West Darlington Avenue,11996,90049,Los Angeles,California,United States,34.0478897,-118.4697212,1998,,36.681968,31.48639,,5,1,1,1,,4,2,3,2,50269,Max Mustermann,private,False,occupied,owned,,,2574.319518,164472.748231,195802.676447,,,,EUR,False,,False,,False,2,2,False,,False,False,False,False,False,district_heating,electricity,B,1722.958554,good,False,False,,0.652551,0.177449,0.161803,0.088724,2026-05-23T13:38:38,2026-05-23T13:38:38,166815.7895396152
100270,condominium,North Old Ranch Road 1600,North Old Ranch Road,1600,90049,Los Angeles,California,United States,34.0605708,-118.4953729,1916,2017.0,210.677389,185.249786,1162.451238,1,0,1,1,6.0,2,1,1,0,50270,Max Mustermann,private,True,occupied,owned,2016-12-28,1457757.642708,10262.489284,1661642.649964,1830550.352933,4377.966523,778.096555,3884.22465,EUR,True,29.155153,True,969.335178,True,0,0,True,97.183843,True,True,True,True,True,district_heating,electricity,B,24787.467851,good,True,True,911.0,16.433531,8.189331,6.555123,4.094665,2026-06-08T07:49:33,2026-06-08T07:49:33,1659230.3644420283
100271,condominium,Promontory Road 12655,Promontory Road,12655,90049,Los Angeles,California,United States,34.1057991,-118.4923957,1916,2001.0,99.366432,86.881963,695.016349,5,0,1,1,2.0,2,1,3,2,50271,Max Mustermann,private,False,occupied,owned,2018-12-13,931893.392602,5344.098146,703850.69157,784745.079444,2858.803134,505.426204,2442.967076,EUR,False,18.637868,False,587.596685,False,2,2,False,62.126226,False,False,False,False,False,district_heating,electricity,B,10032.294438,good,False,False,704.0,6.337886,3.06385,2.465092,1.531925,2026-04-08T14:58:28,2026-04-08T14:58:28,706159.7116431356
100272,mobile_home,Worthing Lane 2331,Worthing Lane,2331,90077,Los Angeles,California,United States,34.1135496,-118.4747938,1984,2007.0,177.628574,156.043856,650.634242,2,5,3,3,4.0,11,6,1,0,50272,Max Mustermann,private,True,occupied,owned,2025-01-24,881963.521855,8802.192792,1377269.122687,1520045.204231,2714.561285,479.536641,2306.122245,EUR,True,17.63927,True,551.351297,True,0,0,True,58.797568,True,True,True,True,True,district_heating,electricity,B,20406.578377,good,True,True,569.0,13.43608,6.667548,5.340771,3.333774,2026-03-18T18:27:19,2026-03-18T18:27:19,1381178.609548822
100273,bungalow,Chickory Lane 1204,Chickory Lane,1204,90049,Los Angeles,California,United States,34.0808476,-118.4855459,1960,2019.0,236.869951,208.396701,897.570672,3,3,2,2,7.0,7,4,2,1,50273,Max Mustermann,private,True,occupied,owned,2024-07-29,1159767.006512,11419.835037,1887020.507265,2076638.607933,3517.104685,623.582892,3067.509573,EUR,True,23.19534,True,753.016049,True,1,1,True,77.3178,True,True,True,True,True,district_heating,electricity,B,28259.505112,good,True,True,673.0,18.809135,9.395407,7.517547,4.697704,2026-05-26T19:03:39,2026-05-26T19:03:39,1885761.6715527994
100274,triplex,Old Ranch Road 1759,Old Ranch Road,1759,90049,Los Angeles,California,United States,34.0643573,-118.4990971,2021,,63.87259,55.515312,,5,2,2,2,,6,3,3,2,50274,Max Mustermann,private,False,occupied,owned,,,3775.765587,398438.561628,451268.051075,,,,EUR,False,,False,,False,2,2,False,,False,False,False,False,False,district_heating,electricity,B,5327.29676,good,False,False,,3.118677,1.429482,1.1609,0.714741,2026-01-26T06:40:13,2026-01-26T06:40:13,394421.36182451434
100275,bungalow,South Bowling Green Way 110,South Bowling Green Way,110,90049,Los Angeles,California,United States,34.0590486,-118.4768298,1970,,59.817164,51.931447,,2,3,2,2,,7,4,1,0,50275,Max Mustermann,private,True,occupied,owned,,,3596.572369,363543.040275,413165.914247,,,,EUR,True,,True,,True,0,0,True,,True,True,True,True,True,district_heating,electricity,B,4789.717107,good,True,True,,2.750859,1.242744,1.011886,0.621372,2026-03-09T21:05:10,2026-03-09T21:05:10,360312.40823796985
100276,bungalow,Gorham Avenue 12224,Gorham Avenue,12224,90049,Los Angeles,California,United States,34.0478119,-118.4731119,1921,,58.012735,50.336836,,2,3,2,2,,7,4,1,0,50276,Max Mustermann,private,True,occupied,owned,,,3516.841788,348016.558762,396212.674973,,,,EUR,True,,True,,True,0,0,True,,True,True,True,True,True,district_heating,electricity,B,4550.525365,good,True,True,,2.587202,1.159656,0.945584,0.579828,2026-03-03T05:35:04,2026-03-03T05:35:04,349295.10544702486
100277,loft,Jonesboro Drive 1360,Jonesboro Drive,1360,90049,Los Angeles,California,United States,34.0528799,-118.4986651,1933,2005.0,153.943083,135.112492,68.598327,3,3,2,2,3.0,8,4,2,1,50277,Max Mustermann,private,True,occupied,owned,2018-05-18,227173.118425,7755.624588,1173463.735637,1297511.754587,822.944564,140.015691,511.51151,EUR,True,4.543462,True,76.021967,True,1,1,True,15.144875,True,True,True,True,True,district_heating,electricity,B,17266.873765,good,True,True,253.0,11.287861,5.576914,4.470467,2.788457,2026-02-10T00:26:28,2026-02-10T00:26:28,1172075.872663742
100278,villa,Mulholland Drive 15341,Mulholland Drive,15341,90077,Los Angeles,California,United States,34.1298952,-118.4674159,1967,1994.0,93.554866,81.74616,701.013113,5,5,3,3,1.0,12,6,3,2,50278,Max Mustermann,private,False,occupied,owned,2019-10-29,938639.75252,5087.308017,653844.192782,730143.388876,2878.292618,508.924316,2461.457099,EUR,False,18.772795,False,592.494043,False,2,2,False,62.575984,False,False,False,False,False,district_heating,electricity,B,9261.924051,good,False,False,206.0,5.81079,2.796247,2.251551,1.398124,2026-06-26T19:30:18,2026-06-26T19:30:18,659857.4484975494
100279,apartment,Boca De Canon Lane 13171,Boca De Canon Lane,13171,90049,Los Angeles,California,United States,34.0727312,-118.4995543,2011,2018.0,165.038413,144.917667,603.42046,5,0,1,1,7.0,1,1,3,2,50279,Max Mustermann,private,False,occupied,owned,2021-08-10,828848.016941,8245.883357,1268935.180006,1401756.250601,2561.116493,451.995268,2160.546417,EUR,False,16.57696,False,512.793375,False,2,2,False,55.256534,False,False,False,False,False,district_heating,electricity,B,18737.65007,good,False,False,432.0,12.294182,6.087815,4.878156,3.043908,2026-01-09T07:18:45,2026-01-09T07:18:45,1269441.4041784338
100280,mobile_home,West Chalon Road 13258,West Chalon Road,13258,90049,Los Angeles,California,United States,34.076966,-118.501974,1977,2025.0,189.28662,166.346316,1023.26387,4,5,3,3,8.0,11,6,2,1,50280,Max Mustermann,private,True,occupied,owned,2020-02-16,1301171.854265,9317.315778,1477582.546207,1629576.61802,3925.607579,696.903924,3455.063601,EUR,True,26.023437,True,855.665494,True,1,1,True,86.74479,True,True,True,True,True,district_heating,electricity,B,21951.947333,good,True,True,830.0,14.493438,7.204361,5.769136,3.60218,2026-03-14T22:55:29,2026-03-14T22:55:29,1472935.9714114645
100281,mobile_home,West Sunset Boulevard 12188,West Sunset Boulevard,12188,90049,Los Angeles,California,United States,34.0584931,-118.4779307,1954,1996.0,78.773422,68.683489,188.919274,6,5,3,3,1.0,11,6,3,2,50281,Max Mustermann,private,False,occupied,owned,2012-09-18,362534.182718,4434.174467,526655.027806,591266.570901,1213.987639,210.20291,882.501093,EUR,False,7.250684,False,174.284073,False,2,2,False,24.168946,False,False,False,False,False,district_heating,electricity,B,7302.523401,good,False,False,215.0,4.470148,2.115613,1.708419,1.057807,2026-01-19T21:14:59,2026-01-19T21:14:59,531300.0079236237
100282,mobile_home,San Vicente Boulevard 11932,San Vicente Boulevard,11932,90049,Los Angeles,California,United States,34.0522811,-118.4712479,2023,1993.0,171.361161,150.505212,1152.934684,4,5,3,3,0.0,11,6,2,1,50282,Max Mustermann,private,True,occupied,owned,2015-07-24,1447051.519421,8525.260609,1323340.223937,1461160.676948,4347.037723,772.545232,3854.881942,EUR,True,28.94103,True,961.563325,True,1,1,True,96.470101,True,True,True,True,True,district_heating,electricity,B,19575.781828,good,True,True,602.0,12.86764,6.378956,5.11048,3.189478,2026-03-09T20:37:42,2026-03-09T20:37:42,1324030.3306355714
100283,condominium,Chenault Street 11715,Chenault Street,11715,90049,Los Angeles,California,United States,34.056178,-118.4681633,1927,2024.0,91.756539,80.156941,96.133758,5,0,1,1,8.0,2,1,3,2,50283,Max Mustermann,private,False,occupied,owned,2015-01-15,258150.478075,5007.847065,638370.218016,713247.481293,912.434714,156.078026,596.412421,EUR,False,5.16301,False,98.509236,False,2,2,False,17.210032,False,False,False,False,False,district_heating,electricity,B,9023.541196,good,False,False,847.0,5.647686,2.713441,2.185473,1.35672,2026-02-20T13:07:34,2026-02-20T13:07:34,638642.0672386944
100284,apartment,Foxboro Drive 11980,Foxboro Drive,11980,90049,Los Angeles,California,United States,34.0596372,-118.4741366,2018,1990.0,140.034348,122.821052,222.989953,8,0,1,1,0.0,1,1,4,3,50284,Max Mustermann,private,False,occupied,owned,2011-06-09,400863.697324,7141.052595,1053783.926476,1166834.341342,1324.717348,230.077473,987.552356,EUR,False,8.017274,False,202.108462,False,3,3,False,26.724246,False,False,False,False,False,district_heating,electricity,B,15423.157786,good,False,False,994.0,10.026371,4.936465,3.959402,2.468233,2026-02-27T20:09:58,2026-02-27T20:09:58,1055001.3043332808
100285,bungalow,North Westridge Road 1800,North Westridge Road,1800,90049,Los Angeles,California,United States,34.06726,-118.4959361,1969,1995.0,229.647346,202.013933,714.042128,5,3,2,2,1.0,7,4,3,2,50285,Max Mustermann,private,False,occupied,owned,2017-08-01,953297.393708,11100.696665,1824872.508497,2008779.71198,2920.636915,516.524575,2501.629894,EUR,False,19.065948,False,603.134404,False,2,2,False,63.55316,False,False,False,False,False,district_heating,electricity,B,27302.089996,good,False,False,593.0,18.154062,9.062831,7.252158,4.531416,2026-03-10T04:04:03,2026-03-10T04:04:03,1821589.2396110103
100286,villa,North Westridge Road 1899,North Westridge Road,1899,90049,Los Angeles,California,United States,34.0693972,-118.499185,1996,2005.0,216.912298,190.759706,810.255064,1,5,3,3,3.0,12,6,1,0,50286,Max Mustermann,private,True,occupied,owned,2010-06-22,1061536.947366,10537.985276,1715291.869595,1889129.500856,3233.328959,572.648788,2798.286448,EUR,True,21.230739,True,681.708303,True,0,0,True,70.76913,True,True,True,True,True,district_heating,electricity,B,25613.955829,good,True,True,990.0,16.999022,8.476427,6.784219,4.238213,2026-02-12T09:38:47,2026-02-12T09:38:47,1716301.3252016916
100287,triplex,South Barrington Avenue 267,South Barrington Avenue,267,90049,Los Angeles,California,United States,34.0628948,-118.4687239,1993,,54.844171,47.536709,,2,2,2,2,,6,3,1,0,50287,Max Mustermann,private,True,occupied,owned,,,3376.835443,320752.165269,366442.90478,,,,EUR,True,,True,,True,0,0,True,,True,True,True,True,True,district_heating,electricity,B,4130.50633,good,True,True,,2.29982,1.013755,0.829158,0.506877,2026-05-26T09:28:07,2026-05-26T09:28:07,321210.2176399257
100288,condominium,South Medio Drive 120,South Medio Drive,120,90049,Los Angeles,California,United States,34.0569751,-118.4818544,1988,2000.0,126.068791,110.479397,282.244674,7,0,1,1,2.0,2,1,4,3,50288,Max Mustermann,private,False,occupied,owned,2023-03-13,467525.258251,6523.969839,933615.179243,1035623.060579,1517.295191,264.642727,1170.254412,EUR,False,9.350505,False,250.499817,False,3,3,False,31.168351,False,False,False,False,False,district_heating,electricity,B,13571.909518,good,False,False,50.0,8.759728,4.2934,3.446249,2.1467,2026-04-30T22:19:44,2026-04-30T22:19:44,931749.3785227692
100289,townhouse,Promontory Road 12614,Promontory Road,12614,90049,Los Angeles,California,United States,34.1049773,-118.4915593,1925,2016.0,94.486248,82.569243,143.863937,5,1,1,1,6.0,4,2,3,2,50289,Max Mustermann,private,False,occupied,owned,2022-06-04,311846.928829,5128.462128,661858.414349,738894.052424,1067.557794,183.92063,743.580472,EUR,False,6.236939,False,137.488882,False,2,2,False,20.789795,False,False,False,False,False,district_heating,electricity,B,9385.386383,good,False,False,663.0,5.895264,2.839134,2.285774,1.419567,2026-04-14T08:32:34,2026-04-14T08:32:34,663093.7479187464
100290,townhouse,South Canyon View Drive 206,South Canyon View Drive,206,90049,Los Angeles,California,United States,34.0540658,-118.4840684,1991,,35.762323,30.673681,,1,1,1,1,,4,2,1,0,50290,Max Mustermann,private,True,occupied,owned,,,2533.684046,156559.524812,187162.291957,,,,EUR,True,,True,,True,0,0,True,,True,True,True,True,True,district_heating,electricity,B,1601.052139,good,True,True,,0.569141,0.135102,0.128011,0.067551,2026-05-07T14:05:38,2026-05-07T14:05:38,164371.96557650517
100291,townhouse,South Carmelina Avenue 141,South Carmelina Avenue,141,90049,Los Angeles,California,United States,34.0562078,-118.4806401,1939,2021.0,200.790633,176.512652,1068.344777,1,1,1,1,7.0,4,2,1,0,50291,Max Mustermann,private,True,occupied,owned,2015-03-01,1351887.874075,9825.632619,1576570.562586,1737660.8305,4072.120525,723.20112,3594.063062,EUR,True,27.037757,True,892.481568,True,0,0,True,90.125858,True,True,True,True,True,district_heating,electricity,B,23476.897856,good,True,True,381.0,15.536825,7.73408,6.191842,3.86704,2026-01-11T13:47:20,2026-01-11T13:47:20,1576801.4909689468
100292,studio,South Cliffwood Avenue 304,South Cliffwood Avenue,304,90049,Los Angeles,California,United States,34.0529786,-118.4842415,1951,2020.0,171.979376,151.051542,295.458417,6,4,3,3,7.0,9,5,3,2,50292,Max Mustermann,private,False,occupied,owned,2023-03-14,482390.719515,8552.577084,1328659.748008,1466969.022149,1560.239856,272.350743,1210.996787,EUR,False,9.647814,False,261.291041,False,2,2,False,32.159381,False,False,False,False,False,district_heating,electricity,B,19657.731253,good,False,False,550.0,12.923711,6.407422,5.133196,3.203711,2026-06-04T08:01:05,2026-06-04T08:01:05,1329486.6723624822
100293,loft,Deerbrook Lane 12422,Deerbrook Lane,12422,90049,Los Angeles,California,United States,34.07287,-118.4849321,1985,2003.0,91.320381,79.7715,713.422984,3,3,2,2,3.0,8,4,2,1,50293,Max Mustermann,private,True,occupied,owned,2014-12-10,952600.85727,4988.574993,634617.235504,709149.630117,2918.624699,516.163407,2499.720868,EUR,True,19.052017,True,602.62877,True,1,1,True,63.506724,True,True,True,True,True,district_heating,electricity,B,8965.724979,good,True,True,69.0,5.608128,2.693357,2.169447,1.346679,2026-02-28T21:53:55,2026-02-28T21:53:55,636745.6258158509
100294,single_family_home,Chenault Street 11718,Chenault Street,11718,90049,Los Angeles,California,United States,34.0557006,-118.4680033,1983,2015.0,194.364645,170.833873,743.257812,5,1,1,1,6.0,3,2,3,2,50294,Max Mustermann,private,False,occupied,owned,2010-02-28,986165.038948,9541.693629,1521277.180444,1677286.434863,3015.58789,533.567057,2591.711588,EUR,False,19.723301,False,626.99388,False,2,2,False,65.744336,False,False,False,False,False,district_heating,electricity,B,22625.080888,good,False,False,164.0,14.954003,7.438186,5.955724,3.719093,2026-05-28T18:01:48,2026-05-28T18:01:48,1520030.5572316165
100295,bungalow,North Bristol Avenue 144,North Bristol Avenue,144,90049,Los Angeles,California,United States,34.0579413,-118.4882455,1947,1993.0,153.611291,134.81928,503.069898,3,3,2,2,0.0,7,4,2,1,50295,Max Mustermann,private,True,occupied,owned,2011-08-05,715953.635703,7740.964001,1170608.779084,1294394.450675,2234.97717,393.457441,1851.132187,EUR,True,14.319073,True,430.840417,True,1,1,True,47.730242,True,True,True,True,True,district_heating,electricity,B,17222.892002,good,True,True,421.0,11.257768,5.561636,4.458275,2.780818,2026-06-22T08:36:02,2026-06-22T08:36:02,1170130.7756972273
100296,single_family_home,North Bundy Drive 455,North Bundy Drive,455,90049,Los Angeles,California,United States,34.0672758,-118.4762253,1956,2000.0,126.952688,111.260515,700.406747,8,1,1,1,2.0,3,2,4,3,50296,Max Mustermann,private,False,occupied,owned,2025-11-16,937957.590543,6563.02573,941220.800114,1043927.576341,2876.321928,508.570603,2459.58747,EUR,False,18.759152,False,591.998844,False,3,3,False,62.530506,False,False,False,False,False,district_heating,electricity,B,13689.077191,good,False,False,949.0,8.839895,4.3341,3.478727,2.16705,2026-02-14T15:33:41,2026-02-14T15:33:41,943630.9247174117
100297,duplex,North Bundy Drive 1105,North Bundy Drive,1105,90049,Los Angeles,California,United States,34.0796939,-118.4828216,2015,,37.078985,31.837243,,7,2,2,2,,5,3,4,3,50297,Max Mustermann,private,False,occupied,owned,,,2591.862146,167888.944275,199532.793209,,,,EUR,False,,False,,False,3,3,False,,False,False,False,False,False,district_heating,electricity,B,1775.586439,good,False,False,,0.688559,0.19573,0.176391,0.097865,2026-04-24T08:11:37,2026-04-24T08:11:37,168452.67920427455
100298,loft,West Sunset Boulevard 12142,West Sunset Boulevard,12142,90049,Los Angeles,California,United States,34.0593429,-118.4768708,1966,,51.17743,44.296333,,1,3,2,2,,8,4,1,0,50298,Max Mustermann,private,True,occupied,owned,,,3214.816671,289201.141136,331992.597349,,,,EUR,True,,True,,True,0,0,True,,True,True,True,True,True,district_heating,electricity,B,3644.450012,good,True,True,,1.967255,0.844914,0.694426,0.422457,2026-04-22T20:52:31,2026-04-22T20:52:31,288550.68835603487
100299,townhouse,West Sunset Boulevard 12408,West Sunset Boulevard,12408,90049,Los Angeles,California,United States,34.0574438,-118.4810294,1957,2014.0,224.867875,197.790215,627.339259,2,1,1,1,6.0,4,2,1,0,50299,Max Mustermann,private,True,occupied,owned,2024-02-26,855756.665968,10889.510736,1783746.827605,1963874.914466,2638.852591,465.947901,2234.296047,EUR,True,17.115133,True,532.327061,True,0,0,True,57.050444,True,True,True,True,True,district_heating,electricity,B,26668.532209,good,True,True,901.0,17.720575,8.842753,7.076541,4.421377,2026-01-24T15:22:26,2026-01-24T15:22:26,1784500.2582983319
100300,condominium,Queensferry Road 2103,Queensferry Road,2103,90049,Los Angeles,California,United States,34.0739474,-118.50657,1915,1990.0,229.344643,201.746429,1121.647509,2,0,1,1,0.0,2,1,1,0,50300,Max Mustermann,private,True,occupied,owned,2011-04-28,1411853.447944,11087.32143,1822267.857386,2005935.714551,4245.354405,754.29438,3758.413154,EUR,True,28.237069,True,936.012133,True,0,0,True,94.123563,True,True,True,True,True,district_heating,electricity,B,27261.964289,good,True,True,876.0,18.126607,9.048893,7.241036,4.524446,2026-03-27T10:42:06,2026-03-27T10:42:06,1820473.9344385269
100301,loft,North Carmelina Avenue 150,North Carmelina Avenue,150,90049,Los Angeles,California,United States,34.0592981,-118.4819133,1931,2014.0,152.301912,133.662155,245.111039,3,3,2,2,6.0,8,4,2,1,50301,Max Mustermann,private,True,occupied,owned,2015-02-19,425749.919222,7683.107747,1159342.03503,1282092.384195,1396.610878,242.98144,1055.759038,EUR,True,8.514998,True,220.174015,True,1,1,True,28.383328,True,True,True,True,True,district_heating,electricity,B,17049.323242,good,True,True,364.0,11.139011,5.501344,4.410163,2.750672,2026-02-11T10:26:44,2026-02-11T10:26:44,1166066.0927996868
100302,studio,Wilshire Boulevard 11937,Wilshire Boulevard,11937,90025,Los Angeles,California,United States,34.0463016,-118.4650641,1928,2006.0,214.437929,188.573054,859.430161,1,4,3,3,4.0,9,5,1,0,50302,Max Mustermann,private,True,occupied,owned,2011-07-07,1116858.931066,10428.652689,1694000.786789,1865881.94017,3393.148023,601.334261,2949.909663,EUR,True,22.337179,True,721.867965,True,0,0,True,74.457262,True,True,True,True,True,district_heating,electricity,B,25285.958067,good,True,True,295.0,16.774603,8.362491,6.693301,4.181245,2026-05-07T09:42:25,2026-05-07T09:42:25,1693840.9975895889
100303,condominium,North Bowling Green Way 163,North Bowling Green Way,163,90049,Los Angeles,California,United States,34.0610829,-118.4776991,1908,2019.0,160.239557,140.676818,286.423143,6,0,1,1,7.0,2,1,3,2,50303,Max Mustermann,private,False,occupied,owned,2010-09-15,472226.036031,8033.840882,1227642.698006,1356669.324309,1530.875215,267.080167,1183.138025,EUR,False,9.444521,False,253.912234,False,2,2,False,31.481736,False,False,False,False,False,district_heating,electricity,B,18101.522645,good,False,False,109.0,11.858937,5.866845,4.701826,2.933422,2026-05-21T01:29:05,2026-05-21T01:29:05,1227859.195345887
100304,apartment,Coyne Street 12058,Coyne Street,12058,90049,Los Angeles,California,United States,34.057647,-118.475715,1943,,66.840164,58.137819,,3,0,1,1,,1,1,2,1,50304,Max Mustermann,private,True,occupied,owned,,,3906.890963,423973.5033,479149.446846,,,,EUR,True,,True,,True,1,1,True,,True,True,True,True,True,district_heating,electricity,B,5720.672889,good,True,True,,3.387829,1.566128,1.269941,0.783064,2026-03-22T08:20:07,2026-03-22T08:20:07,444728.9342330606
100305,mobile_home,Currituck Drive 11925,Currituck Drive,11925,90049,Los Angeles,California,United States,34.0561288,-118.4724573,1902,,62.400787,54.214649,,7,5,3,3,,11,6,4,3,50305,Max Mustermann,private,False,occupied,owned,,,3710.732433,385774.210672,437439.94895,,,,EUR,False,,False,,False,3,3,False,,False,False,False,False,False,district_heating,electricity,B,5132.1973,good,False,False,,2.985188,1.361711,1.10682,0.680855,2026-04-14T16:52:00,2026-04-14T16:52:00,385969.8521439351
100306,studio,Nalin Drive 2402,Nalin Drive,2402,90077,Los Angeles,California,United States,34.1195302,-118.4659833,1975,2008.0,101.275545,88.569086,474.943016,3,4,3,3,4.0,9,5,2,1,50306,Max Mustermann,private,True,occupied,owned,2017-05-30,684310.893168,5428.454324,720277.947371,802681.866859,2143.564802,377.050093,1764.407633,EUR,True,13.686218,True,407.87013,True,1,1,True,45.620726,True,True,True,True,True,district_heating,electricity,B,10285.362973,good,True,True,296.0,6.511038,3.151758,2.535241,1.575879,2026-06-18T17:29:26,2026-06-18T17:29:26,721741.5156313209
100307,apartment,North Norman Place 868,North Norman Place,868,90049,Los Angeles,California,United States,34.0769906,-118.4790245,1970,2017.0,228.28102,200.806483,806.028268,1,0,1,1,6.0,1,1,1,0,50307,Max Mustermann,private,True,occupied,owned,2011-08-04,1056781.800996,11040.324143,1813115.754174,1995942.60726,3219.59187,570.183156,2785.253825,EUR,True,21.135636,True,678.256419,True,0,0,True,70.45212,True,True,True,True,True,district_heating,electricity,B,27120.972429,good,True,True,949.0,18.030139,8.999917,7.201954,4.499958,2026-01-14T06:33:23,2026-01-14T06:33:23,1813109.6528273935
100308,condominium,Elvill Drive 3044,Elvill Drive,3044,90049,Los Angeles,California,United States,34.1278078,-118.4886145,1929,2025.0,206.166296,181.263238,359.996496,5,0,1,1,8.0,2,1,3,2,50308,Max Mustermann,private,False,occupied,owned,2021-07-13,554996.057728,10063.161896,1622826.264043,1788167.055874,1769.988611,309.997956,1409.989195,EUR,False,11.099921,False,313.997138,False,2,2,False,36.999737,False,False,False,False,False,district_heating,electricity,B,24189.485689,good,False,False,630.0,16.024385,7.981611,6.389366,3.990805,2026-06-09T15:40:28,2026-06-09T15:40:28,1623775.9597994855
100309,townhouse,Milldale Drive 15400,Milldale Drive,15400,90077,Los Angeles,California,United States,34.1253744,-118.4677967,1975,2021.0,220.051055,193.533491,379.412636,6,1,1,1,7.0,4,2,3,2,50309,Max Mustermann,private,False,occupied,owned,2015-05-04,576839.214967,10676.674529,1742299.776702,1918619.215642,1833.091065,321.324037,1469.855626,EUR,False,11.536784,False,329.853652,False,2,2,False,38.455948,False,False,False,False,False,district_heating,electricity,B,26030.023587,good,False,False,130.0,17.2837,8.620956,6.89955,4.310478,2026-01-14T06:17:35,2026-01-14T06:17:35,1742472.2116872584
100310,single_family_home,Deerbrook Lane 12323,Deerbrook Lane,12323,90049,Los Angeles,California,United States,34.0749815,-118.4842991,1928,1999.0,228.268797,200.795681,902.237391,1,1,1,1,2.0,3,2,1,0,50310,Max Mustermann,private,True,occupied,owned,2016-03-31,1165017.064759,11039.784047,1813010.577574,1995827.765783,3532.27152,626.305145,3081.898622,EUR,True,23.300341,True,756.827203,True,0,0,True,77.667804,True,True,True,True,True,district_heating,electricity,B,27119.352141,good,True,True,137.0,18.02903,8.999354,7.201505,4.499677,2026-02-03T09:28:56,2026-02-03T09:28:56,1814406.200173755
100311,bungalow,North Norman Place 1269,North Norman Place,1269,90049,Los Angeles,California,United States,34.0844345,-118.4795401,1900,2002.0,80.166456,69.914542,87.051737,6,3,2,2,3.0,7,4,3,2,50311,Max Mustermann,private,False,occupied,owned,2025-01-02,247933.204566,4495.727114,538641.595929,604354.607446,882.918147,150.78018,568.409524,EUR,False,4.958664,False,91.092252,False,2,2,False,16.52888,False,False,False,False,False,district_heating,electricity,B,7487.181343,good,False,False,799.0,4.596492,2.179758,1.759605,1.089879,2026-06-28T15:07:01,2026-06-28T15:07:01,539167.0154124183
100312,loft,Montana Avenue 11672 1/2,Montana Avenue,11672 1/2,90049,Los Angeles,California,United States,34.0554295,-118.466137,1909,2008.0,88.648894,77.41065,549.942627,4,3,2,2,4.0,8,4,2,1,50312,Max Mustermann,private,True,occupied,owned,2020-11-20,768685.455535,4870.532523,611630.017562,684050.07323,2387.313538,420.799866,1995.656434,EUR,True,15.373709,True,469.119812,True,1,1,True,51.245697,True,True,True,True,True,district_heating,electricity,B,8611.597568,good,True,True,547.0,5.36583,2.570344,2.071285,1.285172,2026-06-11T19:51:15,2026-06-11T19:51:15,609641.9411325234
100313,loft,Mandeville Canyon Road 1794,Mandeville Canyon Road,1794,90049,Los Angeles,California,United States,34.067201,-118.4926064,1990,,57.100629,49.530788,,4,3,2,2,,8,4,2,1,50313,Max Mustermann,private,True,occupied,owned,,,3476.539406,340168.200093,387643.115777,,,,EUR,True,,True,,True,1,1,True,,True,True,True,True,True,district_heating,electricity,B,4429.618218,good,True,True,,2.504476,1.117657,0.91207,0.558828,2026-02-10T09:35:00,2026-02-10T09:35:00,342852.7284048605
100314,townhouse,Aqua Verde Drive 15531,Aqua Verde Drive,15531,90077,Los Angeles,California,United States,34.1235327,-118.4736024,1980,2003.0,202.724992,178.222086,1198.145329,2,1,1,1,3.0,4,2,1,0,50314,Max Mustermann,private,True,occupied,owned,2014-10-22,1497913.495153,9911.104298,1593215.047462,1755834.80858,4493.972319,798.918109,3994.281431,EUR,True,29.95827,True,998.485352,True,0,0,True,99.8609,True,True,True,True,True,district_heating,electricity,B,23733.312893,good,True,True,885.0,15.712267,7.823151,6.262918,3.911575,2026-05-22T13:05:14,2026-05-22T13:05:14,1587324.002389085
100315,bungalow,South Bundy Drive 1241,South Bundy Drive,1241,90025,Los Angeles,California,United States,34.0429957,-118.4666897,1907,1993.0,225.088961,197.985593,1195.315737,6,3,2,2,0.0,7,4,3,2,50315,Max Mustermann,private,False,occupied,owned,2022-02-04,1494730.204604,10899.279664,1785649.197684,1965952.096931,4484.776147,797.267513,3985.556857,EUR,False,29.894604,False,996.174519,False,2,2,False,99.64868,False,False,False,False,False,district_heating,electricity,B,26697.838991,good,False,False,120.0,17.740627,8.852934,7.084664,4.426467,2026-01-30T14:07:41,2026-01-30T14:07:41,1785023.0711326909
100316,apartment,Nalin Drive 2446,Nalin Drive,2446,90077,Los Angeles,California,United States,34.1208391,-118.466214,1929,2024.0,122.371139,107.211704,87.912865,7,0,1,1,8.0,1,1,4,3,50316,Max Mustermann,private,False,occupied,owned,2012-12-19,248901.973485,6360.585203,901798.171189,1000882.327461,885.716812,151.282505,571.064668,EUR,False,4.978039,False,91.795507,False,3,3,False,16.593465,False,False,False,False,False,district_heating,electricity,B,13081.75561,good,False,False,828.0,8.424359,4.123136,3.310381,2.061568,2026-02-09T15:59:45,2026-02-09T15:59:45,898419.8909239843
100317,single_family_home,South Medio Drive 152,South Medio Drive,152,90049,Los Angeles,California,United States,34.0557587,-118.4814912,1908,1993.0,168.442225,147.925687,255.785175,3,1,1,1,0.0,3,2,2,1,50317,Max Mustermann,private,True,occupied,owned,2026-03-23,437758.321561,8396.284346,1298223.793779,1433736.250504,1431.301818,249.208019,1088.670955,EUR,True,8.755166,True,228.891226,True,1,1,True,29.183888,True,True,True,True,True,district_heating,electricity,B,19188.853039,good,True,True,595.0,12.602899,6.244549,5.003226,3.122274,2026-03-16T16:45:17,2026-03-16T16:45:17,1302067.928021087
100318,bungalow,Pesquera Drive 2547,Pesquera Drive,2547,90049,Los Angeles,California,United States,34.0819617,-118.5101373,2015,,68.228968,59.365134,,4,3,2,2,,7,4,2,1,50318,Max Mustermann,private,True,occupied,owned,,,3968.256714,435923.675915,492197.743431,,,,EUR,True,,True,,True,1,1,True,,True,True,True,True,True,district_heating,electricity,B,5904.770142,good,True,True,,3.51379,1.630078,1.320971,0.815039,2026-04-17T15:30:15,2026-04-17T15:30:15,443513.9965844605
100319,apartment,Wellesley Avenue 1250,Wellesley Avenue,1250,90025,Los Angeles,California,United States,34.0418082,-118.4676004,1904,2010.0,234.924418,206.677393,318.240498,3,0,1,1,5.0,1,1,2,1,50319,Max Mustermann,private,True,occupied,owned,2022-10-22,508020.559913,11333.869649,1870279.879033,2058359.651701,1634.281618,285.64029,1281.241535,EUR,True,10.160411,True,279.896406,True,1,1,True,33.868037,True,True,True,True,True,district_heating,electricity,B,28001.608947,good,True,True,834.0,18.63268,9.305822,7.44606,4.652911,2026-04-27T17:09:24,2026-04-27T17:09:24,1872011.4071972882
100320,bungalow,Sunset Boulevard 12104,Sunset Boulevard,12104,90049,Los Angeles,California,United States,34.0599437,-118.4761135,2010,1993.0,220.890225,194.275082,1119.911254,3,3,2,2,0.0,7,4,2,1,50320,Max Mustermann,private,True,occupied,owned,2022-12-04,1409900.160292,10713.754114,1749520.538007,1926503.506364,4239.711574,753.281565,3753.059699,EUR,True,28.198003,True,934.59419,True,1,1,True,93.993344,True,True,True,True,True,district_heating,electricity,B,26141.262342,good,True,True,178.0,17.359811,8.659596,6.930385,4.329798,2026-02-18T19:32:47,2026-02-18T19:32:47,1745051.2158283365
100321,duplex,North Carmelina Avenue 415,North Carmelina Avenue,415,90049,Los Angeles,California,United States,34.0638163,-118.4859768,1942,1993.0,244.884297,215.479146,1057.037008,7,2,2,2,0.0,5,3,4,3,50321,Max Mustermann,private,False,occupied,owned,2020-08-08,1339166.634477,11773.957313,1955981.160922,2151936.186521,4035.370277,716.604922,3559.197443,EUR,False,26.783333,False,883.24689,False,3,3,False,89.277776,False,False,False,False,False,district_heating,electricity,B,29321.871939,good,False,False,181.0,19.536018,9.76444,7.812028,4.88222,2026-02-04T02:17:49,2026-02-04T02:17:49,1957438.5686866234
100322,loft,South Anita Avenue 224,South Anita Avenue,224,90049,Los Angeles,California,United States,34.0540328,-118.4819787,1909,2020.0,209.31592,184.046627,1055.124291,1,3,2,2,7.0,8,4,1,0,50322,Max Mustermann,private,True,occupied,owned,2015-06-14,1337014.827354,10202.331339,1649927.68189,1817758.87428,4029.153946,715.48917,3553.299897,EUR,True,26.740297,True,881.684838,True,0,0,True,89.134322,True,True,True,True,True,district_heating,electricity,B,24606.994018,good,True,True,725.0,16.310049,8.12664,6.505097,4.06332,2026-04-17T10:59:50,2026-04-17T10:59:50,1647885.873502207
100323,duplex,San Vicente Boulevard 12000,San Vicente Boulevard,12000,90049,Los Angeles,California,United States,34.0519241,-118.4730835,1965,2022.0,224.504484,197.469079,443.432506,3,2,2,2,8.0,5,3,2,1,50323,Max Mustermann,private,True,occupied,owned,2020-08-10,648861.569797,10873.453944,1780619.978627,1960460.73342,2041.155646,358.668962,1667.250228,EUR,True,12.977231,True,382.136547,True,1,1,True,43.257438,True,True,True,True,True,district_heating,electricity,B,26620.361833,good,True,True,536.0,17.687616,8.82602,7.063188,4.41301,2026-05-10T08:52:00,2026-05-10T08:52:00,1781920.1241734452
100324,bungalow,Promontory Road 12460,Promontory Road,12460,90049,Los Angeles,California,United States,34.1047708,-118.4857707,1930,,40.329068,34.709409,,6,3,2,2,,7,4,3,2,50324,Max Mustermann,private,False,occupied,owned,,,2735.470438,195854.769512,230068.451034,,,,EUR,False,,False,,False,2,2,False,,False,False,False,False,False,district_heating,electricity,B,2206.411314,good,False,False,,0.983334,0.345385,0.295812,0.172692,2026-03-14T23:19:53,2026-03-14T23:19:53,188232.28175767994
100325,villa,South Barrington Avenue 447,South Barrington Avenue,447,90049,Los Angeles,California,United States,34.0598616,-118.4688108,1935,2023.0,193.361361,169.94725,189.296199,7,5,3,3,8.0,12,6,4,3,50325,Max Mustermann,private,False,occupied,owned,2019-02-17,362958.223682,9497.362482,1512644.272747,1667860.232945,1215.212646,210.422783,883.66328,EUR,False,7.259164,False,174.591896,False,3,3,False,24.197215,False,False,False,False,False,district_heating,electricity,B,22492.087445,good,False,False,612.0,14.863007,7.391988,5.918859,3.695994,2026-05-31T18:42:31,2026-05-31T18:42:31,1512934.8882367858
100326,villa,North Norman Place 1221,North Norman Place,1221,90049,Los Angeles,California,United States,34.082637,-118.4790286,1985,2000.0,106.419876,93.115239,1000.493946,4,5,3,3,2.0,12,6,2,1,50326,Max Mustermann,private,True,occupied,owned,2014-04-09,1275555.688764,5655.761945,764543.115701,851014.645252,3851.605323,683.621468,3384.856332,EUR,True,25.511114,True,837.070056,True,1,1,True,85.037046,True,True,True,True,True,district_heating,electricity,B,10967.285836,good,True,True,219.0,6.977617,3.388636,2.724265,1.694318,2026-02-08T14:34:30,2026-02-08T14:34:30,760492.742119665
100327,studio,Mandeville Canyon Road 1600,Mandeville Canyon Road,1600,90049,Los Angeles,California,United States,34.0605533,-118.493653,1962,1993.0,235.125416,206.855018,844.24791,5,4,3,3,0.0,9,5,3,2,50327,Max Mustermann,private,False,occupied,owned,2012-02-12,1099778.898868,11342.750917,1872009.389189,2060248.089818,3343.805708,592.477948,2903.097723,EUR,False,21.995578,False,709.469127,False,2,2,False,73.318593,False,False,False,False,False,district_heating,electricity,B,28028.252752,good,False,False,321.0,18.65091,9.315077,7.453445,4.657539,2026-03-30T10:35:48,2026-03-30T10:35:48,1872437.0822072374
100328,mobile_home,Fordyce Road 326,Fordyce Road,326,90049,Los Angeles,California,United States,34.072738,-118.471419,1927,2022.0,207.480555,182.424676,734.013319,3,5,3,3,8.0,11,6,2,1,50328,Max Mustermann,private,True,occupied,owned,2012-03-05,975764.98373,10121.23382,1634135.007034,1800514.980653,2985.543286,528.174436,2563.207733,EUR,True,19.5153,True,619.44421,True,1,1,True,65.050999,True,True,True,True,True,district_heating,electricity,B,24363.70146,good,True,True,590.0,16.143585,8.042128,6.437658,4.021064,2026-05-20T12:29:59,2026-05-20T12:29:59,1633405.3783870477
100329,villa,3Rd Anita Drive 169,3Rd Anita Drive,169,90049,Los Angeles,California,United States,34.0547359,-118.4837845,1969,1995.0,220.773766,194.172165,1184.679676,2,5,3,3,1.0,12,6,1,0,50329,Max Mustermann,private,True,occupied,owned,2024-10-12,1482764.635903,10708.60827,1748518.452494,1925409.337318,4450.208948,791.063145,3952.762335,EUR,True,29.655293,True,987.488402,True,0,0,True,98.850976,True,True,True,True,True,district_heating,electricity,B,26125.824809,good,True,True,943.0,17.349249,8.654234,6.926106,4.327117,2026-03-24T06:44:15,2026-03-24T06:44:15,1747003.4322181316
100330,loft,North Bundy Drive 1465,North Bundy Drive,1465,90049,Los Angeles,California,United States,34.0838666,-118.4849098,1916,2001.0,209.311103,184.04237,784.771581,7,3,2,2,2.0,8,4,4,3,50330,Max Mustermann,private,False,occupied,owned,2019-09-02,1032868.028909,10202.118507,1649886.235663,1817713.61948,3150.507639,557.783422,2719.712376,EUR,False,20.657361,False,660.896791,False,3,3,False,68.857869,False,False,False,False,False,district_heating,electricity,B,24606.355522,good,False,False,671.0,16.309612,8.126418,6.50492,4.063209,2026-05-27T12:14:54,2026-05-27T12:14:54,1646571.5377054084
100331,single_family_home,Linda Flora Drive 943,Linda Flora Drive,943,90049,Los Angeles,California,United States,34.0855031,-118.4665715,1992,1994.0,92.363228,80.693085,9.387729,1,1,1,1,1.0,3,2,1,0,50331,Max Mustermann,private,True,occupied,owned,2017-12-12,160561.194655,5034.654241,643590.56275,718947.533381,630.510118,105.476175,328.945496,EUR,True,3.211224,True,27.666645,True,0,0,True,10.70408,True,True,True,True,True,district_heating,electricity,B,9103.962723,good,True,True,483.0,5.702711,2.741377,2.207765,1.370688,2026-04-16T01:20:47,2026-04-16T01:20:47,640539.29662047
100332,townhouse,Casiano Road 1335,Casiano Road,1335,90049,Los Angeles,California,United States,34.0868958,-118.4727401,2019,1994.0,204.285519,179.601157,980.524962,8,1,1,1,1.0,4,2,4,3,50332,Max Mustermann,private,False,occupied,owned,2019-07-02,1253090.582406,9980.057837,1606642.841901,1770496.508454,3786.706127,671.972895,3323.2853,EUR,False,25.061812,False,820.762052,False,3,3,False,83.539372,False,False,False,False,False,district_heating,electricity,B,23940.17351,good,False,False,266.0,15.853803,7.895008,6.320259,3.947504,2026-05-02T22:58:51,2026-05-02T22:58:51,1600830.0727023468
100333,duplex,Correa Way 1741,Correa Way,1741,90049,Los Angeles,California,United States,34.0654119,-118.4967872,2012,,58.24056,50.538169,,4,2,2,2,,5,3,2,1,50333,Max Mustermann,private,True,occupied,owned,,,3526.908451,349976.908845,398353.165334,,,,EUR,True,,True,,True,1,1,True,,True,True,True,True,True,district_heating,electricity,B,4580.725352,good,True,True,,2.607865,1.170147,0.953955,0.585073,2026-04-08T12:42:50,2026-04-08T12:42:50,349525.7559437054
100334,townhouse,Wilshire Boulevard 11907,Wilshire Boulevard,11907,90025,Los Angeles,California,United States,34.0468785,-118.4643573,1973,2005.0,222.515858,195.711689,359.254503,4,1,1,1,3.0,4,2,2,1,50334,Max Mustermann,private,True,occupied,owned,2019-03-22,554161.31547,10785.584438,1763508.548376,1941776.90147,1767.577134,309.565127,1407.701383,EUR,True,11.083226,True,313.391177,True,1,1,True,36.944088,True,True,True,True,True,district_heating,electricity,B,26356.753313,good,True,True,602.0,17.507252,8.734451,6.990118,4.367226,2026-06-16T04:31:02,2026-06-16T04:31:02,1762525.408836152
100335,apartment,Gorham Avenue 12239,Gorham Avenue,12239,90049,Los Angeles,California,United States,34.0479633,-118.4737533,1973,2015.0,219.597549,193.132718,796.066458,8,0,1,1,6.0,1,1,4,3,50335,Max Mustermann,private,False,occupied,owned,2020-06-22,1045574.765204,10656.635888,1738397.514975,1914358.367702,3187.215988,564.3721,2754.538245,EUR,False,20.911495,False,670.120941,False,3,3,False,69.704984,False,False,False,False,False,district_heating,electricity,B,25969.907663,good,False,False,823.0,17.242568,8.600073,6.882887,4.300037,2026-02-02T16:37:21,2026-02-02T16:37:21,1741191.2939143954
100336,penthouse,Casiano Road 2704,Casiano Road,2704,90077,Los Angeles,California,United States,34.1201781,-118.4726052,1960,1997.0,82.823249,72.262406,1126.716005,6,4,3,3,1.0,10,5,3,2,50336,Max Mustermann,private,False,occupied,owned,2026-05-09,1417555.505302,4613.120317,561502.377459,629316.109442,4261.827015,757.251003,3774.041015,EUR,False,28.35111,False,940.151404,False,2,2,False,94.5037,False,False,False,False,False,district_heating,electricity,B,7839.36095,good,False,False,797.0,4.837457,2.302094,1.857226,1.151047,2026-01-26T14:06:33,2026-01-26T14:06:33,561623.550235176
100337,villa,Chaparal Street 11907,Chaparal Street,11907,90049,Los Angeles,California,United States,34.0644888,-118.4742187,1931,2005.0,210.56612,185.151455,161.149337,5,5,3,3,3.0,12,6,3,2,50337,Max Mustermann,private,False,occupied,owned,2011-03-20,331293.004431,10257.572753,1660685.220354,1829504.943306,1123.735346,194.00378,796.877123,EUR,False,6.62586,False,151.605292,False,2,2,False,22.0862,False,False,False,False,False,district_heating,electricity,B,24772.71826,good,False,False,756.0,16.423439,8.184207,6.551034,4.092104,2026-04-27T00:46:09,2026-04-27T00:46:09,1656242.22434747
100338,studio,Westridge Road 2651,Westridge Road,2651,90049,Los Angeles,California,United States,34.0852783,-118.5091213,2000,1992.0,133.965195,117.457615,138.514405,4,4,3,3,0.0,9,5,2,1,50338,Max Mustermann,private,True,occupied,owned,2025-02-07,305828.705066,6872.880729,1001560.984156,1109812.534051,1050.171815,180.800069,727.086081,EUR,True,6.116574,True,133.120097,True,1,1,True,20.38858,True,True,True,True,True,district_heating,electricity,B,14618.642188,good,True,True,255.0,9.475913,4.657002,3.736396,2.328501,2026-04-15T20:09:04,2026-04-15T20:09:04,1004645.4716817326
100339,apartment,Montana Avenue 12340,Montana Avenue,12340,90049,Los Angeles,California,United States,34.0470579,-118.4759563,1960,1995.0,100.616036,87.986265,128.443173,4,0,1,1,1.0,1,1,2,1,50339,Max Mustermann,private,True,occupied,owned,2024-08-28,294498.569908,5399.31324,714603.104576,796485.552024,1017.440313,174.925184,696.033118,EUR,True,5.889971,True,124.895258,True,1,1,True,19.633238,True,True,True,True,True,district_heating,electricity,B,10197.939719,good,True,True,780.0,6.451222,3.12139,2.511008,1.560695,2026-05-01T08:21:39,2026-05-01T08:21:39,717993.3831952162
100340,villa,Collina Strada 15508,Collina Strada,15508,90077,Los Angeles,California,United States,34.1179561,-118.4744345,2003,2016.0,205.999282,181.115645,663.868369,1,5,3,3,6.0,12,6,1,0,50340,Max Mustermann,private,True,occupied,owned,2024-06-29,896851.915195,10055.782242,1621389.173433,1786597.908289,2757.572199,487.256549,2346.927471,EUR,True,17.937038,True,562.159168,True,0,0,True,59.790128,True,True,True,True,True,district_heating,electricity,B,24167.346726,good,True,True,369.0,16.009237,7.97392,6.383229,3.98696,2026-06-27T12:41:05,2026-06-27T12:41:05,1623441.1950768128
100341,triplex,Bristol Circle 12760,Bristol Circle,12760,90049,Los Angeles,California,United States,34.0562186,-118.4871378,1952,2023.0,83.93303,73.243143,326.817855,4,2,2,2,8.0,6,3,2,1,50341,Max Mustermann,private,True,occupied,owned,2012-03-17,517670.086625,4662.15713,571051.651704,639742.884564,1662.158028,290.643749,1307.688386,EUR,True,10.353402,True,286.901248,True,1,1,True,34.511339,True,True,True,True,True,district_heating,electricity,B,7986.471391,good,True,True,458.0,4.938112,2.353195,1.898004,1.176598,2026-03-26T21:54:34,2026-03-26T21:54:34,575314.5284713155
100342,apartment,South Rockingham Avenue 142,South Rockingham Avenue,142,90049,Los Angeles,California,United States,34.0565203,-118.4924873,1924,,40.087853,34.496243,,7,0,1,1,,1,1,4,3,50342,Max Mustermann,private,False,occupied,owned,,,2724.81213,193779.204198,227802.158097,,,,EUR,False,,False,,False,3,3,False,,False,False,False,False,False,district_heating,electricity,B,2174.436389,good,False,False,,0.961456,0.334278,0.286949,0.167139,2026-04-08T10:40:45,2026-04-08T10:40:45,191024.7526885199
100343,apartment,West Chalon Road 11996,West Chalon Road,11996,90049,Los Angeles,California,United States,34.082201,-118.4802915,1912,,76.522904,66.69466,,6,0,1,1,,1,1,3,2,50343,Max Mustermann,private,False,occupied,owned,,,4334.732989,507290.108406,570122.172422,,,,EUR,False,,False,,False,2,2,False,,False,False,False,False,False,district_heating,electricity,B,7004.198967,good,False,False,,4.266031,2.011985,1.625725,1.005992,2026-05-05T17:02:39,2026-05-05T17:02:39,507783.76378876664
100344,penthouse,Brentwood Terrace 13001,Brentwood Terrace,13001,90049,Los Angeles,California,United States,34.0469225,-118.4894314,1912,2010.0,105.57632,92.369771,725.795792,5,4,3,3,5.0,10,5,3,2,50344,Max Mustermann,private,False,occupied,owned,2011-05-12,966520.266491,5618.488536,757284.609716,843089.141419,2958.836325,523.380879,2537.87036,EUR,False,19.330405,False,612.73323,False,2,2,False,64.434684,False,False,False,False,False,district_heating,electricity,B,10855.465609,good,False,False,737.0,6.901108,3.349793,2.693269,1.674897,2026-01-18T07:40:43,2026-01-18T07:40:43,756446.693560479
100345,loft,South Bristol Avenue 406,South Bristol Avenue,406,90049,Los Angeles,California,United States,34.0511555,-118.4856556,1984,2006.0,220.835883,194.227059,861.134625,2,3,2,2,4.0,8,4,1,0,50345,Max Mustermann,private,True,occupied,owned,2019-01-12,1118776.452637,10711.352949,1749052.942756,1925992.942901,3398.68753,602.328531,2955.165092,EUR,True,22.375529,True,723.259943,True,0,0,True,74.585097,True,True,True,True,True,district_heating,electricity,B,26134.058848,good,True,True,715.0,17.354882,8.657094,6.928388,4.328547,2026-03-15T07:47:05,2026-03-15T07:47:05,1747110.356871712
100346,studio,Wellesley Avenue 867,Wellesley Avenue,867,90049,Los Angeles,California,United States,34.0457265,-118.4753902,1955,2003.0,242.881157,213.70893,244.316775,5,4,3,3,3.0,9,5,3,2,50346,Max Mustermann,private,False,occupied,owned,2026-05-02,424856.371642,11685.446488,1938744.842489,2133115.990178,1394.029518,242.518119,1053.310056,EUR,False,8.497127,False,219.525366,False,2,2,False,28.323758,False,False,False,False,False,district_heating,electricity,B,29056.339465,good,False,False,432.0,19.354338,9.672202,7.738424,4.836101,2026-04-22T03:48:40,2026-04-22T03:48:40,1941215.2478085526
100347,studio,Mandeville Canyon Road 1641,Mandeville Canyon Road,1641,90049,Los Angeles,California,United States,34.0623751,-118.4944745,1945,2010.0,95.011873,83.033749,761.085551,6,4,3,3,5.0,9,5,3,2,50347,Max Mustermann,private,False,occupied,owned,2017-08-11,1006221.244495,5151.687431,666381.236535,743832.485298,3073.52804,543.966571,2646.680448,EUR,False,20.124425,False,641.5532,False,2,2,False,67.081416,False,False,False,False,False,district_heating,electricity,B,9455.062293,good,False,False,498.0,5.942937,2.863337,2.305087,1.431669,2026-06-30T03:28:10,2026-06-30T03:28:10,666109.868654721
100348,single_family_home,North Bundy Drive 701,North Bundy Drive,701,90049,Los Angeles,California,United States,34.0727163,-118.4780465,1954,2005.0,172.918574,151.88153,316.780682,7,1,1,1,3.0,3,2,4,3,50348,Max Mustermann,private,False,occupied,owned,2012-06-14,506378.267201,8594.076517,1336741.216424,1475793.111987,1629.537216,284.788731,1276.740436,EUR,False,10.127565,False,278.704224,False,3,3,False,33.758551,False,False,False,False,False,district_heating,electricity,B,19782.22955,good,False,False,971.0,13.008894,6.450669,5.167706,3.225335,2026-06-27T09:57:01,2026-06-27T09:57:01,1335235.504166052
100349,apartment,North Saltair Avenue 320,North Saltair Avenue,320,90049,Los Angeles,California,United States,34.0675076,-118.4740963,1952,2006.0,120.930853,105.938893,586.238223,6,0,1,1,4.0,1,1,3,2,50349,Max Mustermann,private,False,occupied,owned,2015-07-30,809518.000402,6296.944651,889405.011066,987350.336407,2505.274223,441.972297,2107.567853,EUR,False,16.19036,False,498.761215,False,2,2,False,53.967867,False,False,False,False,False,district_heating,electricity,B,12890.833954,good,False,False,579.0,8.293728,4.056816,3.257459,2.028408,2026-01-12T10:50:03,2026-01-12T10:50:03,890515.4427226582
100350,studio,South Anita Avenue 330,South Anita Avenue,330,90049,Los Angeles,California,United States,34.0520837,-118.4811141,1959,2015.0,245.947183,216.418441,1086.403789,1,4,3,3,6.0,9,5,1,0,50350,Max Mustermann,private,True,occupied,owned,2014-04-19,1372204.262957,11820.922028,1965126.921317,2161922.36814,4130.812315,733.735544,3649.745017,EUR,True,27.444085,True,907.229761,True,0,0,True,91.480284,True,True,True,True,True,district_heating,electricity,B,29462.766085,good,True,True,512.0,19.632419,9.813382,7.851083,4.906691,2026-03-17T11:23:27,2026-03-17T11:23:27,1969399.312377253
100351,condominium,North Sepulveda Boulevard 2387 1/2,North Sepulveda Boulevard,2387 1/2,90049,Los Angeles,California,United States,34.1125758,-118.4836833,2010,1998.0,150.286382,131.880989,1015.324456,2,0,1,1,2.0,2,1,1,0,50351,Max Mustermann,private,True,occupied,owned,2014-04-08,1292240.012948,7594.049459,1141999.105086,1263155.779607,3899.804482,692.272599,3430.583739,EUR,True,25.8448,True,849.181639,True,0,0,True,86.149334,True,True,True,True,True,district_heating,electricity,B,16782.148376,good,True,True,173.0,10.956207,5.408536,4.336104,2.704268,2026-02-07T07:33:26,2026-02-07T07:33:26,1142469.1460176997
100352,single_family_home,Casiano Road 1305,Casiano Road,1305,90049,Los Angeles,California,United States,34.0861618,-118.4719701,1993,2009.0,236.935985,208.455057,110.758161,5,1,1,1,4.0,3,2,3,2,50352,Max Mustermann,private,False,occupied,owned,2022-01-11,274602.931412,11422.752833,1887588.709601,2077259.023456,959.964024,164.608927,641.504331,EUR,False,5.492059,False,110.452498,False,2,2,False,18.306862,False,False,False,False,False,district_heating,electricity,B,28268.258499,good,False,False,303.0,18.815124,9.398448,7.519973,4.699224,2026-05-25T21:50:11,2026-05-25T21:50:11,1887108.9915114134
100353,condominium,Corda Drive 3001,Corda Drive,3001,90049,Los Angeles,California,United States,34.1270213,-118.4879096,1906,,59.798477,51.914933,,3,0,1,1,,2,1,2,1,50353,Max Mustermann,private,True,occupied,owned,,,3595.746643,363382.240925,412990.33874,,,,EUR,True,,True,,True,1,1,True,,True,True,True,True,True,district_heating,electricity,B,4787.239928,good,True,True,,2.749164,1.241883,1.0112,0.620942,2026-02-13T05:05:39,2026-02-13T05:05:39,361510.3134177245
100354,penthouse,Inavale Place 12100,Inavale Place,12100,90049,Los Angeles,California,United States,34.0764336,-118.4806606,1986,2019.0,243.636131,214.376116,508.290927,5,4,3,3,7.0,10,5,3,2,50354,Max Mustermann,private,False,occupied,owned,2020-01-24,721827.292961,11718.805805,1945241.130391,2140209.234265,2251.945513,396.503041,1867.230358,EUR,False,14.436546,False,435.104257,False,2,2,False,48.12182,False,False,False,False,False,district_heating,electricity,B,29156.417414,good,False,False,280.0,19.422812,9.706966,7.766165,4.853483,2026-04-08T19:43:15,2026-04-08T19:43:15,1943914.5226876962
100355,condominium,South Barrington Avenue 330,South Barrington Avenue,330,90049,Los Angeles,California,United States,34.0614552,-118.4683646,1983,,73.39208,63.927885,,1,0,1,1,,2,1,1,0,50355,Max Mustermann,private,True,occupied,owned,,,4196.394254,480350.459919,540706.988668,,,,EUR,True,,True,,True,0,0,True,,True,True,True,True,True,district_heating,electricity,B,6589.182761,good,True,True,,3.982072,1.867821,1.510686,0.933911,2026-05-08T18:09:14,2026-05-08T18:09:14,481135.0765544507
100356,mobile_home,Goshen Avenue 12209,Goshen Avenue,12209,90049,Los Angeles,California,United States,34.0448182,-118.4695365,1982,2010.0,241.944878,212.88152,332.016269,2,5,3,3,5.0,11,6,1,0,50356,Max Mustermann,private,True,occupied,owned,2013-02-22,523518.302363,11644.076,1930688.484159,2124319.317838,1679.052873,293.676157,1323.716829,EUR,True,10.470366,True,291.146619,True,0,0,True,34.90122,True,True,True,True,True,district_heating,electricity,B,28932.227999,good,True,True,115.0,19.269419,9.62909,7.704021,4.814545,2026-04-29T20:16:29,2026-04-29T20:16:29,1940124.6016735304
100357,townhouse,Kenfield Avenue 918,Kenfield Avenue,918,90049,Los Angeles,California,United States,34.0758558,-118.4830119,1912,1994.0,92.075268,80.438609,4.254827,7,1,1,1,1.0,4,2,4,3,50357,Max Mustermann,private,False,occupied,owned,2019-06-19,154786.680269,5021.930444,641112.770667,716242.052296,613.828187,102.481982,313.11905,EUR,False,3.095734,False,23.474775,False,3,3,False,10.319112,False,False,False,False,False,district_heating,electricity,B,9065.791332,good,False,False,396.0,5.676594,2.728117,2.197184,1.364058,2026-03-07T21:00:57,2026-03-07T21:00:57,639657.5853059646
100358,bungalow,Banyan Drive 2117,Banyan Drive,2117,90049,Los Angeles,California,United States,34.0741502,-118.5024488,1907,,58.306548,50.596484,,6,3,2,2,,7,4,3,2,50358,Max Mustermann,private,False,occupied,owned,,,3529.824199,350544.712347,398973.145374,,,,EUR,False,,False,,False,2,2,False,,False,False,False,False,False,district_heating,electricity,B,4589.472596,good,False,False,,2.61385,1.173185,0.95638,0.586593,2026-04-30T09:43:34,2026-04-30T09:43:34,351501.59692229045
100359,condominium,North Carmelina Avenue 200,North Carmelina Avenue,200,90049,Los Angeles,California,United States,34.0607198,-118.483672,1951,1990.0,128.431208,112.567114,925.343068,6,0,1,1,0.0,2,1,3,2,50359,Max Mustermann,private,False,occupied,owned,2014-02-12,1191010.951076,6628.355706,953942.953345,1057818.792301,3607.36497,639.783456,3153.141125,EUR,False,23.820219,False,775.696839,False,2,2,False,79.40073,False,False,False,False,False,district_heating,electricity,B,13885.067119,good,False,False,71.0,8.973993,4.402181,3.533054,2.201091,2026-02-10T02:28:22,2026-02-10T02:28:22,952296.7572984903
100360,penthouse,Dorothy Street 11732,Dorothy Street,11732,90049,Los Angeles,California,United States,34.0523538,-118.4657593,1993,2019.0,191.637188,168.423562,764.536053,7,4,3,3,7.0,10,5,4,3,50360,Max Mustermann,private,False,occupied,owned,2016-03-31,1010103.059357,9421.178076,1497808.362208,1651661.022518,3084.742171,545.979364,2657.319496,EUR,False,20.202061,False,644.37111,False,3,3,False,67.340204,False,False,False,False,False,district_heating,electricity,B,22263.534229,good,False,False,652.0,14.706629,7.312596,5.855506,3.656298,2026-05-31T09:40:27,2026-05-31T09:40:27,1500235.3682056966
100361,townhouse,North Bundy Drive 514,North Bundy Drive,514,90049,Los Angeles,California,United States,34.0688216,-118.4760783,1943,1996.0,102.440623,89.59869,314.346315,2,1,1,1,1.0,4,2,1,0,50361,Max Mustermann,private,True,occupied,owned,2020-05-17,503639.604286,5479.934485,730303.031261,813628.174674,1621.625523,283.368684,1269.234471,EUR,True,10.072792,True,276.716157,True,0,0,True,33.575974,True,True,True,True,True,district_heating,electricity,B,10439.803455,good,True,True,617.0,6.616708,3.205405,2.578051,1.602703,2026-06-26T08:29:54,2026-06-26T08:29:54,729089.355978785
100362,penthouse,Banyan Drive 2184,Banyan Drive,2184,90049,Los Angeles,California,United States,34.076048,-118.5030976,2002,1994.0,165.334903,145.179682,889.47709,7,4,3,3,1.0,10,5,4,3,50362,Max Mustermann,private,False,occupied,owned,2015-08-09,1150661.72627,8258.984106,1271486.378616,1404541.883678,3490.800543,618.861636,3042.554361,EUR,False,23.013235,False,746.40629,False,3,3,False,76.710782,False,False,False,False,False,district_heating,electricity,B,18776.952319,good,False,False,285.0,12.321073,6.101468,4.88905,3.050734,2026-03-19T06:24:54,2026-03-19T06:24:54,1270447.8250006342
100363,penthouse,Westridge Road 2618,Westridge Road,2618,90049,Los Angeles,California,United States,34.084305,-118.5088732,2010,2024.0,144.955958,127.170381,662.016505,4,4,3,3,8.0,10,5,2,1,50363,Max Mustermann,private,True,occupied,owned,2011-09-10,894768.568521,7358.519067,1096132.660389,1213074.580532,2751.553642,486.176295,2341.217558,EUR,True,17.895371,True,560.646813,True,1,1,True,59.651238,True,True,True,True,True,district_heating,electricity,B,16075.557201,good,True,True,652.0,10.47275,5.163088,4.140242,2.581544,2026-05-04T03:15:24,2026-05-04T03:15:24,1095756.803226538
100364,apartment,Linda Flora Drive 1239,Linda Flora Drive,1239,90049,Los Angeles,California,United States,34.0932339,-118.4662976,1913,2003.0,117.817018,103.187132,513.224303,5,0,1,1,3.0,1,1,3,2,50364,Max Mustermann,private,False,occupied,owned,2019-12-10,727377.340624,6159.356617,862611.551688,958094.775356,2267.978984,399.380843,1882.4416,EUR,False,14.547547,False,439.133181,False,2,2,False,48.491823,False,False,False,False,False,district_heating,electricity,B,12478.06985,good,False,False,275.0,8.011311,3.913435,3.143044,1.956717,2026-05-27T11:36:18,2026-05-27T11:36:18,861126.6954085683
100365,penthouse,Mandeville Canyon Road 1776,Mandeville Canyon Road,1776,90049,Los Angeles,California,United States,34.0664821,-118.4927159,1931,2022.0,158.966429,139.551728,11.60364,1,4,3,3,8.0,10,5,1,0,50365,Max Mustermann,private,True,occupied,owned,2022-05-06,163054.094471,7977.586413,1216687.880469,1344707.847863,637.711828,106.76879,335.777889,EUR,True,3.261082,True,29.476306,True,0,0,True,10.870273,True,True,True,True,True,district_heating,electricity,B,17932.75924,good,True,True,57.0,11.743467,5.808222,4.655046,2.904111,2026-06-29T09:01:53,2026-06-29T09:01:53,1224524.6029914066
100366,condominium,North Bundy Drive 864,North Bundy Drive,864,90049,Los Angeles,California,United States,34.0763532,-118.4801071,1924,2006.0,89.765339,78.397276,90.292632,7,0,1,1,4.0,2,1,4,3,50366,Max Mustermann,private,False,occupied,owned,2012-03-13,251579.2111,4919.863808,621236.636356,694539.4624,893.451054,152.670702,578.402282,EUR,False,5.031584,False,93.738983,False,3,3,False,16.771947,False,False,False,False,False,district_heating,electricity,B,8759.591425,good,False,False,122.0,5.467089,2.621753,2.112308,1.310876,2026-06-18T12:17:00,2026-06-18T12:17:00,618194.4554151241
100367,bungalow,Boca De Canon Lane 13172,Boca De Canon Lane,13172,90049,Los Angeles,California,United States,34.0728248,-118.4983822,1924,1998.0,187.388836,164.669204,1059.727672,1,3,2,2,2.0,7,4,1,0,50367,Max Mustermann,private,True,occupied,owned,2011-02-19,1342193.630955,9233.460196,1461252.775093,1611746.273345,4044.114934,718.174475,3567.493655,EUR,True,26.843873,True,885.444265,True,0,0,True,89.479575,True,True,True,True,True,district_heating,electricity,B,21700.380589,good,True,True,774.0,14.321313,7.116974,5.699404,3.558487,2026-05-25T21:49:47,2026-05-25T21:49:47,1453597.853774585
100368,mobile_home,Santa Monica Boulevard 12128,Santa Monica Boulevard,12128,90025,Los Angeles,California,United States,34.0401301,-118.4638544,1968,,35.363625,30.321343,,4,5,3,3,,11,6,2,1,50368,Max Mustermann,private,True,occupied,owned,,,2516.067143,153128.864704,183416.382002,,,,EUR,True,,True,,True,1,1,True,,True,True,True,True,True,district_heating,electricity,B,1548.201429,good,True,True,,0.53298,0.116744,0.113361,0.058372,2026-01-13T19:47:31,2026-01-13T19:47:31,157402.00235068545
100369,penthouse,Wellesley Avenue 876,Wellesley Avenue,876,90049,Los Angeles,California,United States,34.045915,-118.4746724,1957,2012.0,233.998661,205.859281,1084.714286,6,4,3,3,5.0,10,5,3,2,50369,Max Mustermann,private,False,occupied,owned,2024-08-17,1370303.571606,11292.964072,1862314.056173,2049661.834308,4125.321429,732.75,3644.535715,EUR,False,27.406071,False,905.85,False,2,2,False,91.353571,False,False,False,False,False,district_heating,electricity,B,27878.892217,good,False,False,696.0,18.548716,9.263194,7.412044,4.631597,2026-03-15T07:38:51,2026-03-15T07:38:51,1870058.9069635049
100370,penthouse,Darlington Avenue 11738 1/2,Darlington Avenue,11738 1/2,90049,Los Angeles,California,United States,34.0516041,-118.4650781,1917,1994.0,150.767179,132.305879,654.708347,7,4,3,3,1.0,10,5,4,3,50370,Max Mustermann,private,False,occupied,owned,2022-02-15,886546.890427,7615.293972,1146136.194622,1267673.034127,2727.802128,481.913202,2318.68407,EUR,False,17.730938,False,554.678483,False,3,3,False,59.103126,False,False,False,False,False,district_heating,electricity,B,16845.881917,good,False,False,110.0,10.999814,5.430675,4.353771,2.715337,2026-04-01T07:40:12,2026-04-01T07:40:12,1145176.9658685715
100371,studio,South Bundy Drive 231,South Bundy Drive,231,90049,Los Angeles,California,United States,34.0580625,-118.4763678,1954,2005.0,189.67745,166.6917,1001.514024,2,4,3,3,3.0,9,5,1,0,50371,Max Mustermann,private,True,occupied,owned,2010-05-01,1276703.276846,9334.584992,1480945.498418,1633248.598273,3854.920578,684.216514,3388.001574,EUR,True,25.534066,True,837.903119,True,0,0,True,85.113552,True,True,True,True,True,district_heating,electricity,B,22003.754976,good,True,True,284.0,14.528885,7.222357,5.783497,3.611178,2026-06-08T08:43:48,2026-06-08T08:43:48,1474339.96475358
100372,triplex,La Condesa Drive 2532,La Condesa Drive,2532,90049,Los Angeles,California,United States,34.0807043,-118.5104865,1923,2013.0,194.519267,170.970515,699.01148,6,2,2,2,5.0,6,3,3,2,50372,Max Mustermann,private,False,occupied,owned,2012-02-04,936387.914761,9548.525739,1522607.644003,1678739.157236,2871.787309,507.756697,2455.285396,EUR,False,18.727758,False,590.859375,False,2,2,False,62.425861,False,False,False,False,False,district_heating,electricity,B,22645.577218,good,False,False,119.0,14.968027,7.445306,5.961406,3.722653,2026-06-18T21:53:08,2026-06-18T21:53:08,1519568.0404804803
100373,duplex,Bristol Circle 12780,Bristol Circle,12780,90049,Los Angeles,California,United States,34.0557684,-118.4876365,1935,2008.0,179.185128,157.419416,177.712543,6,2,2,2,4.0,5,3,3,2,50373,Max Mustermann,private,False,occupied,owned,2015-04-21,349926.610516,8870.970792,1390662.733201,1534669.578955,1177.565764,203.66565,847.947007,EUR,False,6.998532,False,165.13191,False,2,2,False,23.328441,False,False,False,False,False,district_heating,electricity,B,20612.912376,good,False,False,977.0,13.577256,6.739222,5.397965,3.369611,2026-06-10T03:57:40,2026-06-10T03:57:40,1391438.1607938726
100374,townhouse,South Canyon View Drive 334,South Canyon View Drive,334,90049,Los Angeles,California,United States,34.0517673,-118.4822765,1959,2000.0,113.307616,99.20208,152.934623,2,1,1,1,2.0,4,2,1,0,50374,Max Mustermann,private,True,occupied,owned,2013-09-24,322051.451031,5960.103982,823809.722795,915727.372998,1097.037525,189.211863,771.548421,EUR,True,6.441029,True,144.896609,True,0,0,True,21.470097,True,True,True,True,True,district_heating,electricity,B,11880.311946,good,True,True,82.0,7.602319,3.705793,2.97735,1.852896,2026-06-15T01:19:50,2026-06-15T01:19:50,831209.1140351354
100375,mobile_home,Brinkley Avenue 1328,Brinkley Avenue,1328,90049,Los Angeles,California,United States,34.0515598,-118.4963867,1931,,50.044369,43.295024,,5,5,3,3,,11,6,3,2,50375,Max Mustermann,private,False,occupied,owned,,,3164.751206,279451.550584,321347.098475,,,,EUR,False,,False,,False,2,2,False,,False,False,False,False,False,district_heating,electricity,B,3494.253617,good,False,False,,1.864489,0.792741,0.652793,0.39637,2026-04-23T01:37:23,2026-04-23T01:37:23,281354.3578213604
100376,villa,Wellesley Avenue 905,Wellesley Avenue,905,90049,Los Angeles,California,United States,34.0453994,-118.4746456,2011,2018.0,177.811102,156.20516,369.91002,5,5,3,3,7.0,12,6,3,2,50376,Max Mustermann,private,False,occupied,owned,2019-02-12,566148.772406,8810.258007,1378839.717086,1521760.123521,1802.207565,315.780845,1440.555895,EUR,False,11.322975,False,322.093183,False,2,2,False,37.743251,False,False,False,False,False,district_heating,electricity,B,20430.77402,good,False,False,930.0,13.452635,6.675953,5.347478,3.337977,2026-02-03T02:58:18,2026-02-03T02:58:18,1383039.0059849916
100377,triplex,Banyan Drive 2460,Banyan Drive,2460,90049,Los Angeles,California,United States,34.0813304,-118.5054973,2018,2024.0,105.993008,92.738007,1078.777786,7,2,2,2,8.0,6,3,4,3,50377,Max Mustermann,private,False,occupied,owned,2020-11-22,1363625.009802,5636.900342,760870.066679,847004.072806,4106.027806,729.287042,3626.231508,EUR,False,27.2725,False,901.001859,False,3,3,False,90.908334,False,False,False,False,False,district_heating,electricity,B,10910.701027,good,False,False,388.0,6.938901,3.36898,2.70858,1.68449,2026-03-25T23:26:11,2026-03-25T23:26:11,755861.7020402198
100378,townhouse,Vista Moraga 1397,Vista Moraga,1397,90049,Los Angeles,California,United States,34.0886606,-118.4672664,1909,2009.0,102.491864,89.643973,955.346766,6,1,1,1,4.0,4,2,3,2,50378,Max Mustermann,private,False,occupied,owned,2020-10-18,1224765.111599,5482.198628,730743.943358,814109.603018,3704.876989,657.285613,3245.652528,EUR,False,24.495302,False,800.199859,False,2,2,False,81.651007,False,False,False,False,False,district_heating,electricity,B,10446.595884,good,False,False,122.0,6.621355,3.207765,2.579934,1.603882,2026-02-21T04:50:34,2026-02-21T04:50:34,730262.2606305407
100379,duplex,West Sunset Boulevard 12184,West Sunset Boulevard,12184,90049,Los Angeles,California,United States,34.0585352,-118.4778828,1956,2023.0,217.323285,191.122903,1032.843098,7,2,2,2,8.0,5,3,4,3,50379,Max Mustermann,private,False,occupied,owned,2014-10-18,1311948.485701,10556.145155,1718828.267087,1892990.864603,3956.74007,702.491807,3484.599553,EUR,False,26.23897,False,863.48853,False,3,3,False,87.463232,False,False,False,False,False,district_heating,electricity,B,25668.435466,good,False,False,576.0,17.036298,8.495351,6.799321,4.247676,2026-04-04T16:32:58,2026-04-04T16:32:58,1719511.6289000297
100380,bungalow,Gorham Avenue 12315,Gorham Avenue,12315,90049,Los Angeles,California,United States,34.0471844,-118.4749764,2003,1990.0,189.747167,166.75331,1078.709564,5,3,2,2,0.0,7,4,3,2,50380,Max Mustermann,private,False,occupied,owned,2018-12-30,1363548.259311,9337.665499,1481545.386576,1633903.611288,4105.806082,729.247246,3626.021155,EUR,False,27.270965,False,900.946144,False,2,2,False,90.903217,False,False,False,False,False,district_heating,electricity,B,22012.996496,good,False,False,293.0,14.535208,7.225567,5.786059,3.612784,2026-03-11T05:16:58,2026-03-11T05:16:58,1480059.3573868137
100381,single_family_home,Allenford Avenue 1488,Allenford Avenue,1488,90049,Los Angeles,California,United States,34.0552987,-118.4968762,2010,2025.0,99.569288,87.061231,252.091846,3,1,1,1,8.0,3,2,2,1,50381,Max Mustermann,private,True,occupied,owned,2011-04-26,433603.326759,5353.061548,705596.196191,786650.981787,1419.2985,247.053577,1077.283192,EUR,True,8.672067,True,225.875008,True,1,1,True,28.906888,True,True,True,True,True,district_heating,electricity,B,10059.184644,good,True,True,335.0,6.356284,3.07319,2.472546,1.536595,2026-05-04T09:47:55,2026-05-04T09:47:55,705043.8024217659
100382,mobile_home,Barrington Avenue 908,Barrington Avenue,908,90049,Los Angeles,California,United States,34.0532326,-118.4648827,2009,2009.0,101.496202,88.764086,299.435687,4,5,3,3,4.0,11,6,2,1,50382,Max Mustermann,private,True,occupied,owned,2013-09-10,486865.147951,5438.204291,722176.625086,804755.017661,1573.165983,274.670817,1223.260035,EUR,True,9.737303,True,264.539144,True,1,1,True,32.457677,True,True,True,True,True,district_heating,electricity,B,10314.612873,good,True,True,735.0,6.531051,3.161918,2.543349,1.580959,2026-03-28T03:29:04,2026-03-28T03:29:04,721940.3777046395
100383,mobile_home,North Rockingham Avenue 104,North Rockingham Avenue,104,90049,Los Angeles,California,United States,34.0577737,-118.4914033,1970,1996.0,122.804475,107.594653,123.352346,7,5,3,3,1.0,11,6,4,3,50383,Max Mustermann,private,False,occupied,owned,2018-07-02,288771.389257,6379.732632,905526.880946,1004953.675411,1000.895125,171.955535,680.3364,EUR,False,5.775428,False,120.737749,False,3,3,False,19.251426,False,False,False,False,False,district_heating,electricity,B,13139.197896,good,False,False,547.0,8.463662,4.14309,3.326304,2.071545,2026-02-06T07:55:43,2026-02-06T07:55:43,903397.0985430302
100384,duplex,Jeffersonia Way 2242,Jeffersonia Way,2242,90049,Los Angeles,California,United States,34.0766788,-118.504454,1912,1998.0,121.516083,106.456074,936.13949,7,2,2,2,2.0,5,3,4,3,50384,Max Mustermann,private,False,occupied,owned,2010-01-18,1203156.926526,6322.803677,894440.716057,992848.781857,3642.453343,646.081369,3186.430095,EUR,False,24.063139,False,784.513917,False,3,3,False,80.210462,False,False,False,False,False,district_heating,electricity,B,12968.411031,good,False,False,269.0,8.346808,4.083764,3.278963,2.041882,2026-06-22T12:54:51,2026-06-22T12:54:51,892748.0464123331
100385,loft,Milldale Drive 15440,Milldale Drive,15440,90077,Los Angeles,California,United States,34.1259597,-118.4689574,1906,2006.0,98.565869,86.174488,1060.961642,3,3,2,2,4.0,8,4,2,1,50385,Max Mustermann,private,True,occupied,owned,2018-10-04,1343581.846959,5308.724424,696962.124673,777223.509102,4048.125336,718.894291,3571.298395,EUR,True,26.871637,True,886.452007,True,1,1,True,89.572123,True,True,True,True,True,district_heating,electricity,B,9926.173272,good,True,True,602.0,6.265276,3.026987,2.435676,1.513493,2026-05-23T11:05:50,2026-05-23T11:05:50,698309.079264244
100386,triplex,Thurston Circle 11459,Thurston Circle,11459,90049,Los Angeles,California,United States,34.0754154,-118.4664756,1983,,62.366877,54.184682,,5,2,2,2,,6,3,3,2,50386,Max Mustermann,private,False,occupied,owned,,,3709.234091,385482.428259,437121.354099,,,,EUR,False,,False,,False,2,2,False,,False,False,False,False,False,district_heating,electricity,B,5127.702273,good,False,False,,2.982112,1.360149,1.105574,0.680075,2026-04-12T00:16:34,2026-04-12T00:16:34,386809.19474197
100387,condominium,Bayliss Road 13550,Bayliss Road,13550,90049,Los Angeles,California,United States,34.0740906,-118.506133,1969,1997.0,125.395962,109.884803,487.652868,7,0,1,1,1.0,2,1,4,3,50387,Max Mustermann,private,False,occupied,owned,2015-12-13,698609.476273,6494.240171,927825.71748,1029301.594221,2184.87182,384.464173,1803.596342,EUR,False,13.97219,False,418.249842,False,3,3,False,46.573965,False,False,False,False,False,district_heating,electricity,B,13482.720513,good,False,False,185.0,8.698704,4.262419,3.421526,2.131209,2026-02-01T14:23:43,2026-02-01T14:23:43,927270.4499440657
100388,apartment,West Sunset Boulevard 11516,West Sunset Boulevard,11516,90049,Los Angeles,California,United States,34.070215,-118.4692457,2007,1996.0,237.178189,208.669097,744.793812,1,0,1,1,1.0,1,1,1,0,50388,Max Mustermann,private,True,occupied,owned,2020-03-16,987893.038703,11433.454872,1889672.790851,2079534.614875,3020.57989,534.463057,2596.447588,EUR,True,19.757861,True,628.24828,True,0,0,True,65.859536,True,True,True,True,True,district_heating,electricity,B,28300.364616,good,True,True,790.0,18.837092,9.4096,7.528873,4.7048,2026-06-22T08:37:24,2026-06-22T08:37:24,1889158.3360310725
100389,loft,Ridge Circle 12317,Ridge Circle,12317,90049,Los Angeles,California,United States,34.1082919,-118.4837061,1901,2025.0,180.623358,158.69041,185.464006,5,3,2,2,8.0,8,4,3,2,50389,Max Mustermann,private,False,occupied,owned,2016-05-25,358647.006748,8934.52048,1403038.198755,1548182.249451,1202.758019,208.187337,871.847352,EUR,False,7.17294,False,171.462272,False,2,2,False,23.9098,False,False,False,False,False,district_heating,electricity,B,20803.56144,good,False,False,953.0,13.7077,6.805448,5.450812,3.402724,2026-06-13T11:06:43,2026-06-13T11:06:43,1400584.6867480387
100390,penthouse,Travis Street 12144,Travis Street,12144,90049,Los Angeles,California,United States,34.0756582,-118.48189,2024,1999.0,229.103192,201.533054,1115.857219,5,4,3,3,2.0,10,5,3,2,50390,Max Mustermann,private,False,occupied,owned,2019-06-28,1405339.371186,11076.652684,1820190.259605,2003667.20238,4226.535961,750.916711,3740.559758,EUR,False,28.106787,False,931.283395,False,2,2,False,93.689291,False,False,False,False,False,district_heating,electricity,B,27229.958053,good,False,False,634.0,18.104708,9.037775,7.232164,4.518887,2026-03-01T15:01:39,2026-03-01T15:01:39,1819471.834950915
100391,penthouse,North Cliffwood Avenue 239,North Cliffwood Avenue,239,90049,Los Angeles,California,United States,34.0604396,-118.4870406,1911,2007.0,167.335707,146.947834,1037.526835,4,4,3,3,4.0,10,5,2,1,50391,Max Mustermann,private,True,occupied,owned,2025-08-16,1317217.689897,8347.391702,1288702.59451,1423340.130222,3971.962215,705.223987,3499.041076,EUR,True,26.344354,True,867.313582,True,1,1,True,87.814513,True,True,True,True,True,district_heating,electricity,B,19042.175105,good,True,True,640.0,12.502541,6.193598,4.962568,3.096799,2026-05-24T10:58:39,2026-05-24T10:58:39,1288904.5702407784
100392,condominium,West Sunset Boulevard 11515,West Sunset Boulevard,11515,90049,Los Angeles,California,United States,34.0702504,-118.4697216,2018,2008.0,99.704223,87.180476,1171.44724,7,0,1,1,4.0,2,1,4,3,50392,Max Mustermann,private,False,occupied,owned,2026-05-21,1467878.144457,5359.023808,706757.267946,787918.746622,4407.203528,783.344223,3911.962322,EUR,False,29.357563,False,976.681912,False,3,3,False,97.858543,False,False,False,False,False,district_heating,electricity,B,10077.071425,good,False,False,534.0,6.368523,3.079404,2.477504,1.539702,2026-02-26T20:04:40,2026-02-26T20:04:40,707875.7992176712
100393,condominium,South Gretna Green Way 515,South Gretna Green Way,515,90049,Los Angeles,California,United States,34.0539885,-118.4767694,1996,2003.0,152.806501,134.10807,972.926064,6,0,1,1,3.0,2,1,3,2,50393,Max Mustermann,private,False,occupied,owned,2022-06-19,1244541.82192,7705.403525,1163683.844301,1286833.170534,3762.009708,667.540204,3299.855364,EUR,False,24.890836,False,814.556286,False,2,2,False,82.969455,False,False,False,False,False,district_heating,electricity,B,17116.210574,good,False,False,298.0,11.184776,5.524578,4.428704,2.762289,2026-04-29T22:19:41,2026-04-29T22:19:41,1164218.054774946
100394,studio,Dorothy Street 11836,Dorothy Street,11836,90049,Los Angeles,California,United States,34.0511567,-118.4675387,2008,,35.087277,30.077129,,8,4,3,3,,9,5,4,3,50394,Max Mustermann,private,False,occupied,owned,,,2503.856427,150750.98844,180819.998189,,,,EUR,False,,False,,False,3,3,False,,False,False,False,False,False,district_heating,electricity,B,1511.569281,good,False,False,,0.507916,0.104019,0.103207,0.052009,2026-04-15T03:08:02,2026-04-15T03:08:02,160688.58046837026
100395,townhouse,Riviera Ranch Road 13181,Riviera Ranch Road,13181,90049,Los Angeles,California,United States,34.0606115,-118.4959354,1930,2011.0,96.686449,84.513606,1057.699446,8,1,1,1,5.0,4,2,4,3,50395,Max Mustermann,private,False,occupied,owned,2024-11-05,1339911.876295,5225.68031,680790.376208,759565.708075,4037.523198,716.991343,3561.239957,EUR,False,26.798238,False,883.787881,False,3,3,False,89.327458,False,False,False,False,False,district_heating,electricity,B,9677.040931,good,False,False,853.0,6.094817,2.940446,2.366618,1.470223,2026-01-10T09:31:07,2026-01-10T09:31:07,682245.0699921927
100396,studio,Tuallitan Road 540,Tuallitan Road,540,90049,Los Angeles,California,United States,34.0693498,-118.4841197,1921,2003.0,127.425952,111.678748,29.743634,8,4,3,3,3.0,9,5,4,3,50396,Max Mustermann,private,False,occupied,owned,2026-02-11,183461.588563,6583.937425,945293.077481,1048374.062979,696.666811,117.350453,391.709539,EUR,False,3.669232,False,44.290635,False,3,3,False,12.230773,False,False,False,False,False,district_heating,electricity,B,13751.812275,good,False,False,534.0,8.882819,4.355893,3.496116,2.177946,2026-01-25T07:56:34,2026-01-25T07:56:34,946586.275480271
100397,duplex,Mango Way 1810,Mango Way,1810,90049,Los Angeles,California,United States,34.0674153,-118.4964354,1952,2006.0,159.696728,140.197108,883.877366,4,2,2,2,4.0,5,3,2,1,50397,Max Mustermann,private,True,occupied,owned,2020-11-30,1144362.036869,8009.855421,1222971.845212,1351569.258015,3472.60144,615.59513,3025.288545,EUR,True,22.887241,True,741.833182,True,1,1,True,76.290802,True,True,True,True,True,district_heating,electricity,B,18029.566264,good,True,True,876.0,11.809703,5.841849,4.68188,2.920925,2026-02-04T12:29:23,2026-02-04T12:29:23,1224889.205470613
100398,single_family_home,Claymont Drive 726,Claymont Drive,726,90049,Los Angeles,California,United States,34.0721573,-118.4913603,1962,2022.0,175.761709,154.394069,398.622562,8,1,1,1,8.0,3,2,4,3,50398,Max Mustermann,private,False,occupied,owned,2013-06-22,598450.381728,8719.703425,1361205.403851,1502505.35988,1895.523325,332.529828,1529.086231,EUR,False,11.969008,False,345.541759,False,3,3,False,39.896692,False,False,False,False,False,district_heating,electricity,B,20159.110276,good,False,False,466.0,13.26676,6.581586,5.272174,3.290793,2026-06-21T23:44:34,2026-06-21T23:44:34,1360855.9154958008
100399,triplex,Goshen Avenue 12013 1/2,Goshen Avenue,12013 1/2,90049,Los Angeles,California,United States,34.0466562,-118.4669003,1961,2021.0,134.972461,118.347756,1116.979063,3,2,2,2,7.0,6,3,2,1,50399,Max Mustermann,private,True,occupied,owned,2014-04-05,1406601.446165,6917.387807,1010228.151957,1119276.144299,4230.181956,751.57112,3744.018778,EUR,True,28.132029,True,932.199568,True,1,1,True,93.77343,True,True,True,True,True,district_heating,electricity,B,14752.163422,good,True,True,244.0,9.56727,4.703383,3.773407,2.351692,2026-04-18T18:47:46,2026-04-18T18:47:46,1011187.8753730275
100400,condominium,Mandeville Canyon Road 3301,Mandeville Canyon Road,3301,90049,Los Angeles,California,United States,34.1028613,-118.5041123,1927,2006.0,130.064357,114.010362,962.682167,2,0,1,1,4.0,2,1,1,0,50400,Max Mustermann,private,True,occupied,owned,2016-08-27,1233017.437565,6700.518093,967995.628714,1073162.794596,3728.717042,661.564597,3268.270014,EUR,True,24.660349,True,806.190436,True,0,0,True,82.201163,True,True,True,True,True,district_heating,electricity,B,14101.55428,good,True,True,146.0,9.122116,4.477382,3.593062,2.238691,2026-02-09T13:41:06,2026-02-09T13:41:06,962116.3819388737
100401,townhouse,Teakwood Road 756,Teakwood Road,756,90049,Los Angeles,California,United States,34.0721342,-118.4904903,2010,1993.0,80.945801,70.603266,1036.876834,5,1,1,1,0.0,4,2,3,2,50401,Max Mustermann,private,False,occupied,owned,2014-11-19,1316486.438307,4530.163309,545347.59183,611676.829998,3969.849711,704.84482,3497.036905,EUR,False,26.329729,False,866.782748,False,2,2,False,87.765763,False,False,False,False,False,district_heating,electricity,B,7590.489928,good,False,False,149.0,4.667177,2.215644,1.788241,1.107822,2026-05-06T19:26:17,2026-05-06T19:26:17,543478.2510662999
100402,triplex,Linda Flora Drive 1149,Linda Flora Drive,1149,90049,Los Angeles,California,United States,34.091135,-118.4657006,1951,1995.0,136.73503,119.905375,972.89918,6,2,2,2,1.0,6,3,3,2,50402,Max Mustermann,private,False,occupied,owned,2011-04-25,1244511.577375,6995.268766,1025394.443932,1135836.095537,3761.922335,667.524522,3299.772471,EUR,False,24.890232,False,814.53433,False,2,2,False,82.967438,False,False,False,False,False,district_heating,electricity,B,14985.806298,good,False,False,724.0,9.727131,4.784543,3.838171,2.392272,2026-01-09T22:23:13,2026-01-09T22:23:13,1022423.873847489
100403,duplex,Wilshire Boulevard 12041,Wilshire Boulevard,12041,90025,Los Angeles,California,United States,34.0450258,-118.4666238,2015,2017.0,228.753878,201.224357,320.166852,2,2,2,2,6.0,5,3,1,0,50403,Max Mustermann,private,True,occupied,owned,2022-12-28,510187.707953,11061.217845,1817184.527782,2000385.268173,1640.542267,286.763997,1287.181125,EUR,True,10.203754,True,281.469595,True,0,0,True,34.012514,True,True,True,True,True,district_heating,electricity,B,27183.653536,good,True,True,491.0,18.073026,9.02169,7.219329,4.510845,2026-04-24T14:15:54,2026-04-24T14:15:54,1816193.8571356207
100404,single_family_home,North Bundy Drive 1016,North Bundy Drive,1016,90049,Los Angeles,California,United States,34.0788193,-118.481616,1907,2007.0,206.145323,181.244704,944.849411,4,1,1,1,4.0,3,2,2,1,50404,Max Mustermann,private,True,occupied,owned,2022-02-28,1212955.587333,10062.235221,1622645.806235,1787970.015456,3670.760586,651.162156,3213.285684,EUR,True,24.259112,True,791.627019,True,1,1,True,80.863706,True,True,True,True,True,district_heating,electricity,B,24186.705664,good,True,True,412.0,16.022483,7.980645,6.388596,3.990323,2026-04-03T03:43:23,2026-04-03T03:43:23,1624636.6084308159
100405,loft,Brentridge Drive 11995,Brentridge Drive,11995,90049,Los Angeles,California,United States,34.0808757,-118.4781968,1921,,71.48365,62.241365,,5,3,2,2,,8,4,3,2,50405,Max Mustermann,private,False,occupied,owned,,,4112.068264,463929.082966,522776.62032,,,,EUR,False,,False,,False,2,2,False,,False,False,False,False,False,district_heating,electricity,B,6336.204792,good,False,False,,3.808982,1.779945,1.440562,0.889972,2026-05-20T20:22:03,2026-05-20T20:22:03,470640.76838569023
100406,studio,Westcove Drive 13310,Westcove Drive,13310,90049,Los Angeles,California,United States,34.0572854,-118.4964302,1948,,53.23104,46.111152,,4,4,3,3,,9,5,2,1,50406,Max Mustermann,private,True,occupied,owned,,,3305.557599,306871.742941,351286.984185,,,,EUR,True,,True,,True,1,1,True,,True,True,True,True,True,district_heating,electricity,B,3916.672797,good,True,True,,2.153513,0.939476,0.769885,0.469738,2026-04-12T08:12:07,2026-04-12T08:12:07,304875.6268635951
100407,villa,South Burlingame Avenue 539,South Burlingame Avenue,539,90049,Los Angeles,California,United States,34.0477436,-118.4864578,1900,1992.0,145.822182,127.935882,129.714752,4,5,3,3,0.0,12,6,2,1,50407,Max Mustermann,private,True,occupied,owned,2011-05-15,295929.095644,7396.794094,1103586.218343,1221213.060029,1021.572943,175.666938,699.953818,EUR,True,5.918582,True,125.933714,True,1,1,True,19.728606,True,True,True,True,True,district_heating,electricity,B,16190.382283,good,True,True,483.0,10.551314,5.202975,4.172071,2.601487,2026-04-27T02:42:13,2026-04-27T02:42:13,1104598.981371109
100408,duplex,Homedale Street 11332,Homedale Street,11332,90049,Los Angeles,California,United States,34.0685675,-118.4646288,1949,1990.0,171.082284,150.258763,1046.600139,3,2,2,2,0.0,5,3,2,1,50408,Max Mustermann,private,True,occupied,owned,2017-01-13,1327425.156923,8512.93813,1320940.583167,1458540.528647,4001.450453,710.516748,3527.017097,EUR,True,26.548503,True,874.723447,True,1,1,True,88.49501,True,True,True,True,True,district_heating,electricity,B,19538.814389,good,True,True,470.0,12.842347,6.366114,5.100233,3.183057,2026-06-14T20:38:01,2026-06-14T20:38:01,1321942.1943779197
100409,penthouse,Westridge Road 2321,Westridge Road,2321,90049,Los Angeles,California,United States,34.0776712,-118.5066151,1933,2011.0,107.065475,93.685769,1030.311902,1,4,3,3,5.0,10,5,1,0,50409,Max Mustermann,private,True,occupied,owned,2011-04-14,1309100.889306,5684.288426,770098.272508,857080.275928,3948.51368,701.015276,3476.79503,EUR,True,26.182018,True,861.421386,True,0,0,True,87.273393,True,True,True,True,True,district_heating,electricity,B,11052.865279,good,True,True,528.0,7.036171,3.418364,2.747987,1.709182,2026-01-13T10:15:08,2026-01-13T10:15:08,764330.407690265
100410,mobile_home,South Bundy Drive 835,South Bundy Drive,835,90049,Los Angeles,California,United States,34.0497872,-118.4718146,2018,1998.0,210.961045,185.500458,266.920461,1,5,3,3,2.0,11,6,1,0,50410,Max Mustermann,private,True,occupied,owned,2011-02-15,450285.518687,10275.022913,1664083.409393,1833215.398364,1467.491498,255.703602,1123.004755,EUR,True,9.00571,True,237.985043,True,0,0,True,30.019035,True,True,True,True,True,district_heating,electricity,B,24825.068739,good,True,True,934.0,16.459258,8.202392,6.565545,4.101196,2026-05-25T06:04:53,2026-05-25T06:04:53,1658097.3756098633
100411,studio,Kenter Way 905,Kenter Way,905,90049,Los Angeles,California,United States,34.0748164,-118.4894092,2000,2006.0,196.4947,172.716246,979.903927,4,4,3,3,4.0,9,5,2,1,50411,Max Mustermann,private,True,occupied,owned,2023-02-07,1252391.917556,9635.812307,1539605.55445,1697299.037832,3784.687762,671.610624,3321.370441,EUR,True,25.047838,True,820.254873,True,1,1,True,83.492795,True,True,True,True,True,district_heating,electricity,B,22907.43692,good,True,True,796.0,15.147194,7.536268,6.033991,3.768134,2026-05-22T06:37:13,2026-05-22T06:37:13,1537915.396974671
100412,apartment,Sloan Drive 16461,Sloan Drive,16461,90049,Los Angeles,California,United States,34.130138,-118.4913467,2000,2000.0,179.651069,157.831177,552.363882,8,0,1,1,2.0,1,1,4,3,50412,Max Mustermann,private,False,occupied,owned,2020-09-10,771409.366817,8891.55887,1394671.990531,1539047.254525,2395.182615,422.212264,2003.121968,EUR,False,15.428187,False,471.09717,False,3,3,False,51.427291,False,False,False,False,False,district_heating,electricity,B,20674.676611,good,False,False,105.0,13.619516,6.760677,5.415086,3.380339,2026-03-01T10:49:09,2026-03-01T10:49:09,1397022.3710395289
100413,mobile_home,Amherst Avenue 1221,Amherst Avenue,1221,90025,Los Angeles,California,United States,34.0427385,-118.4678219,1958,2018.0,83.297743,72.681727,366.229041,2,5,3,3,7.0,11,6,1,0,50413,Max Mustermann,private,True,occupied,owned,2021-04-12,562007.670907,4634.086327,565585.232095,633774.145315,1790.244383,313.633607,1429.206209,EUR,True,11.240153,True,319.08705,True,0,0,True,37.467178,True,True,True,True,True,district_heating,electricity,B,7902.258981,good,True,True,739.0,4.880493,2.323943,1.874661,1.161971,2026-06-02T00:17:54,2026-06-02T00:17:54,567121.1192702516
100414,studio,Downes Road 425,Downes Road,425,90049,Los Angeles,California,United States,34.0710284,-118.47236,1936,,77.812936,67.834687,,8,4,3,3,,9,5,4,3,50414,Max Mustermann,private,False,occupied,owned,,,4391.734361,518390.375544,582242.464108,,,,EUR,False,,False,,False,3,3,False,,False,False,False,False,False,district_heating,electricity,B,7175.203083,good,False,False,,4.383034,2.071386,1.673126,1.035693,2026-02-07T04:34:16,2026-02-07T04:34:16,515032.8194535552
100415,duplex,Casiano Road 2731,Casiano Road,2731,90077,Los Angeles,California,United States,34.1219033,-118.4717692,1954,,40.251458,34.640824,,7,2,2,2,,5,3,4,3,50415,Max Mustermann,private,False,occupied,owned,,,2732.041183,195186.967295,229339.283208,,,,EUR,False,,False,,False,3,3,False,,False,False,False,False,False,district_heating,electricity,B,2196.12355,good,False,False,,0.976295,0.341811,0.292961,0.170906,2026-02-14T03:42:55,2026-02-14T03:42:55,186206.33967560495
100416,mobile_home,Rochedale Way 700,Rochedale Way,700,90049,Los Angeles,California,United States,34.0712971,-118.4873451,1989,2025.0,87.641147,76.520083,954.414599,4,5,3,3,8.0,11,6,2,1,50416,Max Mustermann,private,True,occupied,owned,2021-11-29,1223716.423856,4826.004169,602958.706545,674581.939038,3701.847447,656.741849,3242.778347,EUR,True,24.474328,True,799.438589,True,1,1,True,81.581095,True,True,True,True,True,district_heating,electricity,B,8478.012506,good,True,True,719.0,5.27443,2.523941,2.034256,1.261971,2026-01-07T04:00:22,2026-01-07T04:00:22,602872.7577703738
100417,condominium,Kenter Way 904,Kenter Way,904,90049,Los Angeles,California,United States,34.0753371,-118.489128,2022,2017.0,137.154314,120.275905,273.114585,7,0,1,1,6.0,2,1,4,3,50417,Max Mustermann,private,False,occupied,owned,2013-07-13,457253.908,7013.79527,1029002.236805,1139775.415322,1487.622401,259.316841,1142.103303,EUR,False,9.145078,False,243.043578,False,3,3,False,30.483594,False,False,False,False,False,district_heating,electricity,B,15041.38581,good,False,False,711.0,9.765159,4.80385,3.853577,2.401925,2026-03-02T18:20:01,2026-03-02T18:20:01,1021107.3716256209
100418,single_family_home,Mandeville Canyon Road 3342,Mandeville Canyon Road,3342,90049,Los Angeles,California,United States,34.103702,-118.5036842,1993,2025.0,217.693604,191.450162,28.397322,8,1,1,1,8.0,3,2,4,3,50418,Max Mustermann,private,False,occupied,owned,2011-04-11,181946.986847,10572.508099,1722014.735056,1896470.143142,692.291295,116.565104,387.558408,EUR,False,3.63894,False,43.191146,False,3,3,False,12.129799,False,False,False,False,False,district_heating,electricity,B,25717.524297,good,False,False,150.0,17.069885,8.512403,6.812928,4.256202,2026-02-14T08:03:08,2026-02-14T08:03:08,1721509.927596865
100419,duplex,Canyonback Road 2262,Canyonback Road,2262,90049,Los Angeles,California,United States,34.1081535,-118.4949357,2000,,50.658069,43.837364,,7,2,2,2,,5,3,4,3,50419,Max Mustermann,private,False,occupied,owned,,,3191.868177,284732.223991,327113.022953,,,,EUR,False,,False,,False,3,3,False,,False,False,False,False,False,district_heating,electricity,B,3575.604532,good,False,False,,1.92015,0.820999,0.675343,0.4105,2026-04-18T16:07:47,2026-04-18T16:07:47,285058.74169518484
100420,condominium,Dorothy Street 11749,Dorothy Street,11749,90049,Los Angeles,California,United States,34.0524256,-118.4665026,1971,1990.0,124.104817,108.743792,231.755746,4,0,1,1,0.0,2,1,2,1,50420,Max Mustermann,private,True,occupied,owned,2021-05-23,410725.214242,6437.189604,916715.870346,1017170.842215,1353.206174,235.190852,1014.580217,EUR,True,8.214504,True,209.267193,True,1,1,True,27.381681,True,True,True,True,True,district_heating,electricity,B,13311.568813,good,True,True,112.0,8.5816,4.202966,3.374084,2.101483,2026-01-17T15:28:49,2026-01-17T15:28:49,920832.969475105
100421,condominium,Linda Flora Drive 2125,Linda Flora Drive,2125,90077,Los Angeles,California,United States,34.1100324,-118.4653157,1984,1997.0,170.399557,149.655422,393.914341,3,0,1,1,1.0,2,1,2,1,50421,Max Mustermann,private,True,occupied,owned,2011-10-19,593153.634117,8482.771117,1315065.954365,1452126.06909,1880.22161,329.783366,1514.569219,EUR,True,11.863073,True,341.696712,True,1,1,True,39.543576,True,True,True,True,True,district_heating,electricity,B,19448.313351,good,True,True,462.0,12.780425,6.334677,5.075147,3.167339,2026-04-03T16:37:06,2026-04-03T16:37:06,1316506.5429203715
100422,villa,Firth Avenue 660,Firth Avenue,660,90049,Los Angeles,California,United States,34.0731252,-118.4757438,1991,,76.803576,66.942695,,1,5,3,3,,12,6,1,0,50422,Max Mustermann,private,True,occupied,owned,,,4347.134749,509705.187968,572759.178214,,,,EUR,True,,True,,True,0,0,True,,True,True,True,True,True,district_heating,electricity,B,7041.404247,good,True,True,,4.291487,2.024909,1.636038,1.012454,2026-04-26T16:14:39,2026-04-26T16:14:39,508423.94523690065
100423,studio,South Canyon View Drive 244,South Canyon View Drive,244,90049,Los Angeles,California,United States,34.0532594,-118.4835638,1962,1994.0,184.716164,162.307308,1037.22353,2,4,3,3,1.0,9,5,1,0,50423,Max Mustermann,private,True,occupied,owned,2014-03-03,1316876.471741,9115.36538,1438255.363407,1586635.585991,3970.976474,705.047059,3498.105886,EUR,True,26.337529,True,867.065883,True,0,0,True,87.791765,True,True,True,True,True,district_heating,electricity,B,21346.096139,good,True,True,795.0,14.078908,6.993907,5.601199,3.496954,2026-01-12T23:50:58,2026-01-12T23:50:58,1443167.2115542355
100424,single_family_home,Firth Avenue 616,Firth Avenue,616,90049,Los Angeles,California,United States,34.0716004,-118.475069,1919,1999.0,141.291091,123.931662,1160.266925,7,1,1,1,2.0,3,2,4,3,50424,Max Mustermann,private,False,occupied,owned,2011-07-16,1455300.290465,7196.583106,1064597.762669,1178641.881401,4370.867506,776.822373,3877.489685,EUR,False,29.106006,False,967.551322,False,3,3,False,97.020019,False,False,False,False,False,district_heating,electricity,B,15589.749317,good,False,False,397.0,10.140355,4.994334,4.00558,2.497167,2026-06-18T16:19:29,2026-06-18T16:19:29,1063705.279544299
100425,duplex,North Gunston Drive 331,North Gunston Drive,331,90049,Los Angeles,California,United States,34.0725864,-118.4709631,1924,2024.0,87.456655,76.357044,334.949991,4,2,2,2,8.0,5,3,2,1,50425,Max Mustermann,private,True,occupied,owned,2023-05-07,526818.740175,4817.852176,601371.21322,672848.567948,1688.587472,295.387495,1332.762473,EUR,True,10.536375,True,293.542493,True,1,1,True,35.121249,True,True,True,True,True,district_heating,electricity,B,8453.556528,good,True,True,869.0,5.257697,2.515446,2.027477,1.257723,2026-06-14T00:03:30,2026-06-14T00:03:30,603034.7209733196
100426,duplex,Barrington Place 177,Barrington Place,177,90049,Los Angeles,California,United States,34.0650886,-118.4690489,1937,1992.0,176.052472,154.651022,769.778086,3,2,2,2,0.0,5,3,2,1,50426,Max Mustermann,private,True,occupied,owned,2011-07-11,1016000.34712,8732.551106,1363707.320557,1505237.182446,3101.778781,549.037217,2673.482433,EUR,True,20.320007,True,648.652104,True,1,1,True,67.733356,True,True,True,True,True,district_heating,electricity,B,20197.653317,good,True,True,932.0,13.293131,6.594974,5.282858,3.297487,2026-04-13T13:43:06,2026-04-13T13:43:06,1360525.4880248087
100427,penthouse,Darlington Avenue 11836,Darlington Avenue,11836,90049,Los Angeles,California,United States,34.0503851,-118.4666527,1927,,36.192136,31.053515,,8,4,3,3,,10,5,4,3,50427,Max Mustermann,private,False,occupied,owned,,,2552.675772,160257.913555,191200.532639,,,,EUR,False,,False,,False,3,3,False,,False,False,False,False,False,district_heating,electricity,B,1658.027317,good,False,False,,0.608124,0.154894,0.143804,0.077447,2026-05-06T22:58:28,2026-05-06T22:58:28,161813.72192249505
100428,townhouse,Currituck Drive 11931,Currituck Drive,11931,90049,Los Angeles,California,United States,34.0561177,-118.4726908,2023,2013.0,196.457362,172.683251,479.614061,1,1,1,1,5.0,4,2,1,0,50428,Max Mustermann,private,True,occupied,owned,2025-02-22,689565.818886,9634.162528,1539284.281744,1696948.242769,2158.745699,379.774869,1778.810022,EUR,True,13.791316,True,411.684817,True,0,0,True,45.971055,True,True,True,True,True,district_heating,electricity,B,22902.487584,good,True,True,161.0,15.143807,7.534548,6.032619,3.767274,2026-01-19T02:20:38,2026-01-19T02:20:38,1537859.1970321008
100429,villa,Roscomare Road 1441,Roscomare Road,1441,90077,Los Angeles,California,United States,34.0957542,-118.4640315,1907,2025.0,200.559931,176.308776,1177.379625,4,5,3,3,8.0,12,6,2,1,50429,Max Mustermann,private,True,occupied,owned,2015-04-11,1474552.077718,9815.438791,1574585.448862,1735493.30092,4426.48378,786.804781,3930.253843,EUR,True,29.491042,True,981.526693,True,1,1,True,98.303472,True,True,True,True,True,district_heating,electricity,B,23446.316374,good,True,True,304.0,15.515901,7.723457,6.183365,3.861729,2026-02-07T02:08:17,2026-02-07T02:08:17,1574102.8670574597
100430,triplex,Mandeville Canyon Road 2824,Mandeville Canyon Road,2824,90049,Los Angeles,California,United States,34.0914081,-118.5033836,1974,,57.916269,50.251586,,2,2,2,2,,6,3,1,0,50430,Max Mustermann,private,True,occupied,owned,,,3512.579317,347186.498643,395306.339058,,,,EUR,True,,True,,True,0,0,True,,True,True,True,True,True,district_heating,electricity,B,4537.737952,good,True,True,,2.578452,1.155214,0.94204,0.577607,2026-06-09T20:37:35,2026-06-09T20:37:35,348726.2930700708
100431,townhouse,Avondale Avenue 526,Avondale Avenue,526,90049,Los Angeles,California,United States,34.0474697,-118.4889158,1994,1999.0,126.406432,110.777777,643.458879,8,1,1,1,2.0,4,2,4,3,50431,Max Mustermann,private,False,occupied,owned,2019-01-21,873891.238846,6538.888842,936520.458794,1038795.311764,2691.241357,475.351013,2283.99821,EUR,False,17.477825,False,545.491418,False,3,3,False,58.259416,False,False,False,False,False,district_heating,electricity,B,13616.666527,good,False,False,246.0,8.790351,4.308947,3.458655,2.154474,2026-03-25T12:38:33,2026-03-25T12:38:33,932855.1614219045
100432,mobile_home,North Norman Place 861,North Norman Place,861,90049,Los Angeles,California,United States,34.0763,-118.4796673,1969,,72.815637,63.41847,,3,5,3,3,,11,6,2,1,50432,Max Mustermann,private,True,occupied,owned,,,4170.923476,475390.361157,535291.097047,,,,EUR,True,,True,,True,1,1,True,,True,True,True,True,True,district_heating,electricity,B,6512.770429,good,True,True,,3.92979,1.841278,1.489505,0.920639,2026-03-17T14:32:38,2026-03-17T14:32:38,475693.48538953526
100433,mobile_home,Oakmont Drive 10,Oakmont Drive,10,90049,Los Angeles,California,United States,34.0676135,-118.4904829,1907,2017.0,240.962699,212.013548,1127.084568,8,5,3,3,6.0,11,6,4,3,50433,Max Mustermann,private,False,occupied,owned,2012-09-09,1417970.139438,11600.677402,1922237.178217,2115091.405405,4263.024847,757.465998,3775.177419,EUR,False,28.359403,False,940.452398,False,3,3,False,94.531343,False,False,False,False,False,district_heating,electricity,B,28802.032205,good,False,False,244.0,19.180338,9.583864,7.667932,4.791932,2026-04-21T03:50:44,2026-04-21T03:50:44,1920863.3208539612
100434,duplex,South Kenter Avenue 146,South Kenter Avenue,146,90049,Los Angeles,California,United States,34.0574534,-118.4772162,1995,1998.0,146.360916,128.411973,138.410102,6,2,2,2,2.0,5,3,3,2,50434,Max Mustermann,private,False,occupied,owned,2022-10-11,305711.364999,7420.598629,1108221.838321,1226274.655896,1049.832832,180.739226,726.764482,EUR,False,6.114227,False,133.034917,False,2,2,False,20.380758,False,False,False,False,False,district_heating,electricity,B,16261.795888,good,False,False,599.0,10.600176,5.227782,4.191866,2.613891,2026-01-30T20:41:56,2026-01-30T20:41:56,1107871.61469487
100435,studio,North Norman Place 1255,North Norman Place,1255,90049,Los Angeles,California,United States,34.083765,-118.479344,1940,,45.796953,39.541493,,8,4,3,3,,9,5,4,3,50435,Max Mustermann,private,False,occupied,owned,,,2977.074659,242904.01251,281441.137984,,,,EUR,False,,False,,False,3,3,False,,False,False,False,False,False,district_heating,electricity,B,2931.223977,good,False,False,,1.479259,0.597162,0.496725,0.298581,2026-05-22T23:55:13,2026-05-22T23:55:13,241157.7998353856
100436,loft,Westridge Road 2328,Westridge Road,2328,90049,Los Angeles,California,United States,34.0778885,-118.5061556,1907,1992.0,88.57763,77.347673,1164.480733,7,3,2,2,0.0,8,4,4,3,50436,Max Mustermann,private,False,occupied,owned,2015-07-10,1460040.82488,4867.383657,611016.817371,683380.524913,4384.562383,779.280428,3890.482261,EUR,False,29.200816,False,970.992599,False,3,3,False,97.336055,False,False,False,False,False,district_heating,electricity,B,8602.15097,good,False,False,509.0,5.359366,2.567063,2.068666,1.283531,2026-04-21T14:56:14,2026-04-21T14:56:14,609788.7519533141
100437,duplex,San Vicente Boulevard 12825,San Vicente Boulevard,12825,90049,Los Angeles,California,United States,34.049924,-118.4864752,1906,2009.0,217.392315,191.183906,214.281379,8,2,2,2,4.0,5,3,4,3,50437,Max Mustermann,private,False,occupied,owned,2022-12-26,391066.551833,10559.1953,1719422.242601,1893639.42165,1296.414483,224.997471,960.70092,EUR,False,7.821331,False,194.99646,False,3,3,False,26.071103,False,False,False,False,False,district_heating,electricity,B,25677.5859,good,False,False,193.0,17.042559,8.49853,6.801857,4.249265,2026-04-16T10:52:29,2026-04-16T10:52:29,1720676.2224172554
100438,apartment,17Th Helena Drive 12317,17Th Helena Drive,12317,90049,Los Angeles,California,United States,34.0568634,-118.4797391,1974,2013.0,133.139292,116.727747,1155.041179,3,0,1,1,5.0,1,1,2,1,50438,Max Mustermann,private,True,occupied,owned,2023-05-03,1449421.326278,6836.387342,994454.37712,1102052.88745,4353.883831,773.774021,3861.376968,EUR,True,28.988427,True,963.283629,True,1,1,True,96.628088,True,True,True,True,True,district_heating,electricity,B,14509.162026,good,True,True,482.0,9.401006,4.618972,3.706048,2.309486,2026-04-13T13:46:06,2026-04-13T13:46:06,999428.1739943863
100439,condominium,Granville Avenue 1020,Granville Avenue,1020,90049,Los Angeles,California,United States,34.050335,-118.4641372,1961,1992.0,207.304569,182.269154,318.559635,8,0,1,1,0.0,2,1,4,3,50439,Max Mustermann,private,False,occupied,owned,2010-11-22,508379.589406,10113.457716,1632620.713186,1798861.535479,1635.318814,285.826454,1282.225541,EUR,False,10.167592,False,280.157035,False,3,3,False,33.891973,False,False,False,False,False,district_heating,electricity,B,24340.373149,good,False,False,237.0,16.127624,8.034024,6.431191,4.017012,2026-03-22T13:20:42,2026-03-22T13:20:42,1632741.705201347
100440,mobile_home,Bellagio Road 11775,Bellagio Road,11775,90049,Los Angeles,California,United States,34.0800196,-118.4709157,1964,2012.0,178.529213,156.839769,130.083057,8,5,3,3,5.0,11,6,4,3,50440,Max Mustermann,private,False,occupied,owned,2023-11-22,296343.43874,8841.98846,1385018.805285,1528507.019824,1022.769934,175.881783,701.089425,EUR,False,5.926869,False,126.234496,False,3,3,False,19.756229,False,False,False,False,False,district_heating,electricity,B,20525.965379,good,False,False,335.0,13.517766,6.70902,5.373864,3.35451,2026-03-07T11:09:43,2026-03-07T11:09:43,1388506.2087112921
100441,bungalow,Mulholland Drive 15355,Mulholland Drive,15355,90077,Los Angeles,California,United States,34.1299608,-118.4676983,2017,2003.0,247.396877,217.699566,521.47651,5,3,2,2,3.0,7,4,3,2,50441,Max Mustermann,private,False,occupied,owned,2011-11-03,736661.074062,11884.978304,1977601.038173,2175542.755194,2294.798658,404.194631,1907.885907,EUR,False,14.733221,False,445.872483,False,2,2,False,49.110738,False,False,False,False,False,district_heating,electricity,B,29654.934912,good,False,False,523.0,19.763903,9.880135,7.90435,4.940068,2026-05-02T02:05:53,2026-05-02T02:05:53,1976507.1907539112
100442,duplex,Kiowa Avenue 11801,Kiowa Avenue,11801,90049,Los Angeles,California,United States,34.0496798,-118.4644778,2009,2005.0,163.022248,143.135941,874.254073,4,2,2,2,3.0,5,3,2,1,50442,Max Mustermann,private,True,occupied,owned,2019-05-28,1133535.831881,8156.797025,1251586.789168,1382813.683308,3441.325737,609.981542,2995.616724,EUR,True,22.670717,True,733.974159,True,1,1,True,75.569055,True,True,True,True,True,district_heating,electricity,B,18470.391076,good,True,True,305.0,12.11132,5.994978,4.804073,2.997489,2026-01-22T02:27:06,2026-01-22T02:27:06,1251410.9554246096
100443,apartment,South Bristol Avenue 714,South Bristol Avenue,714,90049,Los Angeles,California,United States,34.045575,-118.4805261,1967,1996.0,239.258516,210.507526,376.412777,5,0,1,1,1.0,1,1,3,2,50443,Max Mustermann,private,False,occupied,owned,2024-09-29,573464.374163,11525.37628,1907573.27562,2099080.009055,1823.341525,319.57412,1460.606063,EUR,False,11.469287,False,327.403768,False,2,2,False,38.230958,False,False,False,False,False,district_heating,electricity,B,28576.128841,good,False,False,945.0,19.025772,9.505392,7.605313,4.752696,2026-04-06T04:35:03,2026-04-06T04:35:03,1904247.4761898848
100444,apartment,West Chayote Street 11636,West Chayote Street,11636,90049,Los Angeles,California,United States,34.0652573,-118.4696721,1920,2012.0,226.656574,199.370926,727.450624,8,0,1,1,5.0,1,1,4,3,50444,Max Mustermann,private,False,occupied,owned,2023-02-03,968381.951963,10968.546295,1799137.962749,1980680.370137,2964.214528,524.346197,2542.972757,EUR,False,19.367639,False,614.084676,False,3,3,False,64.558797,False,False,False,False,False,district_heating,electricity,B,26905.638886,good,False,False,995.0,17.882806,8.925117,7.142265,4.462558,2026-05-31T17:35:21,2026-05-31T17:35:21,1799675.241990187
100445,triplex,Brentwood Terrace 13015,Brentwood Terrace,13015,90049,Los Angeles,California,United States,34.0467209,-118.4894874,1907,2025.0,166.720249,146.403941,613.707672,4,2,2,2,8.0,6,3,2,1,50445,Max Mustermann,private,True,occupied,owned,2022-09-05,840421.130554,8320.197066,1283406.797109,1417557.691979,2594.549933,457.996142,2192.265321,EUR,True,16.808423,True,521.194598,True,1,1,True,56.028075,True,True,True,True,True,district_heating,electricity,B,18960.591199,good,True,True,127.0,12.44672,6.165258,4.939953,3.082629,2026-06-21T03:26:22,2026-06-21T03:26:22,1286751.67316937
100446,single_family_home,Gladwin Street 11327,Gladwin Street,11327,90049,Los Angeles,California,United States,34.0684172,-118.464277,2022,2016.0,189.643902,166.662053,462.23452,5,1,1,1,6.0,3,2,3,2,50446,Max Mustermann,private,False,occupied,owned,2021-09-22,670013.835015,9333.102632,1480656.828361,1632933.401777,2102.26219,369.636803,1725.223103,EUR,False,13.400277,False,397.491525,False,2,2,False,44.667589,False,False,False,False,False,district_heating,electricity,B,21999.307896,good,False,False,503.0,14.525842,7.220812,5.782264,3.610406,2026-06-20T13:55:58,2026-06-20T13:55:58,1479971.4128270554
100447,mobile_home,North Bowling Green Way 220,North Bowling Green Way,220,90049,Los Angeles,California,United States,34.0620359,-118.4772344,1965,1999.0,143.527305,125.907851,691.905652,8,5,3,3,2.0,11,6,4,3,50447,Max Mustermann,private,False,occupied,owned,2017-02-04,928393.85872,7295.392566,1083839.604925,1199651.892945,2848.69337,503.61163,2433.375761,EUR,False,18.567877,False,585.056283,False,3,3,False,61.892924,False,False,False,False,False,district_heating,electricity,B,15886.177697,good,False,False,877.0,10.343174,5.097304,4.087748,2.548652,2026-01-14T09:38:19,2026-01-14T09:38:19,1083580.7456163825
100448,duplex,Mountain Crest Lane 12675,Mountain Crest Lane,12675,90049,Los Angeles,California,United States,34.1054641,-118.4929477,1910,2005.0,213.572371,187.808142,305.667007,2,2,2,2,3.0,5,3,1,0,50448,Max Mustermann,private,True,occupied,owned,2015-11-07,493875.383287,10390.407112,1686552.963985,1857749.722837,1593.417774,278.305754,1242.473273,EUR,True,9.877508,True,269.628056,True,0,0,True,32.925026,True,True,True,True,True,district_heating,electricity,B,25171.221337,good,True,True,932.0,16.696099,8.322635,6.661496,4.161317,2026-04-01T03:36:32,2026-04-01T03:36:32,1687886.268353912
100449,single_family_home,North Bonhill Road 624,North Bonhill Road,624,90049,Los Angeles,California,United States,34.0692579,-118.481481,2008,2000.0,152.792469,134.095671,850.542341,5,1,1,1,2.0,3,2,3,2,50449,Max Mustermann,private,False,occupied,owned,2014-08-01,1106860.133176,7704.783531,1163563.10863,1286701.340234,3364.262607,596.149699,2922.50555,EUR,False,22.137203,False,714.609578,False,2,2,False,73.790676,False,False,False,False,False,district_heating,electricity,B,17114.350592,good,False,False,926.0,11.183503,5.523932,4.428188,2.761966,2026-02-24T04:42:30,2026-02-24T04:42:30,1164787.2638141692
100450,villa,Westridge Road 2184,Westridge Road,2184,90049,Los Angeles,California,United States,34.0749941,-118.503187,1923,2001.0,227.899742,200.46954,2.029534,4,5,3,3,2.0,12,6,2,1,50450,Max Mustermann,private,True,occupied,owned,2025-01-08,152283.225595,11023.476981,1809834.990982,1992360.368531,606.595985,101.183895,306.257729,EUR,True,3.045665,True,21.657453,True,1,1,True,10.152215,True,True,True,True,True,district_heating,electricity,B,27070.430942,good,True,True,613.0,17.995558,8.98236,7.187944,4.49118,2026-02-27T03:22:54,2026-02-27T03:22:54,1814633.1173089272
100451,loft,Goshen Avenue 11835,Goshen Avenue,11835,90049,Los Angeles,California,United States,34.0483656,-118.4642851,1908,2016.0,194.88592,171.294534,1110.690199,5,3,2,2,6.0,8,4,3,2,50451,Max Mustermann,private,False,occupied,owned,2026-01-24,1399526.473424,9564.726701,1525762.567995,1682183.993162,4209.743145,747.902616,3724.628112,EUR,False,27.990529,False,927.063662,False,2,2,False,93.301765,False,False,False,False,False,district_heating,electricity,B,22694.180102,good,False,False,150.0,15.001281,7.462189,5.974878,3.731094,2026-05-23T11:07:48,2026-05-23T11:07:48,1522703.9220701202
100452,studio,Bayliss Road 13713,Bayliss Road,13713,90049,Los Angeles,California,United States,34.077863,-118.5081309,1976,1991.0,137.055004,120.188143,646.142397,6,4,3,3,0.0,9,5,3,2,50452,Max Mustermann,private,False,occupied,owned,2017-01-17,876910.196075,7009.40715,1028147.708123,1138842.362383,2699.962789,476.916398,2292.272389,EUR,False,17.538204,False,547.682957,False,2,2,False,58.46068,False,False,False,False,False,district_heating,electricity,B,15028.221449,good,False,False,101.0,9.756152,4.799277,3.849928,2.399638,2026-03-13T18:14:51,2026-03-13T18:14:51,1022067.4559022448
100453,villa,South Westgate Avenue 210,South Westgate Avenue,210,90049,Los Angeles,California,United States,34.0600392,-118.4712299,1908,2001.0,90.726183,79.246394,863.315999,6,5,3,3,2.0,12,6,3,2,50453,Max Mustermann,private,False,occupied,owned,2015-05-10,1121230.498846,4962.31971,629504.36466,703566.927899,3405.776997,603.600999,2961.890997,EUR,False,22.42461,False,725.041399,False,2,2,False,74.7487,False,False,False,False,False,district_heating,electricity,B,8886.959131,good,False,False,717.0,5.554235,2.665996,2.147613,1.332998,2026-04-20T17:49:52,2026-04-20T17:49:52,637276.7423174306
100454,bungalow,South Bundy Drive 746,South Bundy Drive,746,90049,Los Angeles,California,United States,34.0508375,-118.4727535,1986,2011.0,88.156544,76.97555,890.340093,2,3,2,2,5.0,7,4,1,0,50454,Max Mustermann,private,True,occupied,owned,2015-12-16,1151632.605083,4848.777506,607393.514393,679424.26977,3493.605304,619.365054,3045.215288,EUR,True,23.032652,True,747.111076,True,0,0,True,76.775507,True,True,True,True,True,district_heating,electricity,B,8546.332519,good,True,True,603.0,5.321175,2.547673,2.053194,1.273837,2026-06-09T19:43:41,2026-06-09T19:43:41,608635.5057674382
100455,studio,Park Lane Circle 16632,Park Lane Circle,16632,90049,Los Angeles,California,United States,34.1289529,-118.4951955,2010,2016.0,172.097209,151.155673,804.754205,3,4,3,3,6.0,9,5,2,1,50455,Max Mustermann,private,True,occupied,owned,2018-11-17,1055348.480985,8557.783649,1329673.658036,1468076.102288,3215.451167,569.439953,2781.325466,EUR,True,21.10697,True,677.215934,True,1,1,True,70.356565,True,True,True,True,True,district_heating,electricity,B,19673.350948,good,True,True,906.0,12.934398,6.412848,5.137525,3.206424,2026-05-23T00:38:59,2026-05-23T00:38:59,1327064.746961669
100456,apartment,Thurston Place 11384,Thurston Place,11384,90049,Los Angeles,California,United States,34.0743559,-118.4661702,1930,2005.0,199.649942,175.5046,437.065766,3,0,1,1,3.0,1,1,2,1,50456,Max Mustermann,private,True,occupied,owned,2012-12-08,641698.986905,9775.230001,1566755.31595,1726943.64228,2020.46374,354.95503,1647.619446,EUR,True,12.83398,True,376.937042,True,1,1,True,42.779932,True,True,True,True,True,district_heating,electricity,B,23325.690002,good,True,True,65.0,15.433367,7.681555,6.149928,3.840778,2026-06-18T22:17:01,2026-06-18T22:17:01,1569426.7893684504
100457,condominium,Gorham Place 11654,Gorham Place,11654,90049,Los Angeles,California,United States,34.0544767,-118.4641637,1951,2007.0,147.07946,129.046964,83.968573,4,0,1,1,4.0,2,1,2,1,50457,Max Mustermann,private,True,occupied,owned,2025-01-24,244464.645021,7452.348222,1114404.653732,1233025.621913,872.897863,148.981668,558.903101,EUR,True,4.889293,True,88.574335,True,1,1,True,16.297643,True,True,True,True,True,district_heating,electricity,B,16357.044666,good,True,True,145.0,10.665346,5.260868,4.218269,2.630434,2026-02-16T08:44:48,2026-02-16T08:44:48,1113757.3969363358
100458,condominium,South Cliffwood Avenue 435,South Cliffwood Avenue,435,90049,Los Angeles,California,United States,34.0505496,-118.4836428,1915,2000.0,169.750914,149.082203,797.085222,7,0,1,1,2.0,2,1,4,3,50458,Max Mustermann,private,False,occupied,owned,2024-06-23,1046720.87463,8454.110151,1309484.608416,1446031.842703,3190.526971,564.966379,2757.679434,EUR,False,20.934417,False,670.952931,False,3,3,False,69.781392,False,False,False,False,False,district_heating,electricity,B,19362.330454,good,False,False,998.0,12.721595,6.30481,5.051313,3.152405,2026-03-21T10:22:00,2026-03-21T10:22:00,1311317.7673814076
100459,villa,Roscomare Road 1505,Roscomare Road,1505,90077,Los Angeles,California,United States,34.09665,-118.4644121,2020,1996.0,94.038451,82.173515,396.240043,3,5,3,3,1.0,12,6,2,1,50459,Max Mustermann,private,True,occupied,owned,2016-09-23,595770.048658,5108.675746,658005.276797,734686.842773,1887.780141,331.140025,1521.740133,EUR,True,11.915401,True,343.596035,True,1,1,True,39.718003,True,True,True,True,True,district_heating,electricity,B,9326.027237,good,True,True,821.0,5.85465,2.818515,2.26932,1.409257,2026-02-16T04:36:42,2026-02-16T04:36:42,659322.4069669788
100460,single_family_home,Moraga Drive 2813,Moraga Drive,2813,90077,Los Angeles,California,United States,34.1260943,-118.4676271,2013,,51.658921,44.721837,,4,1,1,1,,3,2,2,1,50460,Max Mustermann,private,True,occupied,owned,,,3236.091862,293344.20465,336516.374807,,,,EUR,True,,True,,True,1,1,True,,True,True,True,True,True,district_heating,electricity,B,3708.275585,good,True,True,,2.010925,0.867085,0.712118,0.433543,2026-04-13T02:09:47,2026-04-13T02:09:47,292498.64157999476
100461,studio,North Rockingham Avenue 524,North Rockingham Avenue,524,90049,Los Angeles,California,United States,34.0647477,-118.4900839,1972,2014.0,96.431552,84.288349,376.698774,2,4,3,3,6.0,9,5,1,0,50461,Max Mustermann,private,True,occupied,owned,2020-04-03,573786.120829,5214.417433,678597.079097,757170.864744,1824.271016,319.740952,1461.487887,EUR,True,11.475722,True,327.637332,True,0,0,True,38.252408,True,True,True,True,True,district_heating,electricity,B,9643.2523,good,True,True,919.0,6.071699,2.928709,2.357252,1.464354,2026-06-12T00:05:47,2026-06-12T00:05:47,679759.384185726
100462,apartment,Aqua Verde Drive 15561,Aqua Verde Drive,15561,90077,Los Angeles,California,United States,34.12179,-118.4735818,1931,1992.0,93.418748,81.62587,1017.618335,7,0,1,1,0.0,1,1,4,3,50462,Max Mustermann,private,False,occupied,owned,2017-02-03,1294820.627334,5081.293517,652672.948102,728864.516306,3907.25959,693.610696,3437.656534,EUR,False,25.896413,False,851.054974,False,3,3,False,86.321375,False,False,False,False,False,district_heating,electricity,B,9243.880552,good,False,False,292.0,5.798445,2.78998,2.246549,1.39499,2026-05-16T06:24:26,2026-05-16T06:24:26,659662.2799051048
100463,triplex,South Barrington Avenue 219,South Barrington Avenue,219,90049,Los Angeles,California,United States,34.0637957,-118.4689011,1974,2020.0,103.737557,90.744818,863.705116,7,2,2,2,7.0,6,3,4,3,50463,Max Mustermann,private,False,occupied,owned,2011-08-18,1121668.255069,5537.2409,741462.701575,825813.328206,3407.041626,603.827984,2963.090773,EUR,False,22.433365,False,725.359178,False,3,3,False,74.777884,False,False,False,False,False,district_heating,electricity,B,10611.7227,good,False,False,220.0,6.734337,3.265125,2.625706,1.632562,2026-04-27T10:10:23,2026-04-27T10:10:23,740644.9469278498
100464,penthouse,Mulholland Drive 15431,Mulholland Drive,15431,90077,Los Angeles,California,United States,34.1304407,-118.4693518,1976,2004.0,151.132728,132.628922,360.386722,6,4,3,3,3.0,10,5,3,2,50464,Max Mustermann,private,False,occupied,owned,2010-03-18,555435.062085,7631.446114,1149281.611659,1271107.489487,1771.256846,310.225588,1411.192392,EUR,False,11.108701,False,314.315823,False,2,2,False,37.029004,False,False,False,False,False,district_heating,electricity,B,16894.338342,good,False,False,466.0,11.032968,5.447507,4.367203,2.723754,2026-03-21T23:20:49,2026-03-21T23:20:49,1145235.0450917955
100465,studio,Mayfield Avenue 11940,Mayfield Avenue,11940,90049,Los Angeles,California,United States,34.0483206,-118.4674943,1905,,64.750423,56.291072,,8,4,3,3,,9,5,4,3,50465,Max Mustermann,private,False,occupied,owned,,,3814.553584,405992.013805,459515.604263,,,,EUR,False,,False,,False,3,3,False,,False,False,False,False,False,district_heating,electricity,B,5443.660753,good,False,False,,3.198294,1.469903,1.193155,0.734952,2026-05-26T19:05:56,2026-05-26T19:05:56,392691.5134283344
100466,single_family_home,Linda Flora Drive 2191,Linda Flora Drive,2191,90077,Los Angeles,California,United States,34.1123371,-118.4650815,1979,2002.0,84.721218,73.939681,371.141595,7,1,1,1,3.0,3,2,4,3,50466,Max Mustermann,private,False,occupied,owned,2020-04-12,567534.293982,4696.984057,577833.737497,647148.189051,1806.210183,316.499264,1444.35325,EUR,False,11.350686,False,323.098969,False,3,3,False,37.83562,False,False,False,False,False,district_heating,electricity,B,8090.952172,good,False,False,547.0,5.009599,2.389489,1.926966,1.194744,2026-01-14T04:10:48,2026-01-14T04:10:48,577286.9188611659
100467,bungalow,Montana Avenue 11707,Montana Avenue,11707,90049,Los Angeles,California,United States,34.0548191,-118.4675169,1910,2019.0,184.19921,161.850464,490.07149,1,3,2,2,7.0,7,4,1,0,50467,Max Mustermann,private,True,occupied,owned,2023-12-07,701330.426636,9092.523217,1433807.152753,1581778.620844,2192.732344,385.875036,1811.053762,EUR,True,14.026609,True,420.22505,True,0,0,True,46.755362,True,True,True,True,True,district_heating,electricity,B,21277.569651,good,True,True,542.0,14.032021,6.970103,5.582204,3.485052,2026-06-08T01:43:05,2026-06-08T01:43:05,1437960.4548327434
100468,single_family_home,Devonport Lane 2496,Devonport Lane,2496,90077,Los Angeles,California,United States,34.1166884,-118.4749406,1953,2012.0,186.880115,164.219637,482.880464,4,1,1,1,5.0,3,2,2,1,50468,Max Mustermann,private,True,occupied,owned,2022-08-18,693240.522528,9210.981846,1456875.412135,1606966.666223,2169.36151,381.680271,1788.881432,EUR,True,13.86481,True,414.352379,True,1,1,True,46.216035,True,True,True,True,True,district_heating,electricity,B,21632.945538,good,True,True,268.0,14.275173,7.09355,5.680711,3.546775,2026-03-11T14:42:27,2026-03-11T14:42:27,1453497.4445766967
100469,apartment,Montana Avenue 12328,Montana Avenue,12328,90049,Los Angeles,California,United States,34.0474804,-118.4760745,1984,,48.809203,42.203482,,7,0,1,1,,1,1,4,3,50469,Max Mustermann,private,False,occupied,owned,,,3110.174082,268823.373821,309742.278442,,,,EUR,False,,False,,False,3,3,False,,False,False,False,False,False,district_heating,electricity,B,3330.522245,good,False,False,,1.752463,0.735866,0.607408,0.367933,2026-05-05T19:28:26,2026-05-05T19:28:26,271140.0519791797
100470,duplex,West Sunset Boulevard 12855,West Sunset Boulevard,12855,90049,Los Angeles,California,United States,34.0568349,-118.4910244,1974,2009.0,122.633864,107.44388,354.786243,7,2,2,2,4.0,5,3,4,3,50470,Max Mustermann,private,False,occupied,owned,2012-03-30,549134.52341,6372.194012,904058.833883,1003350.726727,1753.05529,306.958642,1393.924249,EUR,False,10.98269,False,309.742098,False,3,3,False,36.608968,False,False,False,False,False,district_heating,electricity,B,13116.582035,good,False,False,935.0,8.448188,4.135234,3.320035,2.067617,2026-03-11T06:48:32,2026-03-11T06:48:32,900026.0472203046
100471,triplex,Canyonback Road 2286,Canyonback Road,2286,90049,Los Angeles,California,United States,34.109011,-118.4947124,1972,2004.0,151.661395,133.096117,152.745359,1,2,2,2,3.0,6,3,1,0,50471,Max Mustermann,private,True,occupied,owned,2011-08-24,321838.52873,7654.805835,1153830.609932,1276074.503818,1096.422416,189.101459,770.964857,EUR,True,6.436771,True,144.742043,True,0,0,True,21.455902,True,True,True,True,True,district_heating,electricity,B,16964.417504,good,True,True,460.0,11.080917,5.47185,4.386628,2.735925,2026-01-30T11:27:07,2026-01-30T11:27:07,1147062.0834740493
100472,apartment,Westgate Avenue 1131,Westgate Avenue,1131,90049,Los Angeles,California,United States,34.0479905,-118.4652931,1966,2004.0,124.39146,108.997104,504.535601,7,0,1,1,3.0,1,1,4,3,50472,Max Mustermann,private,False,occupied,owned,2022-01-22,717602.550593,6449.855224,919182.333091,1019863.952888,2239.740702,394.312434,1855.651435,EUR,False,14.352051,False,432.037407,False,3,3,False,47.84017,False,False,False,False,False,district_heating,electricity,B,13349.565672,good,False,False,974.0,8.607598,4.216165,3.384616,2.108082,2026-03-14T21:43:37,2026-03-14T21:43:37,919734.6558113153
100473,triplex,Isleta Street 11350,Isleta Street,11350,90049,Los Angeles,California,United States,34.0689298,-118.4655834,1940,1991.0,79.469394,69.298534,1128.436405,8,2,2,2,0.0,6,3,4,3,50473,Max Mustermann,private,False,occupied,owned,2014-10-13,1419490.955486,4464.9267,532643.620602,597805.466819,4267.418316,758.25457,3779.345582,EUR,False,28.389819,False,941.556397,False,3,3,False,94.63273,False,False,False,False,False,district_heating,electricity,B,7394.780101,good,False,False,110.0,4.533271,2.14766,1.733992,1.07383,2026-05-05T16:42:19,2026-05-05T16:42:19,533154.0264261832
100474,townhouse,North Kenter Avenue 936,North Kenter Avenue,936,90049,Los Angeles,California,United States,34.0758028,-118.4921139,2019,2002.0,125.330856,109.827268,812.781534,1,1,1,1,3.0,4,2,1,0,50474,Max Mustermann,private,True,occupied,owned,2021-05-07,1064379.226118,6491.363419,927265.507881,1028689.905902,3241.539987,574.122562,2806.076398,EUR,True,21.287585,True,683.771586,True,0,0,True,70.958615,True,True,True,True,True,district_heating,electricity,B,13474.090257,good,True,True,218.0,8.692799,4.259421,3.419134,2.12971,2026-01-12T07:25:38,2026-01-12T07:25:38,927035.1279463134
100475,mobile_home,North Saltair Avenue 315,North Saltair Avenue,315,90049,Los Angeles,California,United States,34.0673991,-118.4751919,1933,2015.0,229.540273,201.919311,1083.366655,6,5,3,3,6.0,11,6,3,2,50475,Max Mustermann,private,False,occupied,owned,2015-12-13,1368787.486739,11095.965544,1823951.184929,2007773.726247,4120.941628,731.963882,3640.380519,EUR,False,27.37575,False,904.749435,False,2,2,False,91.252499,False,False,False,False,False,district_heating,electricity,B,27287.896633,good,False,False,438.0,18.14435,9.057901,7.248224,4.52895,2026-01-15T00:13:19,2026-01-15T00:13:19,1821827.8435651406
100476,townhouse,Casiano Road 2688,Casiano Road,2688,90077,Los Angeles,California,United States,34.1198595,-118.4731106,1926,2011.0,160.577074,140.975089,738.617899,5,1,1,1,5.0,4,2,3,2,50476,Max Mustermann,private,False,occupied,owned,2012-12-21,980945.136534,8048.754435,1230546.916278,1359840.416693,3000.508172,530.860441,2577.405189,EUR,False,19.618903,False,623.204618,False,2,2,False,65.396342,False,False,False,False,False,district_heating,electricity,B,18146.263305,good,False,False,52.0,11.889549,5.882386,4.714227,2.941193,2026-02-24T04:48:16,2026-02-24T04:48:16,1228706.290444517
100477,mobile_home,Dorothy Street 11838,Dorothy Street,11838,90049,Los Angeles,California,United States,34.051092,-118.4676238,1985,2007.0,184.537442,162.149367,361.139849,7,5,3,3,4.0,11,6,4,3,50477,Max Mustermann,private,False,occupied,owned,2017-10-30,556282.330664,9107.468372,1436717.525021,1584956.432726,1773.704511,310.664912,1413.514536,EUR,False,11.125647,False,314.930877,False,3,3,False,37.085489,False,False,False,False,False,district_heating,electricity,B,21322.405115,good,False,False,449.0,14.062698,6.985678,5.594632,3.492839,2026-03-16T10:07:00,2026-03-16T10:07:00,1445319.7778797888
100478,condominium,South Saltair Avenue 391,South Saltair Avenue,391,90049,Los Angeles,California,United States,34.0558744,-118.4744676,1991,1994.0,219.197387,192.779086,657.524656,7,0,1,1,1.0,2,1,4,3,50478,Max Mustermann,private,False,occupied,owned,2011-07-18,889715.237733,10638.954307,1734954.259762,1910598.705254,2736.955131,483.556049,2327.367689,EUR,False,17.794305,False,556.978469,False,3,3,False,59.314349,False,False,False,False,False,district_heating,electricity,B,25916.862921,good,False,False,321.0,17.206275,8.581647,6.868183,4.290824,2026-05-08T23:27:11,2026-05-08T23:27:11,1737292.2904017994
100479,triplex,Bayliss Road 13624,Bayliss Road,13624,90049,Los Angeles,California,United States,34.075937,-118.5075913,1940,2007.0,199.602834,175.462969,0.487128,4,2,2,2,4.0,6,3,2,1,50479,Max Mustermann,private,True,occupied,owned,2015-06-25,150548.018591,9773.148473,1566349.965818,1726501.043759,601.583165,100.284158,301.501977,EUR,True,3.01096,True,20.397821,True,1,1,True,10.036535,True,True,True,True,True,district_heating,electricity,B,23319.445419,good,True,True,998.0,15.429094,7.679386,6.148197,3.839693,2026-02-03T12:34:45,2026-02-03T12:34:45,1566931.6475903406
100480,studio,Bel Air Crest Road 11701,Bel Air Crest Road,11701,90077,Los Angeles,California,United States,34.1146347,-118.4728543,1930,2012.0,116.781921,102.272395,344.29646,8,4,3,3,5.0,9,5,4,3,50480,Max Mustermann,private,False,occupied,owned,2018-04-16,537333.517773,6113.619775,853704.903516,948369.678434,1718.963496,300.839602,1361.580752,EUR,False,10.74667,False,301.175443,False,3,3,False,35.822235,False,False,False,False,False,district_heating,electricity,B,12340.859324,good,False,False,852.0,7.91743,3.865772,3.10501,1.932886,2026-02-28T16:35:53,2026-02-28T16:35:53,854272.118329693
100481,bungalow,Stratford Circle 2124,Stratford Circle,2124,90077,Los Angeles,California,United States,34.1072604,-118.4741155,1933,,36.267658,31.120256,,4,3,2,2,,7,4,2,1,50481,Max Mustermann,private,True,occupied,owned,,,2556.012794,160907.75463,191910.08884,,,,EUR,True,,True,,True,1,1,True,,True,True,True,True,True,district_heating,electricity,B,1668.038382,good,True,True,,0.614974,0.158371,0.146579,0.079186,2026-06-21T11:04:25,2026-06-21T11:04:25,164554.99307849474
100482,penthouse,Ridge Circle 12301,Ridge Circle,12301,90049,Los Angeles,California,United States,34.1078733,-118.4833971,1950,2022.0,110.628143,96.834173,515.86578,5,4,3,3,8.0,10,5,3,2,50482,Max Mustermann,private,False,occupied,owned,2016-05-23,730349.002486,5841.708625,800753.784943,890552.781397,2276.563785,400.921705,1890.586155,EUR,False,14.60698,False,441.290387,False,2,2,False,48.689933,False,False,False,False,False,district_heating,electricity,B,11525.125876,good,False,False,853.0,7.359297,3.582412,2.878895,1.791206,2026-01-11T13:01:29,2026-01-11T13:01:29,804956.2083799215
100483,villa,San Vicente Boulevard 11686,San Vicente Boulevard,11686,90049,Los Angeles,California,United States,34.0535777,-118.4647911,1916,2015.0,196.997152,173.160274,695.981737,7,5,3,3,6.0,12,6,4,3,50483,Max Mustermann,private,False,occupied,owned,2013-07-16,932979.454614,9658.013688,1543928.98136,1702019.75262,2861.940647,505.989347,2445.94369,EUR,False,18.659589,False,588.385086,False,3,3,False,62.19863,False,False,False,False,False,district_heating,electricity,B,22974.041064,good,False,False,515.0,15.192765,7.559404,6.052453,3.779702,2026-01-20T10:36:27,2026-01-20T10:36:27,1535050.0806724464
100484,single_family_home,South Kenter Avenue 325,South Kenter Avenue,325,90049,Los Angeles,California,United States,34.0565357,-118.4769549,1985,2024.0,218.491309,192.155111,785.646748,8,1,1,1,8.0,3,2,4,3,50484,Max Mustermann,private,False,occupied,owned,2019-10-30,1033852.591999,10607.75553,1728878.708553,1903964.86015,3153.351932,558.293937,2722.410808,EUR,False,20.677052,False,661.611511,False,3,3,False,68.923506,False,False,False,False,False,district_heating,electricity,B,25823.266591,good,False,False,342.0,17.142235,8.549135,6.842239,4.274567,2026-05-27T12:45:40,2026-05-27T12:45:40,1729723.8850849879
100485,townhouse,South Bristol Avenue 738,South Bristol Avenue,738,90049,Los Angeles,California,United States,34.0454677,-118.4797471,1982,2011.0,239.987523,211.151764,557.985828,1,1,1,1,5.0,4,2,1,0,50485,Max Mustermann,private,True,occupied,owned,2022-03-09,777734.056833,11557.588215,1913846.12617,2105929.28371,2413.453942,425.491733,2020.456304,EUR,True,15.554681,True,475.688426,True,0,0,True,51.848937,True,True,True,True,True,district_heating,electricity,B,28672.764646,good,True,True,483.0,19.091892,9.53896,7.6321,4.76948,2026-04-17T09:07:25,2026-04-17T09:07:25,1911965.627840785
100486,single_family_home,Roscomare Road 2381,Roscomare Road,2381,90077,Los Angeles,California,United States,34.1184392,-118.4638839,1938,1991.0,125.089576,109.614044,530.591759,7,1,1,1,0.0,3,2,4,3,50486,Max Mustermann,private,False,occupied,owned,2025-10-12,746915.729061,6480.702185,925189.372865,1026422.990912,2324.423217,409.51186,1935.991257,EUR,False,14.938315,False,453.316603,False,3,3,False,49.794382,False,False,False,False,False,district_heating,electricity,B,13442.106555,good,False,False,763.0,8.670915,4.248311,3.410268,2.124155,2026-01-06T10:10:51,2026-01-06T10:10:51,926298.242031415
100487,single_family_home,South Carmelina Avenue 1160,South Carmelina Avenue,1160,90049,Los Angeles,California,United States,34.0423899,-118.4708366,1958,1997.0,195.715869,172.027977,256.441681,6,1,1,1,1.0,3,2,3,2,50487,Max Mustermann,private,False,occupied,owned,2016-10-14,438496.891335,9601.398855,1532903.987609,1689981.651336,1433.435464,249.590981,1090.695184,EUR,False,8.769938,False,229.427373,False,2,2,False,29.233126,False,False,False,False,False,district_heating,electricity,B,22804.196566,good,False,False,798.0,15.076556,7.500405,6.005374,3.750203,2026-06-08T14:53:44,2026-06-08T14:53:44,1534163.0678640122
100488,bungalow,Santa Monica Boulevard 12111,Santa Monica Boulevard,12111,90025,Los Angeles,California,United States,34.0405607,-118.4638514,1940,2006.0,152.418447,133.765139,567.823423,7,3,2,2,4.0,7,4,4,3,50488,Max Mustermann,private,False,occupied,owned,2023-09-20,788801.350978,7688.256942,1160344.773008,1283187.265662,2445.426125,431.23033,2050.788888,EUR,False,15.776027,False,483.722462,False,3,3,False,52.586757,False,False,False,False,False,district_heating,electricity,B,17064.770827,good,False,False,852.0,11.14958,5.50671,4.414445,2.753355,2026-04-03T02:27:54,2026-04-03T02:27:54,1162961.115456022
100489,apartment,Santa Monica Boulevard 12138,Santa Monica Boulevard,12138,90025,Los Angeles,California,United States,34.0400404,-118.4640641,2018,2001.0,164.699307,144.617992,1081.416991,3,0,1,1,2.0,1,1,2,1,50489,Max Mustermann,private,True,occupied,owned,2024-09-01,1366594.114868,8230.899595,1266017.289541,1398570.229661,4114.605221,730.826578,3634.369056,EUR,True,27.331882,True,903.157209,True,1,1,True,91.106274,True,True,True,True,True,district_heating,electricity,B,18692.698785,good,True,True,619.0,12.263425,6.072201,4.865695,3.0361,2026-01-28T07:27:37,2026-01-28T07:27:37,1263675.1418822096
100490,single_family_home,Promontory Road 12466,Promontory Road,12466,90049,Los Angeles,California,United States,34.1046587,-118.4862162,1996,2006.0,82.415819,71.902352,955.229712,8,1,1,1,4.0,3,2,4,3,50490,Max Mustermann,private,False,occupied,owned,2021-11-12,1224633.426171,4595.117596,557996.584499,625488.162534,3704.496564,657.217332,3245.291612,EUR,False,24.492669,False,800.104265,False,3,3,False,81.642228,False,False,False,False,False,district_heating,electricity,B,7785.352788,good,False,False,727.0,4.800505,2.283333,1.842256,1.141667,2026-04-13T16:05:25,2026-04-13T16:05:25,554891.0175594303
100491,villa,South Barrington Place 127,South Barrington Place,127,90049,Los Angeles,California,United States,34.0664661,-118.4693964,2019,1992.0,82.175651,71.690111,203.629675,3,5,3,3,0.0,12,6,2,1,50491,Max Mustermann,private,True,occupied,owned,2010-03-06,379083.384867,4584.505529,555930.02405,623231.701935,1261.796445,218.783977,927.858166,EUR,True,7.581668,True,186.297568,True,1,1,True,25.272226,True,True,True,True,True,district_heating,electricity,B,7753.516587,good,True,True,785.0,4.778722,2.272274,1.833431,1.136137,2026-03-21T23:21:14,2026-03-21T23:21:14,555301.4085817607
100492,triplex,Saltair Terrace 11923,Saltair Terrace,11923,90049,Los Angeles,California,United States,34.0540888,-118.4723589,1909,1996.0,128.704735,112.808835,101.754644,1,2,2,2,1.0,6,3,1,0,50492,Max Mustermann,private,True,occupied,owned,2024-12-24,264473.974579,6640.441772,956296.555686,1060388.671614,930.702593,159.356876,613.743486,EUR,True,5.289479,True,103.099626,True,0,0,True,17.631598,True,True,True,True,True,district_heating,electricity,B,13921.325317,good,True,True,548.0,8.998802,4.414776,3.543104,2.207388,2026-03-27T05:04:32,2026-03-27T05:04:32,954139.4846812582
100493,bungalow,Kimberly Lane 1871,Kimberly Lane,1871,90049,Los Angeles,California,United States,34.0692281,-118.4940252,1901,,41.240336,35.514716,,7,3,2,2,,7,4,4,3,50493,Max Mustermann,private,False,occupied,owned,,,2775.735789,203695.916901,238630.136292,,,,EUR,False,,False,,False,3,3,False,,False,False,False,False,False,district_heating,electricity,B,2327.207368,good,False,False,,1.065984,0.387346,0.329296,0.193673,2026-06-12T03:33:32,2026-06-12T03:33:32,193267.93624372996
100494,mobile_home,North Skyewiay Road 407,North Skyewiay Road,407,90049,Los Angeles,California,United States,34.0659377,-118.4813185,1958,2017.0,107.267852,93.864613,618.542412,1,5,3,3,6.0,11,6,1,0,50494,Max Mustermann,private,True,occupied,owned,2022-06-10,845860.213386,5693.230665,771839.655842,858981.678271,2610.262839,460.816407,2207.172437,EUR,True,16.917204,True,525.14297,True,0,0,True,56.390681,True,True,True,True,True,district_heating,electricity,B,11079.691995,good,True,True,208.0,7.054526,3.427682,2.755423,1.713841,2026-02-19T11:22:46,2026-02-19T11:22:46,765775.5390256903
100495,villa,Acanto Place 1050,Acanto Place,1050,90049,Los Angeles,California,United States,34.0837093,-118.4732209,1979,2012.0,181.015505,159.036958,759.529027,2,5,3,3,5.0,12,6,1,0,50495,Max Mustermann,private,True,occupied,owned,2016-09-18,1004470.155284,8951.847908,1406412.487302,1551866.607757,3068.469337,543.058599,2641.881166,EUR,True,20.089403,True,640.282039,True,0,0,True,66.964677,True,True,True,True,True,district_heating,electricity,B,20855.543723,good,True,True,244.0,13.743267,6.823505,5.465221,3.411752,2026-06-15T04:15:06,2026-06-15T04:15:06,1404562.1355870492
100496,townhouse,Barrington Avenue 199,Barrington Avenue,199,90049,Los Angeles,California,United States,34.0663321,-118.470861,1972,2010.0,121.928084,106.820167,402.225906,7,1,1,1,5.0,4,2,4,3,50496,Max Mustermann,private,False,occupied,owned,2024-11-17,602504.144803,6341.008357,897985.837905,996719.671658,1907.234196,334.631779,1540.196545,EUR,False,12.050083,False,348.48449,False,3,3,False,40.166943,False,False,False,False,False,district_heating,electricity,B,13023.02507,good,False,False,353.0,8.384175,4.102735,3.294102,2.051368,2026-02-07T08:12:11,2026-02-07T08:12:11,895727.5646290685
100497,duplex,Linda Flora Drive 2095,Linda Flora Drive,2095,90077,Los Angeles,California,United States,34.1092442,-118.4660361,1912,,70.484617,61.358499,,3,2,2,2,,5,3,2,1,50497,Max Mustermann,private,True,occupied,owned,,,4067.924946,455332.752726,513390.357031,,,,EUR,True,,True,,True,1,1,True,,True,True,True,True,True,district_heating,electricity,B,6203.774839,good,True,True,,3.718372,1.733943,1.403853,0.866971,2026-06-04T04:48:48,2026-06-04T04:48:48,452267.0609949905
100498,single_family_home,West Sunset Boulevard 12608,West Sunset Boulevard,12608,90049,Los Angeles,California,United States,34.0571411,-118.4834718,1909,2017.0,135.488882,118.804128,982.108157,8,1,1,1,6.0,3,2,4,3,50498,Max Mustermann,private,False,occupied,owned,2012-04-28,1254871.677124,6940.206418,1014671.77608,1124128.101449,3791.851512,672.896425,3328.166819,EUR,False,25.097434,False,822.054995,False,3,3,False,83.658112,False,False,False,False,False,district_heating,electricity,B,14820.619253,good,False,False,272.0,9.614108,4.727162,3.792382,2.363581,2026-06-17T02:11:49,2026-06-17T02:11:49,1014682.6337532573
100499,villa,Tuallitan Road 641,Tuallitan Road,641,90049,Los Angeles,California,United States,34.0709,-118.4849369,1968,,62.439976,54.249281,,3,5,3,3,,12,6,2,1,50499,Max Mustermann,private,True,occupied,owned,,,3712.464074,386111.42497,437808.150508,,,,EUR,True,,True,,True,1,1,True,,True,True,True,True,True,district_heating,electricity,B,5137.392223,good,True,True,,2.988742,1.363515,1.10826,0.681758,2026-06-10T15:29:48,2026-06-10T15:29:48,385005.48249411536
