order_id,order_date,sales_channel,customer_id,first_name,last_name,email,phone,shipping_address,country,currency,warehouse,product_name,category,unit_price,quantity,subtotal,discount_percent,shipping_cost,tax_amount,total_amount,payment_status,fulfillment_status,estimated_delivery_date,coupon_code,payment_method,shipping_method,delivery_days,order_status,predicted_order_status
100001,2026-06-13,Social Commerce,770487,Michael,Wilson,michael.wilson@example-shop.com,11000000654,"12729 Marlboro Street, Los Angeles, California 90049, United States",United States,USD,US-NJ Newark Fulfilment Center,Cobalt Power Bank 100,Electronics,70,6,420.0,20,25,42.0,403.0,Paid,Processing,2026-06-16,NONE,Debit Card,Express Shipping,2,Returned,Refunded
100002,2026-01-29,Web Store,216739,Michael,Wilson,michael.wilson@example-shop.com,11000000114,"3341 Mandeville Canyon Road, Los Angeles, California 90049, United States",United States,USD,US-NJ Newark Fulfilment Center,Tundra Bookshelf Lite,Furniture,417,1,417.0,3,8,41.7,454.19,Paid,Processing,2026-01-31,NONE,Credit Card,Standard Shipping,1,Paid,Paid
100003,2026-01-07,Web Store,126225,Sophia,Moore,sophia.moore@example-shop.com,11000000025,"666 North Saltair Avenue, Los Angeles, California 90049, United States",United States,USD,US-CA Ontario Distribution Hub,Lumen Lounge Chair Max,Furniture,573,1,573.0,0,5,57.3,635.3,Failed,Shipped,2026-01-13,FREESHIP,Apple Pay,Economy Shipping,5,Pending Payment,Paid
100004,2026-03-12,Social Commerce,877572,Charlotte,Jackson,charlotte.jackson@example-shop.com,11000000759,"1260 North Bundy Drive, Los Angeles, California 90049, United States",United States,USD,US-TX Dallas Warehouse,Willow Wardrobe Pro,Furniture,542,6,3252.0,23,13,325.20000000000005,2842.24,Pending,Packed,2026-03-17,SPRING15,Bank Transfer,Same Day Delivery,4,Refunded,Refunded
100005,2026-03-04,Android App,388389,Emma,Johnson,emma.johnson@example-shop.com,11000000281,"750 North Kenter Avenue, Los Angeles, California 90049, United States",United States,USD,US-TX Dallas Warehouse,Nimbus Cabinet Lite,Furniture,363,3,1089.0,8,12,108.9,1122.78,Pending,Packed,2026-03-09,SPRING15,Bank Transfer,Same Day Delivery,4,Shipped,Shipped
100006,2026-02-27,iOS App,356787,John,Smith,john.smith@example-shop.com,11000000250,"232 Avondale Avenue, Los Angeles, California 90049, United States",United States,USD,US-TX Dallas Warehouse,Quill Capture Card Lite,Electronics,197,2,394.0,7,12,39.400000000000006,417.8200000000001,Pending,Packed,2026-03-03,NONE,PayPal,Next Day Delivery,3,Packed,Packed
100007,2026-02-05,iOS App,334053,Daniel,Thomas,daniel.thomas@example-shop.com,11000000228,"12710 West Highwood Street, Los Angeles, California 90049, United States",United States,USD,US-NJ Newark Fulfilment Center,Verdant Docking Station 100,Electronics,259,2,518.0,7,9,51.8,542.54,Paid,Processing,2026-02-08,NONE,Debit Card,Express Shipping,2,Packed,Packed
100008,2026-01-27,iOS App,246316,David,Brown,david.brown@example-shop.com,11000000142,"917 Wellesley Avenue, Los Angeles, California 90049, United States",United States,USD,US-IL Joliet Fulfilment Center,Granite Mouse Lite,Electronics,49,2,98.0,4,8,9.8,111.88,Paid,Cancelled,2026-02-06,NONE,Cash on Delivery,Express Shipping,9,Processing,Packed
100009,2026-06-23,Social Commerce,872246,Michael,Wilson,michael.wilson@example-shop.com,11000000754,"375 North Bonhill Road, Los Angeles, California 90049, United States",United States,USD,US-NJ Newark Fulfilment Center,Nova Projector Max,Electronics,1236,6,7416.0,23,22,741.6,6473.92,Refunded,Processing,2026-06-26,NEWSLETTER5,Debit Card,In-Store Pickup,2,Refunded,Refunded
100010,2026-05-20,Web Store,207473,Michael,Wilson,michael.wilson@example-shop.com,11000000104,"12251 Renfrew Road, Los Angeles, California 90049, United States",United States,USD,US-IL Joliet Fulfilment Center,Granite Capture Card Max,Electronics,459,1,459.0,3,7,45.900000000000006,498.13,Paid,Cancelled,2026-05-28,NONE,Store Credit,Standard Shipping,10,Paid,Paid
100011,2026-01-23,Social Commerce,809570,David,Brown,david.brown@example-shop.com,11000000692,"1103 South Westgate Avenue, Los Angeles, California 90049, United States",United States,USD,US-GA Atlanta Returns Center,Xenon Standing Desk S2,Furniture,1053,6,6318.0,21,23,631.8000000000001,5646.02,Paid,Delivered,2026-01-25,NONE,Klarna,Standard Shipping,7,Returned,Returned
100012,2026-06-01,Social Commerce,876646,Daniel,Thomas,daniel.thomas@example-shop.com,11000000758,"2677 North Mandeville Canyon Road, Los Angeles, California 90049, United States",United States,USD,US-NJ Newark Fulfilment Center,Harbor Footrest 300,Furniture,69,6,414.0,23,18,41.400000000000006,378.18,Paid,Processing,2026-06-03,NONE,Credit Card,Express Shipping,1,Refunded,Refunded
100013,2026-04-19,Phone Order,671858,Olivia,Davis,olivia.davis@example-shop.com,11000000913,"2498 Mandeville Canyon Road, Los Angeles, California 90049, United States",United States,USD,US-NJ Newark Fulfilment Center,Kestrel Storage Cube 100,Furniture,108,5,540.0,28,6,54.0,448.8,Pending,Processing,2026-04-22,WELCOME10,Credit Card,Same Day Delivery,1,Delivered,Delivered
100014,2026-01-09,Web Store,191161,Daniel,Thomas,daniel.thomas@example-shop.com,11000000558,"140 North Canyon View Drive, Los Angeles, California 90049, United States",United States,USD,US-NJ Newark Fulfilment Center,Granite Monitor Stand 300,Furniture,69,1,69.0,17,5,6.9,69.17,Pending,Processing,2026-01-14,SPRING15,Debit Card,Same Day Delivery,2,Paid,Paid
100015,2026-01-08,Phone Order,719176,Charlotte,Jackson,charlotte.jackson@example-shop.com,11000000089,"1200 North Tigertail Road, Los Angeles, California 90049, United States",United States,USD,US-TX Dallas Warehouse,Helio Dining Table S1,Furniture,1174,5,5870.0,2,7,587.0,6346.6,Paid,Packed,2026-01-13,NONE,Bank Transfer,Standard Shipping,4,Cancelled,Cancelled
100016,2026-01-24,Marketplace,542417,Michael,Wilson,michael.wilson@example-shop.com,11000000604,"634 Hanley Avenue, Los Angeles, California 90049, United States",United States,USD,US-TX Dallas Warehouse,Basalt Recliner Max,Furniture,810,4,3240.0,18,11,324.0,2991.8,Pending,Packed,2026-02-03,WELCOME10,Bank Transfer,Same Day Delivery,4,Delivered,Delivered
100017,2026-02-25,Web Store,133326,David,Brown,david.brown@example-shop.com,11000000432,"344 South Barrington Avenue, Los Angeles, California 90049, United States",United States,USD,US-IL Joliet Fulfilment Center,Onyx Cabinet S1,Furniture,653,1,653.0,13,12,65.3,645.41,Refunded,Cancelled,2026-02-27,NEWSLETTER5,Cash on Delivery,In-Store Pickup,9,Pending Payment,Paid
100018,2026-03-01,Web Store,131244,David,Brown,david.brown@example-shop.com,11000000032,"148 South Carmelina Avenue, Los Angeles, California 90049, United States",United States,USD,US-IL Joliet Fulfilment Center,Aurora Graphics Tablet 100,Electronics,800,1,800.0,1,21,80.0,893.0,Pending,Cancelled,2026-03-11,SPRING15,Store Credit,Same Day Delivery,10,Pending Payment,Paid
100019,2026-05-10,Web Store,198246,John,Smith,john.smith@example-shop.com,11000000030,"3131 Mandeville Canyon Road, Los Angeles, California 90049, United States",United States,USD,US-NJ Newark Fulfilment Center,Rowan Keyboard Max,Electronics,74,1,74.0,0,24,7.4,105.4,Refunded,Processing,2026-05-15,CLEARANCE30,Credit Card,Freight Delivery,1,Paid,Paid
100020,2026-06-04,iOS App,329258,Sophia,Moore,sophia.moore@example-shop.com,11000000095,"153 South Bowling Green Way, Los Angeles, California 90049, United States",United States,USD,US-IL Joliet Fulfilment Center,Xenon Drawer Unit Pro,Furniture,339,2,678.0,2,5,67.8,737.24,Failed,Cancelled,2026-06-14,FREESHIP,Cash on Delivery,Economy Shipping,9,Packed,Packed
100021,2026-01-07,iOS App,343962,Olivia,Davis,olivia.davis@example-shop.com,11000000223,"16413 Sloan Drive, Los Angeles, California 90049, United States",United States,USD,US-TX Dallas Warehouse,Indigo Conference Chair X,Furniture,529,2,1058.0,6,22,105.8,1122.32,Paid,Packed,2026-01-15,NONE,Bank Transfer,Standard Shipping,4,Packed,Packed
100022,2026-05-24,Phone Order,629903,Daniel,Thomas,daniel.thomas@example-shop.com,11000000238,"12306 Gorham Avenue, Los Angeles, California 90049, United States",United States,USD,US-IL Joliet Fulfilment Center,Zephyr Label Printer Max,Electronics,374,5,1870.0,7,11,187.0,1937.1,Pending,Cancelled,2026-05-29,NONE,Cash on Delivery,Next Day Delivery,9,Delivered,Delivered
100023,2026-02-20,Phone Order,731262,Ava,Anderson,ava.anderson@example-shop.com,11000000517,"11941 Wilshire Boulevard, Los Angeles, California 90025, United States",United States,USD,US-GA Atlanta Returns Center,Larch Bench Lite,Furniture,199,5,995.0,16,25,99.5,960.3,Refunded,Delivered,2026-03-01,NEWSLETTER5,Klarna,In-Store Pickup,7,Cancelled,Delivered
100024,2026-06-16,Web Store,127824,James,Taylor,james.taylor@example-shop.com,11000000616,"1401 North Tigertail Road, Los Angeles, California 90049, United States",United States,USD,US-TX Dallas Warehouse,Yarrow Reception Desk 200,Furniture,1388,1,1388.0,19,22,138.8,1285.08,Failed,Packed,2026-06-22,BUNDLE5,Bank Transfer,Pickup Point,4,Pending Payment,Paid
100025,2026-06-29,Phone Order,688508,Ava,Anderson,ava.anderson@example-shop.com,11000000027,"1458 South Carmelina Avenue, Los Angeles, California 90025, United States",United States,USD,US-GA Atlanta Returns Center,Larch Label Printer 300,Electronics,103,5,515.0,0,18,51.5,584.5,Failed,Delivered,2026-07-01,FREESHIP,Gift Card,Economy Shipping,8,Delivered,Delivered
100026,2026-05-20,iOS App,308496,Michael,Wilson,michael.wilson@example-shop.com,11000000574,"236 North Tigertail Road, Los Angeles, California 90049, United States",United States,USD,US-IL Joliet Fulfilment Center,Onyx UPS Battery Plus,Electronics,121,2,242.0,17,12,24.200000000000003,237.06,Pending,Cancelled,2026-05-24,NONE,Store Credit,Next Day Delivery,10,Packed,Packed
100027,2026-04-18,Social Commerce,850800,Olivia,Davis,olivia.davis@example-shop.com,11000000203,"687 Firth Avenue, Los Angeles, California 90049, United States",United States,USD,US-CA Ontario Distribution Hub,Atlas Microphone Lite,Electronics,333,6,1998.0,6,19,199.8,2096.92,Pending,Shipped,2026-04-26,WELCOME10,Apple Pay,Same Day Delivery,5,Refunded,Refunded
100028,2026-02-26,Social Commerce,781453,Olivia,Davis,olivia.davis@example-shop.com,11000000733,"2556 Westridge Road, Los Angeles, California 90049, United States",United States,USD,US-NJ Newark Fulfilment Center,Summit Bar Stool X,Furniture,108,6,648.0,22,23,64.8,593.24,Failed,Processing,2026-03-05,BUNDLE5,Credit Card,Pickup Point,1,Returned,Returned
100029,2026-04-25,Social Commerce,835392,Sophia,Moore,sophia.moore@example-shop.com,11000000665,"1511 North Old Oak Road, Los Angeles, California 90049, United States",United States,USD,US-TX Dallas Warehouse,Granite Console Table 200,Furniture,604,6,3624.0,20,13,362.4,3274.6,Paid,Packed,2026-05-01,NONE,PayPal,Express Shipping,3,Refunded,Refunded
100030,2026-05-31,Phone Order,671412,Daniel,Thomas,daniel.thomas@example-shop.com,11000000718,"11759 Darlington Avenue, Los Angeles, California 90049, United States",United States,USD,US-GA Atlanta Returns Center,Zephyr Desk X,Furniture,572,5,2860.0,22,5,286.0,2521.8,Paid,Delivered,2026-06-04,NONE,Klarna,Express Shipping,7,Delivered,Cancelled
100031,2026-03-13,Marketplace,539898,Daniel,Thomas,daniel.thomas@example-shop.com,11000000558,"11744 1/2 Bellagio Road, Los Angeles, California 90049, United States",United States,USD,US-CA Ontario Distribution Hub,Maple Lounge Chair Max,Furniture,668,4,2672.0,17,10,267.2,2494.96,Refunded,Shipped,2026-03-18,LOYALTY10,Google Pay,In-Store Pickup,6,Delivered,Delivered
100032,2026-01-02,iOS App,331148,Charlotte,Jackson,charlotte.jackson@example-shop.com,11000000429,"600 North Bundy Drive, Los Angeles, California 90049, United States",United States,USD,US-CA Ontario Distribution Hub,Orion Lounge Chair S1,Furniture,1023,2,2046.0,13,18,204.6,2002.62,Paid,Shipped,2026-01-09,NONE,Apple Pay,Express Shipping,5,Packed,Packed
100033,2026-02-10,Marketplace,571029,Sophia,Moore,sophia.moore@example-shop.com,11000000225,"1639 Mandeville Canyon Road, Los Angeles, California 90049, United States",United States,USD,US-TX Dallas Warehouse,Onyx Drawer Unit S1,Furniture,178,4,712.0,7,15,71.2,748.36,Failed,Packed,2026-02-13,FLASH25,PayPal,Pickup Point,3,Delivered,Delivered
100034,2026-06-28,Phone Order,717889,Charlotte,Jackson,charlotte.jackson@example-shop.com,11000000459,"12540 Promontory Road, Los Angeles, California 90049, United States",United States,USD,US-TX Dallas Warehouse,Cedar Headphones Plus,Electronics,197,5,985.0,14,13,98.5,958.6,Failed,Packed,2026-07-01,FLASH25,Bank Transfer,Pickup Point,4,Cancelled,Delivered
100035,2026-04-19,Android App,391704,Olivia,Davis,olivia.davis@example-shop.com,11000000603,"964 Moraga Drive, Los Angeles, California 90049, United States",United States,USD,US-CA Ontario Distribution Hub,Ember Power Bank X,Electronics,97,3,291.0,18,9,29.1,276.72,Failed,Shipped,2026-04-27,FREESHIP,Google Pay,Economy Shipping,6,Shipped,Shipped
100036,2026-03-29,In-Store Kiosk,948749,Michael,Wilson,michael.wilson@example-shop.com,11000000284,"412 North Cliffwood Avenue, Los Angeles, California 90049, United States",United States,USD,US-NJ Newark Fulfilment Center,Aster Capture Card 200,Electronics,412,1,412.0,8,11,41.2,431.24,Paid,Processing,2026-04-01,NONE,Debit Card,Standard Shipping,2,On Hold,On Hold
100037,2026-03-13,In-Store Kiosk,106814,Daniel,Thomas,daniel.thomas@example-shop.com,11000000828,"135 North Anita Avenue, Los Angeles, California 90049, United States",United States,USD,US-NJ Newark Fulfilment Center,Harbor Scanner Max,Electronics,191,2,382.0,25,15,38.2,339.7,Refunded,Processing,2026-03-20,CLEARANCE30,Debit Card,Freight Delivery,2,Awaiting Pickup,Awaiting Pickup
100038,2026-02-09,Web Store,895667,John,Smith,john.smith@example-shop.com,11000000890,"285 Beloit Avenue, Los Angeles, California 90049, United States",United States,USD,US-GA Atlanta Returns Center,Beacon Bench Max,Furniture,354,6,2124.0,27,8,212.4,1770.92,Paid,Delivered,2026-02-16,NONE,Klarna,Express Shipping,7,Pending Payment,Paid
100039,2026-02-25,In-Store Kiosk,944962,James,Taylor,james.taylor@example-shop.com,11000000006,"196 North Canyon View Drive, Los Angeles, California 90049, United States",United States,USD,US-NJ Newark Fulfilment Center,Delta Graphics Tablet Lite,Electronics,881,4,3524.0,0,7,352.40000000000003,3883.4,Refunded,Processing,2026-03-03,LOYALTY10,Debit Card,In-Store Pickup,2,On Hold,On Hold
100040,2026-03-28,In-Store Kiosk,267414,Ava,Anderson,ava.anderson@example-shop.com,11000000777,"165 South Layton Drive, Los Angeles, California 90049, United States",United States,USD,US-CA Ontario Distribution Hub,Verdant Console Table Lite,Furniture,304,3,912.0,24,17,91.2,801.32,Paid,Shipped,2026-03-30,NONE,Google Pay,Express Shipping,6,On Hold,On Hold
100041,2026-01-27,iOS App,832052,Sophia,Moore,sophia.moore@example-shop.com,11000000825,"979 Casiano Road, Los Angeles, California 90049, United States",United States,USD,US-CA Ontario Distribution Hub,Cedar UPS Battery S1,Electronics,593,3,1779.0,25,8,177.9,1520.15,Failed,Shipped,2026-02-05,VIP20,Google Pay,Economy Shipping,6,Processing,Processing
100042,2026-01-24,Social Commerce,543143,Olivia,Davis,olivia.davis@example-shop.com,11000000163,"237 South Medio Drive, Los Angeles, California 90049, United States",United States,USD,US-IL Joliet Fulfilment Center,Zephyr UPS Battery Max,Electronics,237,2,474.0,5,16,47.400000000000006,513.7,Failed,Cancelled,2026-02-03,FLASH25,Store Credit,Pickup Point,10,Refunded,Refunded
100043,2026-04-08,Marketplace,456778,Michael,Wilson,michael.wilson@example-shop.com,11000000714,"11996 West Chalon Road, Los Angeles, California 90049, United States",United States,USD,US-CA Ontario Distribution Hub,Quartz Footrest X,Furniture,45,2,90.0,22,16,9.0,95.2,Pending,Shipped,2026-04-11,WELCOME10,Apple Pay,Same Day Delivery,5,Delivered,Delivered
100044,2026-01-25,Android App,391369,David,Brown,david.brown@example-shop.com,11000000432,"2195 Banyan Drive, Los Angeles, California 90049, United States",United States,USD,US-NJ Newark Fulfilment Center,Summit Printer Plus,Electronics,339,3,1017.0,13,24,101.7,1010.49,Paid,Processing,2026-02-02,NONE,Credit Card,Express Shipping,1,Out for Delivery,Out for Delivery
100045,2026-04-02,Android App,263032,Daniel,Thomas,daniel.thomas@example-shop.com,11000000348,"1335 South Carmelina Avenue, Los Angeles, California 90025, United States",United States,USD,US-GA Atlanta Returns Center,Aurora Docking Station Plus,Electronics,80,1,80.0,10,13,8.0,93.0,Paid,Delivered,2026-04-05,NONE,Gift Card,Standard Shipping,8,Shipped,Shipped
100046,2026-03-30,iOS App,325772,Michael,Wilson,michael.wilson@example-shop.com,11000000284,"11931 Currituck Drive, Los Angeles, California 90049, United States",United States,USD,US-IL Joliet Fulfilment Center,Nova External HDD S1,Electronics,305,1,305.0,8,6,30.5,317.1,Pending,Cancelled,2026-04-09,SPRING15,Cash on Delivery,Same Day Delivery,9,Processing,Packed
100047,2026-06-04,iOS App,900581,Charlotte,Jackson,charlotte.jackson@example-shop.com,11000000159,"6 Oakmont Drive, Los Angeles, California 90049, United States",United States,USD,US-NJ Newark Fulfilment Center,Vertex Laptop Lite,Electronics,1509,4,6036.0,4,19,603.6,6417.160000000001,Failed,Processing,2026-06-10,VIP20,Debit Card,Economy Shipping,2,Packed,Packed
100048,2026-03-09,In-Store Kiosk,452944,John,Smith,john.smith@example-shop.com,11000000220,"136 Bronwood Avenue, Los Angeles, California 90049, United States",United States,USD,US-GA Atlanta Returns Center,Atlas Monitor Max,Electronics,311,1,311.0,6,22,31.1,345.44,Paid,Delivered,2026-03-16,NONE,Klarna,Express Shipping,7,On Hold,On Hold
100049,2026-01-12,Android App,207175,John,Smith,john.smith@example-shop.com,11000000980,"122 North Anita Avenue, Los Angeles, California 90049, United States",United States,USD,US-NJ Newark Fulfilment Center,Verdant Side Table X,Furniture,197,3,591.0,30,8,59.1,480.8,Pending,Processing,2026-01-17,SPRING15,Debit Card,Same Day Delivery,2,Out for Delivery,Out for Delivery
100050,2026-04-28,Web Store,197251,Emma,Johnson,emma.johnson@example-shop.com,11000000781,"879 Wellesley Avenue, Los Angeles, California 90049, United States",United States,USD,US-IL Joliet Fulfilment Center,Meridian Bar Stool Plus,Furniture,277,3,831.0,24,17,83.10000000000001,731.66,Paid,Cancelled,2026-05-01,NONE,Cash on Delivery,Express Shipping,9,Paid,Paid
100051,2026-05-18,Web Store,498382,Michael,Wilson,michael.wilson@example-shop.com,11000000344,"2819 North Sepulveda Boulevard, Los Angeles, California 90049, United States",United States,USD,US-CA Ontario Distribution Hub,Harbor Bookshelf Pro,Furniture,427,5,2135.0,10,7,213.5,2142.0,Refunded,Shipped,2026-05-20,LOYALTY10,Apple Pay,In-Store Pickup,5,Paid,Paid
100052,2026-02-01,Marketplace,201414,Michael,Wilson,michael.wilson@example-shop.com,11000000104,"257 Beloit Avenue, Los Angeles, California 90049, United States",United States,USD,US-IL Joliet Fulfilment Center,Xenon Sofa S1,Furniture,1007,3,3021.0,3,22,302.1,3254.47,Failed,Cancelled,2026-02-06,FREESHIP,Store Credit,Economy Shipping,10,Delivered,Delivered
100053,2026-04-07,Web Store,476417,Michael,Wilson,michael.wilson@example-shop.com,11000000094,"300 North Bowling Green Way, Los Angeles, California 90049, United States",United States,USD,US-CA Ontario Distribution Hub,Willow Headphones S1,Electronics,133,1,133.0,2,14,13.3,157.64,Refunded,Shipped,2026-04-13,CLEARANCE30,Google Pay,Freight Delivery,6,Paid,Paid
100054,2026-01-21,Android App,988662,Charlotte,Jackson,charlotte.jackson@example-shop.com,11000000389,"2322 Canyonback Road, Los Angeles, California 90049, United States",United States,USD,US-IL Joliet Fulfilment Center,Rowan Desk X,Furniture,483,6,2898.0,12,25,289.8,2865.04,Failed,Cancelled,2026-01-24,FLASH25,Store Credit,Pickup Point,10,Out for Delivery,Out for Delivery
100055,2026-05-22,In-Store Kiosk,460663,Charlotte,Jackson,charlotte.jackson@example-shop.com,11000000099,"254 South Canyon View Drive, Los Angeles, California 90049, United States",United States,USD,US-TX Dallas Warehouse,Delta Dining Table Pro,Furniture,492,4,1968.0,3,24,196.8,2129.76,Pending,Packed,2026-05-27,NONE,Bank Transfer,Next Day Delivery,4,Awaiting Pickup,Awaiting Pickup
100056,2026-03-17,Android App,733052,Ava,Anderson,ava.anderson@example-shop.com,11000000367,"13435 Bayliss Road, Los Angeles, California 90049, United States",United States,USD,US-NJ Newark Fulfilment Center,Basalt Tablet S2,Electronics,792,5,3960.0,11,16,396.0,3936.4,Failed,Processing,2026-03-20,FLASH25,Debit Card,Pickup Point,2,Out for Delivery,Shipped
100057,2026-06-10,Phone Order,377370,Ava,Anderson,ava.anderson@example-shop.com,11000000867,"811 Hanley Avenue, Los Angeles, California 90049, United States",United States,USD,US-NJ Newark Fulfilment Center,Tundra UPS Battery Lite,Electronics,247,1,247.0,27,23,24.700000000000003,228.01,Failed,Processing,2026-06-18,FLASH25,Credit Card,Pickup Point,1,Cancelled,Delivered
100058,2026-06-08,Android App,946335,David,Brown,david.brown@example-shop.com,11000000352,"11747 Wetherby Lane, Los Angeles, California 90077, United States",United States,USD,US-TX Dallas Warehouse,Indigo Monitor Pro,Electronics,834,4,3336.0,11,11,333.6,3313.64,Pending,Packed,2026-06-14,WELCOME10,Bank Transfer,Same Day Delivery,4,Shipped,Shipped
100059,2026-04-03,In-Store Kiosk,145561,Daniel,Thomas,daniel.thomas@example-shop.com,11000000618,"12443 West Sunset Boulevard, Los Angeles, California 90049, United States",United States,USD,US-CA Ontario Distribution Hub,Nimbus Monitor Stand 300,Furniture,43,1,43.0,19,7,4.3,46.13,Failed,Shipped,2026-04-12,FREESHIP,Apple Pay,Economy Shipping,5,On Hold,On Hold
100060,2026-05-28,Web Store,865179,John,Smith,john.smith@example-shop.com,11000000270,"585 Hanley Avenue, Los Angeles, California 90049, United States",United States,USD,US-NJ Newark Fulfilment Center,Maple Webcam Lite,Electronics,162,5,810.0,8,6,81.0,832.2,Paid,Processing,2026-06-04,NONE,Debit Card,Express Shipping,2,Pending Payment,Pending Payment
100061,2026-02-19,Social Commerce,581741,James,Taylor,james.taylor@example-shop.com,11000000826,"465 Homewood Road, Los Angeles, California 90049, United States",United States,USD,US-TX Dallas Warehouse,Kestrel Footrest 200,Furniture,188,3,564.0,25,12,56.400000000000006,491.4,Pending,Packed,2026-02-23,NONE,Bank Transfer,Next Day Delivery,4,Refunded,Returned
100062,2026-06-30,Marketplace,662275,Michael,Wilson,michael.wilson@example-shop.com,11000000044,"11374 Homedale Street, Los Angeles, California 90049, United States",United States,USD,US-NJ Newark Fulfilment Center,Atlas Whiteboard X,Furniture,115,6,690.0,1,14,69.0,766.1,Pending,Processing,2026-07-07,SPRING15,Debit Card,Same Day Delivery,2,Delivered,Delivered
100063,2026-01-18,Phone Order,230889,Ava,Anderson,ava.anderson@example-shop.com,11000000747,"570 North Bundy Drive, Los Angeles, California 90049, United States",United States,USD,US-GA Atlanta Returns Center,Lumen Capture Card S1,Electronics,117,5,585.0,23,7,58.5,515.95,Pending,Delivered,2026-01-25,NONE,Klarna,Next Day Delivery,7,Delivered,Delivered
100064,2026-01-12,Web Store,496922,John,Smith,john.smith@example-shop.com,11000000470,"1550 South Carmelina Avenue, Los Angeles, California 90025, United States",United States,USD,US-CA Ontario Distribution Hub,Vertex Microphone S2,Electronics,367,3,1101.0,14,12,110.1,1068.96,Refunded,Shipped,2026-01-17,CLEARANCE30,Apple Pay,Freight Delivery,5,Paid,Paid
100065,2026-06-19,Marketplace,182627,Charlotte,Jackson,charlotte.jackson@example-shop.com,11000000549,"11625 Bellagio Road, Los Angeles, California 90049, United States",United States,USD,US-GA Atlanta Returns Center,Fjord Chair S1,Furniture,429,5,2145.0,17,8,214.5,2002.85,Refunded,Delivered,2026-06-25,LOYALTY10,Gift Card,In-Store Pickup,8,Delivered,Delivered
100066,2026-02-28,Web Store,678856,Ava,Anderson,ava.anderson@example-shop.com,11000000127,"13124 Boca De Canon Lane, Los Angeles, California 90049, United States",United States,USD,US-CA Ontario Distribution Hub,Verdant Console Table 300,Furniture,359,2,718.0,3,17,71.8,785.26,Failed,Shipped,2026-03-03,FREESHIP,Google Pay,Economy Shipping,6,Paid,Paid
100067,2026-03-16,Phone Order,407419,James,Taylor,james.taylor@example-shop.com,11000000996,"793 Linda Flora Drive, Los Angeles, California 90049, United States",United States,USD,US-TX Dallas Warehouse,Onyx Conference Chair S1,Furniture,485,6,2910.0,29,13,291.0,2370.1,Pending,Packed,2026-03-20,SPRING15,PayPal,Same Day Delivery,3,Delivered,Cancelled
100068,2026-01-21,Android App,969693,Michael,Wilson,michael.wilson@example-shop.com,11000000944,"11726 Bellagio Road, Los Angeles, California 90049, United States",United States,USD,US-CA Ontario Distribution Hub,Tundra Smartwatch Plus,Electronics,108,1,108.0,12,19,10.8,124.84,Failed,Shipped,2026-01-31,BUNDLE5,Google Pay,Pickup Point,6,Shipped,Shipped
100069,2026-03-01,In-Store Kiosk,759176,Ava,Anderson,ava.anderson@example-shop.com,11000000387,"2125 Ridge Drive, Los Angeles, California 90049, United States",United States,USD,US-CA Ontario Distribution Hub,Basalt Sofa X,Furniture,1367,1,1367.0,2,25,136.70000000000002,1501.36,Paid,Shipped,2026-03-06,NONE,Google Pay,Standard Shipping,6,Awaiting Pickup,On Hold
100070,2026-01-26,Social Commerce,748564,John,Smith,john.smith@example-shop.com,11000000080,"11985 Brentridge Lane, Los Angeles, California 90049, United States",United States,USD,US-TX Dallas Warehouse,Cedar Barcode Scanner X,Electronics,225,6,1350.0,17,16,135.0,1271.5,Pending,Packed,2026-01-30,SPRING15,Bank Transfer,Same Day Delivery,4,Returned,Returned
100071,2026-04-08,Phone Order,479201,Sophia,Moore,sophia.moore@example-shop.com,11000000565,"314 South Anita Avenue, Los Angeles, California 90049, United States",United States,USD,US-CA Ontario Distribution Hub,Aster Scanner 100,Electronics,88,2,176.0,9,10,17.6,187.76,Paid,Shipped,2026-04-17,NONE,Apple Pay,Standard Shipping,5,Cancelled,Delivered
100072,2026-03-13,In-Store Kiosk,705397,John,Smith,john.smith@example-shop.com,11000000300,"12306 6Th Helena Drive, Los Angeles, California 90049, United States",United States,USD,US-NJ Newark Fulfilment Center,Willow Keyboard S2,Electronics,141,3,423.0,26,16,42.3,371.32,Failed,Processing,2026-03-21,BUNDLE5,Debit Card,Pickup Point,2,Awaiting Pickup,Awaiting Pickup
100073,2026-04-27,Android App,301629,Charlotte,Jackson,charlotte.jackson@example-shop.com,11000000849,"940 Oakmont Drive, Los Angeles, California 90049, United States",United States,USD,US-IL Joliet Fulfilment Center,Umber Meeting Table Plus,Furniture,1092,1,1092.0,20,16,109.2,998.8,Refunded,Cancelled,2026-05-03,LOYALTY10,Store Credit,In-Store Pickup,10,Out for Delivery,Shipped
100074,2026-06-12,Phone Order,838797,Olivia,Davis,olivia.davis@example-shop.com,11000000643,"11943 Foxboro Drive, Los Angeles, California 90049, United States",United States,USD,US-TX Dallas Warehouse,Delta Printer 100,Electronics,259,2,518.0,19,11,51.8,482.38,Failed,Packed,2026-06-22,FREESHIP,PayPal,Economy Shipping,3,Cancelled,Delivered
100075,2026-04-04,iOS App,172933,Olivia,Davis,olivia.davis@example-shop.com,11000000633,"1549 North Bundy Drive, Los Angeles, California 90049, United States",United States,USD,US-IL Joliet Fulfilment Center,Tundra Bar Stool 100,Furniture,60,1,60.0,28,13,6.0,62.2,Paid,Cancelled,2026-04-09,NONE,Cash on Delivery,Express Shipping,9,Packed,Packed
100076,2026-02-11,Social Commerce,148050,James,Taylor,james.taylor@example-shop.com,11000000906,"2104 Mandeville Canyon Road, Los Angeles, California 90049, United States",United States,USD,US-TX Dallas Warehouse,Meridian Printer Pro,Electronics,446,4,1784.0,27,25,178.4,1505.72,Pending,Packed,2026-02-18,WELCOME10,Bank Transfer,Same Day Delivery,4,Refunded,Refunded
100077,2026-04-05,Web Store,793384,David,Brown,david.brown@example-shop.com,11000000882,"12428 Texas Avenue, Los Angeles, California 90025, United States",United States,USD,US-TX Dallas Warehouse,Lumen Graphics Card Lite,Electronics,732,3,2196.0,11,7,219.6,2181.04,Failed,Packed,2026-04-07,BUNDLE5,PayPal,Pickup Point,3,Paid,Paid
100078,2026-04-01,Web Store,338968,John,Smith,john.smith@example-shop.com,11000000370,"11344 Joffre Street, Los Angeles, California 90049, United States",United States,USD,US-GA Atlanta Returns Center,Umber Bar Stool S1,Furniture,256,4,1024.0,18,24,102.4,966.08,Pending,Delivered,2026-04-06,WELCOME10,Gift Card,Same Day Delivery,8,Pending Payment,Paid
100079,2026-02-23,Social Commerce,910620,Emma,Johnson,emma.johnson@example-shop.com,11000000591,"874 North Norman Place, Los Angeles, California 90049, United States",United States,USD,US-GA Atlanta Returns Center,Vertex Dresser X,Furniture,730,6,4380.0,6,25,438.0,4580.2,Refunded,Delivered,2026-02-25,BLACKWEEK40,Klarna,Freight Delivery,7,Returned,Refunded
100080,2026-06-21,iOS App,403445,James,Taylor,james.taylor@example-shop.com,11000000196,"12219 San Vicente Boulevard, Los Angeles, California 90049, United States",United States,USD,US-CA Ontario Distribution Hub,Helio Meeting Table Max,Furniture,1298,3,3894.0,22,10,389.4,3436.7200000000003,Refunded,Shipped,2026-06-28,LOYALTY10,Apple Pay,In-Store Pickup,5,Packed,Packed
100081,2026-03-10,In-Store Kiosk,183667,Emma,Johnson,emma.johnson@example-shop.com,11000000721,"1233 North Tigertail Road, Los Angeles, California 90049, United States",United States,USD,US-IL Joliet Fulfilment Center,Willow Capture Card 200,Electronics,128,2,256.0,2,22,25.6,298.48,Refunded,Cancelled,2026-03-18,CLEARANCE30,Cash on Delivery,Freight Delivery,9,On Hold,On Hold
100082,2026-06-29,Android App,996865,Emma,Johnson,emma.johnson@example-shop.com,11000000071,"2225 Roscomare Road, Los Angeles, California 90077, United States",United States,USD,US-TX Dallas Warehouse,Nimbus Conference Camera 300,Electronics,234,3,702.0,1,12,70.2,777.1800000000001,Pending,Packed,2026-07-05,NONE,Bank Transfer,Next Day Delivery,4,Shipped,Shipped
100083,2026-06-24,Web Store,344098,James,Taylor,james.taylor@example-shop.com,11000000046,"2024 Westridge Road, Los Angeles, California 90049, United States",United States,USD,US-CA Ontario Distribution Hub,Yarrow Printer 300,Electronics,443,3,1329.0,21,10,132.9,1192.8100000000002,Failed,Shipped,2026-06-27,FREESHIP,Google Pay,Economy Shipping,6,Paid,Paid
100084,2026-06-15,In-Store Kiosk,205907,Ava,Anderson,ava.anderson@example-shop.com,11000000677,"884 Leonard Road, Los Angeles, California 90049, United States",United States,USD,US-NJ Newark Fulfilment Center,Tundra Mouse Plus,Electronics,39,2,78.0,7,19,7.800000000000001,99.34,Pending,Processing,2026-06-20,NONE,Credit Card,Next Day Delivery,1,Awaiting Pickup,Awaiting Pickup
100085,2026-01-19,iOS App,498591,Olivia,Davis,olivia.davis@example-shop.com,11000000233,"2642 Cordelia Road, Los Angeles, California 90049, United States",United States,USD,US-TX Dallas Warehouse,Willow Barcode Scanner S2,Electronics,123,6,738.0,24,17,73.8,651.68,Pending,Packed,2026-01-26,SPRING15,Bank Transfer,Same Day Delivery,4,Packed,Packed
100086,2026-06-05,In-Store Kiosk,391476,Emma,Johnson,emma.johnson@example-shop.com,11000000791,"2821 Roscomare Road, Los Angeles, California 90077, United States",United States,USD,US-NJ Newark Fulfilment Center,Lumen Bar Stool Max,Furniture,263,3,789.0,9,13,78.9,809.89,Failed,Processing,2026-06-10,FREESHIP,Credit Card,Economy Shipping,1,Awaiting Pickup,Awaiting Pickup
100087,2026-06-12,Web Store,575435,James,Taylor,james.taylor@example-shop.com,11000000296,"818 Barrington Avenue, Los Angeles, California 90049, United States",United States,USD,US-CA Ontario Distribution Hub,Juniper Power Bank 100,Electronics,99,6,594.0,2,25,59.400000000000006,666.52,Refunded,Shipped,2026-06-21,NEWSLETTER5,Google Pay,In-Store Pickup,6,Paid,Paid
100088,2026-02-13,Marketplace,766563,Emma,Johnson,emma.johnson@example-shop.com,11000000081,"1240 North Norman Place, Los Angeles, California 90049, United States",United States,USD,US-GA Atlanta Returns Center,Orion Desk S2,Furniture,822,6,4932.0,27,22,493.2000000000001,4115.56,Refunded,Delivered,2026-02-21,LOYALTY10,Klarna,In-Store Pickup,7,Delivered,Delivered
100089,2026-05-17,Android App,974628,Sophia,Moore,sophia.moore@example-shop.com,11000000875,"12720 Hanover Street, Los Angeles, California 90049, United States",United States,USD,US-CA Ontario Distribution Hub,Umber Meeting Table 300,Furniture,1595,6,9570.0,7,12,957.0,9869.1,Failed,Shipped,2026-05-26,FLASH25,Apple Pay,Pickup Point,5,Shipped,Shipped
100090,2026-03-04,Marketplace,482554,Daniel,Thomas,daniel.thomas@example-shop.com,11000000238,"2149 Ridge Drive, Los Angeles, California 90049, United States",United States,USD,US-NJ Newark Fulfilment Center,Beacon Coffee Table 300,Furniture,132,1,132.0,27,15,13.2,124.56,Pending,Processing,2026-03-08,SPRING15,Debit Card,Same Day Delivery,2,Delivered,Delivered
100091,2026-02-11,Social Commerce,270555,Ava,Anderson,ava.anderson@example-shop.com,11000000887,"166 South Saltair Avenue, Los Angeles, California 90049, United States",United States,USD,US-TX Dallas Warehouse,Orion Monitor 300,Electronics,521,5,2605.0,3,6,260.5,2793.35,Pending,Packed,2026-02-17,NONE,Bank Transfer,Next Day Delivery,4,Returned,Returned
100092,2026-04-29,In-Store Kiosk,488162,Olivia,Davis,olivia.davis@example-shop.com,11000000103,"2841 Roscomare Road, Los Angeles, California 90077, United States",United States,USD,US-IL Joliet Fulfilment Center,Beacon Standing Desk 200,Furniture,492,6,2952.0,12,12,295.2,2904.96,Refunded,Cancelled,2026-05-03,BLACKWEEK40,Store Credit,Freight Delivery,10,Awaiting Pickup,Awaiting Pickup
100093,2026-04-08,Android App,472528,Charlotte,Jackson,charlotte.jackson@example-shop.com,11000000389,"2176 Ridge Circle, Los Angeles, California 90049, United States",United States,USD,US-CA Ontario Distribution Hub,Xenon Laptop 300,Electronics,933,2,1866.0,8,6,186.6,1909.32,Paid,Shipped,2026-04-13,NONE,Google Pay,Express Shipping,6,Out for Delivery,Out for Delivery
100094,2026-03-11,iOS App,319684,Michael,Wilson,michael.wilson@example-shop.com,11000000284,"11946 3/4 Gorham Avenue, Los Angeles, California 90049, United States",United States,USD,US-TX Dallas Warehouse,Rowan Headphones 200,Electronics,368,5,1840.0,14,15,184.0,1781.4,Paid,Packed,2026-03-21,NONE,Bank Transfer,Standard Shipping,4,Processing,Packed
100095,2026-06-13,Android App,802729,Michael,Wilson,michael.wilson@example-shop.com,11000000464,"11664 Montana Avenue, Los Angeles, California 90049, United States",United States,USD,US-GA Atlanta Returns Center,Quartz Keyboard Max,Electronics,203,6,1218.0,20,17,121.8,1113.2,Paid,Delivered,2026-06-23,NONE,Gift Card,Express Shipping,8,Out for Delivery,Shipped
100096,2026-06-26,Android App,379946,John,Smith,john.smith@example-shop.com,11000000650,"1350 South Carmelina Avenue, Los Angeles, California 90025, United States",United States,USD,US-GA Atlanta Returns Center,Beacon Smartwatch Lite,Electronics,683,2,1366.0,26,13,136.6,1160.4399999999998,Pending,Delivered,2026-07-02,NONE,Klarna,Next Day Delivery,7,Out for Delivery,Out for Delivery
100097,2026-05-23,iOS App,835911,Michael,Wilson,michael.wilson@example-shop.com,11000000854,"210 Burlingame Avenue, Los Angeles, California 90049, United States",United States,USD,US-GA Atlanta Returns Center,Rowan Docking Station Max,Electronics,130,2,260.0,11,7,26.0,264.4,Pending,Delivered,2026-05-31,NONE,Gift Card,Next Day Delivery,8,Packed,Packed
100098,2026-02-26,Social Commerce,816751,Olivia,Davis,olivia.davis@example-shop.com,11000000373,"1262 North Norman Place, Los Angeles, California 90049, United States",United States,USD,US-TX Dallas Warehouse,Granite Laptop Plus,Electronics,1688,4,6752.0,5,11,675.2,7100.599999999999,Refunded,Packed,2026-03-06,NEWSLETTER5,PayPal,In-Store Pickup,3,Returned,Returned
100099,2026-06-25,Android App,779514,James,Taylor,james.taylor@example-shop.com,11000000166,"222 Avondale Avenue, Los Angeles, California 90049, United States",United States,USD,US-CA Ontario Distribution Hub,Maple Mouse 200,Electronics,74,4,296.0,11,23,29.6,316.04,Paid,Shipped,2026-07-02,NONE,Apple Pay,Express Shipping,5,Shipped,Shipped
100100,2026-03-25,Social Commerce,174870,Charlotte,Jackson,charlotte.jackson@example-shop.com,11000000379,"1191 North Bundy Drive, Los Angeles, California 90049, United States",United States,USD,US-TX Dallas Warehouse,Basalt External HDD 300,Electronics,69,3,207.0,11,15,20.700000000000003,219.93,Refunded,Packed,2026-03-30,LOYALTY10,PayPal,In-Store Pickup,3,Refunded,Refunded
100101,2026-01-15,Social Commerce,738720,Olivia,Davis,olivia.davis@example-shop.com,11000000363,"132 South Bowling Green Way, Los Angeles, California 90049, United States",United States,USD,US-TX Dallas Warehouse,Harbor UPS Battery 200,Electronics,701,6,4206.0,6,11,420.6,4385.24,Refunded,Packed,2026-01-19,LOYALTY10,Bank Transfer,In-Store Pickup,4,Returned,Returned
100102,2026-02-28,Social Commerce,765822,Michael,Wilson,michael.wilson@example-shop.com,11000000214,"844 South Gretna Green Way, Los Angeles, California 90049, United States",United States,USD,US-IL Joliet Fulfilment Center,Verdant Reception Desk 100,Furniture,1194,6,7164.0,21,25,716.4000000000001,6400.959999999999,Refunded,Cancelled,2026-03-10,CLEARANCE30,Cash on Delivery,Freight Delivery,9,Returned,Refunded
100103,2026-01-09,Web Store,279451,James,Taylor,james.taylor@example-shop.com,11000000686,"12117 La Casa Lane, Los Angeles, California 90049, United States",United States,USD,US-IL Joliet Fulfilment Center,Yarrow Storage Cube 200,Furniture,143,5,715.0,8,20,71.5,749.3,Failed,Cancelled,2026-01-18,FREESHIP,Cash on Delivery,Economy Shipping,9,Paid,Paid
100104,2026-03-22,Phone Order,660086,Olivia,Davis,olivia.davis@example-shop.com,11000000273,"119 South Kenter Avenue, Los Angeles, California 90049, United States",United States,USD,US-CA Ontario Distribution Hub,Meridian Office Lamp 200,Furniture,47,2,94.0,22,17,9.4,99.72,Paid,Shipped,2026-03-25,NONE,Apple Pay,Standard Shipping,5,Cancelled,Cancelled
100105,2026-04-13,Social Commerce,864544,Daniel,Thomas,daniel.thomas@example-shop.com,11000000718,"11748 Mayfield Avenue, Los Angeles, California 90049, United States",United States,USD,US-IL Joliet Fulfilment Center,Zephyr Scanner 100,Electronics,493,6,2958.0,29,25,295.8,2420.98,Paid,Cancelled,2026-04-15,NONE,Store Credit,Express Shipping,10,Returned,Refunded
100106,2026-03-10,iOS App,356702,Charlotte,Jackson,charlotte.jackson@example-shop.com,11000000959,"201 North Bowling Green Way, Los Angeles, California 90049, United States",United States,USD,US-GA Atlanta Returns Center,Indigo Standing Desk 300,Furniture,512,3,1536.0,21,19,153.60000000000002,1386.04,Failed,Delivered,2026-03-13,FREESHIP,Klarna,Economy Shipping,7,Processing,Processing
100107,2026-01-17,Phone Order,271339,Charlotte,Jackson,charlotte.jackson@example-shop.com,11000000699,"11759 Dorothy Street, Los Angeles, California 90049, United States",United States,USD,US-IL Joliet Fulfilment Center,Willow TV Stand Plus,Furniture,488,1,488.0,20,9,48.8,448.2,Failed,Cancelled,2026-01-21,BUNDLE5,Store Credit,Pickup Point,10,Delivered,Delivered
100108,2026-02-24,Social Commerce,584714,Olivia,Davis,olivia.davis@example-shop.com,11000000663,"267 Beloit Avenue, Los Angeles, California 90049, United States",United States,USD,US-GA Atlanta Returns Center,Meridian Lounge Chair S1,Furniture,798,2,1596.0,2,13,159.60000000000002,1736.6799999999998,Paid,Delivered,2026-02-28,NONE,Klarna,Express Shipping,7,Refunded,Refunded
100109,2026-05-26,iOS App,497887,Olivia,Davis,olivia.davis@example-shop.com,11000000073,"1429 North Tigertail Road, Los Angeles, California 90049, United States",United States,USD,US-CA Ontario Distribution Hub,Ridge Dining Table X,Furniture,1169,1,1169.0,19,9,116.9,1072.79,Failed,Shipped,2026-06-03,VIP20,Google Pay,Economy Shipping,6,Packed,Packed
100110,2026-03-22,iOS App,383060,Olivia,Davis,olivia.davis@example-shop.com,11000000623,"336 Bentel Avenue, Los Angeles, California 90049, United States",United States,USD,US-TX Dallas Warehouse,Umber Standing Desk S1,Furniture,704,3,2112.0,20,12,211.2,1912.8,Refunded,Packed,2026-03-25,NEWSLETTER5,Bank Transfer,In-Store Pickup,4,Processing,Packed
100111,2026-02-24,Marketplace,771088,John,Smith,john.smith@example-shop.com,11000000650,"171 Barrington Place, Los Angeles, California 90049, United States",United States,USD,US-TX Dallas Warehouse,Indigo Laptop S2,Electronics,2386,4,9544.0,5,22,954.4,10043.2,Pending,Packed,2026-03-04,NONE,PayPal,Next Day Delivery,3,Delivered,Delivered
100112,2026-06-17,Marketplace,821590,Sophia,Moore,sophia.moore@example-shop.com,11000000175,"851 Westgate Avenue, Los Angeles, California 90049, United States",United States,USD,US-IL Joliet Fulfilment Center,Orion Dining Table 300,Furniture,725,3,2175.0,17,22,217.5,2044.75,Refunded,Cancelled,2026-06-25,CLEARANCE30,Cash on Delivery,Freight Delivery,9,Delivered,Delivered
100113,2026-05-08,Android App,684004,James,Taylor,james.taylor@example-shop.com,11000000546,"461 Tuallitan Road, Los Angeles, California 90049, United States",United States,USD,US-GA Atlanta Returns Center,Nimbus Barcode Scanner S2,Electronics,83,1,83.0,23,13,8.3,85.21,Paid,Delivered,2026-05-17,NONE,Gift Card,Standard Shipping,8,Shipped,Shipped
100114,2026-04-12,Social Commerce,330283,James,Taylor,james.taylor@example-shop.com,11000000746,"2061 Westridge Road, Los Angeles, California 90049, United States",United States,USD,US-NJ Newark Fulfilment Center,Vertex Sofa S1,Furniture,645,2,1290.0,7,23,129.0,1351.7,Failed,Processing,2026-04-22,FREESHIP,Debit Card,Economy Shipping,2,Returned,Returned
100115,2026-06-14,Social Commerce,817870,John,Smith,john.smith@example-shop.com,11000000250,"536 Moreno Avenue, Los Angeles, California 90049, United States",United States,USD,US-NJ Newark Fulfilment Center,Quartz Bench 300,Furniture,124,5,620.0,5,18,62.0,669.0,Pending,Processing,2026-06-20,NONE,Credit Card,Next Day Delivery,1,Refunded,Returned
100116,2026-04-28,Phone Order,440035,Ava,Anderson,ava.anderson@example-shop.com,11000000167,"1358 Brinkley Avenue, Los Angeles, California 90049, United States",United States,USD,US-NJ Newark Fulfilment Center,Slate Power Bank Lite,Electronics,73,6,438.0,14,23,43.8,443.48,Paid,Processing,2026-05-08,NONE,Debit Card,Express Shipping,2,Delivered,Delivered
100117,2026-02-06,iOS App,983794,Olivia,Davis,olivia.davis@example-shop.com,11000000473,"13201 Old Oak Lane, Los Angeles, California 90049, United States",United States,USD,US-TX Dallas Warehouse,Indigo Monitor 100,Electronics,899,3,2697.0,12,17,269.7,2660.06,Failed,Packed,2026-02-08,VIP20,PayPal,Economy Shipping,3,Packed,Packed
100118,2026-03-09,Social Commerce,905635,Daniel,Thomas,daniel.thomas@example-shop.com,11000000388,"11901 Kiowa Avenue, Los Angeles, California 90049, United States",United States,USD,US-TX Dallas Warehouse,Tundra Capture Card Pro,Electronics,397,2,794.0,8,16,79.4,825.88,Pending,Packed,2026-03-12,WELCOME10,PayPal,Same Day Delivery,3,Returned,Refunded
100119,2026-02-05,Android App,913694,James,Taylor,james.taylor@example-shop.com,11000000276,"12319 18Th Helena Drive, Los Angeles, California 90049, United States",United States,USD,US-GA Atlanta Returns Center,Fjord Storage Cube 300,Furniture,118,6,708.0,29,12,70.8,585.48,Pending,Delivered,2026-02-15,NONE,Klarna,Next Day Delivery,7,Out for Delivery,Shipped
100120,2026-03-05,In-Store Kiosk,158655,Ava,Anderson,ava.anderson@example-shop.com,11000000947,"712 Moreno Avenue, Los Angeles, California 90049, United States",United States,USD,US-IL Joliet Fulfilment Center,Orion Conference Chair Plus,Furniture,189,4,756.0,20,9,75.60000000000001,689.4,Failed,Cancelled,2026-03-11,FLASH25,Store Credit,Pickup Point,10,Awaiting Pickup,Awaiting Pickup
100121,2026-05-24,In-Store Kiosk,340174,Sophia,Moore,sophia.moore@example-shop.com,11000000655,"249 South Church Lane, Los Angeles, California 90049, United States",United States,USD,US-NJ Newark Fulfilment Center,Helio Lounge Chair X,Furniture,214,4,856.0,22,21,85.60000000000001,774.2800000000001,Pending,Processing,2026-05-31,NONE,Debit Card,Next Day Delivery,2,On Hold,On Hold
100122,2026-05-18,In-Store Kiosk,961722,Michael,Wilson,michael.wilson@example-shop.com,11000000704,"11356 Homedale Street, Los Angeles, California 90049, United States",United States,USD,US-GA Atlanta Returns Center,Granite Footrest X,Furniture,149,6,894.0,17,20,89.4,851.42,Paid,Delivered,2026-05-21,NONE,Klarna,Standard Shipping,7,On Hold,On Hold
100123,2026-03-09,Web Store,133659,John,Smith,john.smith@example-shop.com,11000000570,"140 South Carmelina Avenue, Los Angeles, California 90049, United States",United States,USD,US-GA Atlanta Returns Center,Zenith Label Printer S2,Electronics,204,4,816.0,7,7,81.60000000000001,847.48,Failed,Delivered,2026-03-15,BUNDLE5,Klarna,Pickup Point,7,Pending Payment,Pending Payment
100124,2026-05-30,iOS App,944151,Michael,Wilson,michael.wilson@example-shop.com,11000000224,"12243 Darlington Avenue, Los Angeles, California 90049, United States",United States,USD,US-IL Joliet Fulfilment Center,Atlas Standing Desk 200,Furniture,1285,2,2570.0,21,6,257.0,2293.3,Refunded,Cancelled,2026-06-07,BLACKWEEK40,Store Credit,Freight Delivery,10,Packed,Packed
100125,2026-04-20,In-Store Kiosk,430776,Emma,Johnson,emma.johnson@example-shop.com,11000000701,"11940 Chaparal Street, Los Angeles, California 90049, United States",United States,USD,US-GA Atlanta Returns Center,Tundra Shoe Rack X,Furniture,126,3,378.0,10,8,37.8,386.0,Paid,Delivered,2026-04-24,NONE,Gift Card,Standard Shipping,8,Awaiting Pickup,On Hold
100126,2026-05-30,Web Store,520651,David,Brown,david.brown@example-shop.com,11000000332,"800 North Tigertail Road, Los Angeles, California 90049, United States",United States,USD,US-IL Joliet Fulfilment Center,Pioneer Office Lamp Plus,Furniture,89,2,178.0,26,9,17.8,158.52,Paid,Cancelled,2026-06-08,NONE,Cash on Delivery,Express Shipping,9,Pending Payment,Pending Payment
100127,2026-04-13,In-Store Kiosk,380746,Olivia,Davis,olivia.davis@example-shop.com,11000000863,"867 Wellesley Avenue, Los Angeles, California 90049, United States",United States,USD,US-CA Ontario Distribution Hub,Pioneer UPS Battery S2,Electronics,368,2,736.0,24,25,73.60000000000001,657.96,Failed,Shipped,2026-04-15,FLASH25,Apple Pay,Pickup Point,5,On Hold,Awaiting Pickup
100128,2026-04-03,Android App,169403,James,Taylor,james.taylor@example-shop.com,11000000786,"13056 Sky Valley Road, Los Angeles, California 90049, United States",United States,USD,US-IL Joliet Fulfilment Center,Lumen Drawer Unit X,Furniture,286,6,1716.0,24,10,171.60000000000002,1485.7600000000002,Failed,Cancelled,2026-04-09,VIP20,Cash on Delivery,Economy Shipping,9,Out for Delivery,Out for Delivery
100129,2026-02-26,Marketplace,321231,Michael,Wilson,michael.wilson@example-shop.com,11000000794,"433 South Burlingame Avenue, Los Angeles, California 90049, United States",United States,USD,US-NJ Newark Fulfilment Center,Yarrow SSD Drive S1,Electronics,367,5,1835.0,1,18,183.5,2018.15,Pending,Processing,2026-03-08,SPRING15,Credit Card,Same Day Delivery,1,Delivered,Delivered
100130,2026-02-05,Android App,694731,Ava,Anderson,ava.anderson@example-shop.com,11000000057,"604 South Saltair Avenue, Los Angeles, California 90049, United States",United States,USD,US-NJ Newark Fulfilment Center,Pioneer Dining Table Pro,Furniture,556,5,2780.0,7,24,278.0,2887.4,Paid,Processing,2026-02-09,NONE,Debit Card,Standard Shipping,2,Shipped,Shipped
100131,2026-05-11,Web Store,852787,Michael,Wilson,michael.wilson@example-shop.com,11000000234,"11995 Brentridge Drive, Los Angeles, California 90049, United States",United States,USD,US-IL Joliet Fulfilment Center,Juniper Barcode Scanner 300,Electronics,385,3,1155.0,26,7,115.5,977.2,Pending,Cancelled,2026-05-21,SPRING15,Cash on Delivery,Same Day Delivery,9,Paid,Paid
100132,2026-05-07,iOS App,429963,Emma,Johnson,emma.johnson@example-shop.com,11000000841,"11742 Bellagio Road, Los Angeles, California 90049, United States",United States,USD,US-CA Ontario Distribution Hub,Ember Docking Station S2,Electronics,314,6,1884.0,1,17,188.4,2070.56,Paid,Shipped,2026-05-10,NONE,Apple Pay,Express Shipping,5,Packed,Packed
100133,2026-01-24,Phone Order,322955,David,Brown,david.brown@example-shop.com,11000000032,"12770 Bristol Circle, Los Angeles, California 90049, United States",United States,USD,US-CA Ontario Distribution Hub,Nova Capture Card Max,Electronics,365,5,1825.0,25,17,182.5,1568.25,Paid,Shipped,2026-01-30,NONE,Google Pay,Express Shipping,6,Cancelled,Delivered
100134,2026-01-13,Social Commerce,787277,Michael,Wilson,michael.wilson@example-shop.com,11000000824,"15739 Mulholland Place, Los Angeles, California 90049, United States",United States,USD,US-NJ Newark Fulfilment Center,Vertex Network Switch Pro,Electronics,266,4,1064.0,10,24,106.4,1088.0,Refunded,Processing,2026-01-23,BLACKWEEK40,Debit Card,Freight Delivery,2,Refunded,Refunded
100135,2026-01-29,Android App,623481,Olivia,Davis,olivia.davis@example-shop.com,11000000323,"11711 Mayfield Avenue, Los Angeles, California 90049, United States",United States,USD,US-CA Ontario Distribution Hub,Granite Drawer Unit S1,Furniture,339,5,1695.0,12,19,169.5,1680.1,Paid,Shipped,2026-02-03,NONE,Apple Pay,Express Shipping,5,Out for Delivery,Out for Delivery
100136,2026-02-09,iOS App,514850,John,Smith,john.smith@example-shop.com,11000000410,"1739 North Old Ranch Road, Los Angeles, California 90049, United States",United States,USD,US-GA Atlanta Returns Center,Rowan Cabinet Lite,Furniture,768,4,3072.0,8,21,307.20000000000005,3154.44,Pending,Delivered,2026-02-13,NONE,Klarna,Next Day Delivery,7,Packed,Packed
100137,2026-06-10,Social Commerce,774079,Michael,Wilson,michael.wilson@example-shop.com,11000000274,"12410 Idaho Avenue, Los Angeles, California 90025, United States",United States,USD,US-TX Dallas Warehouse,Basalt Recliner Lite,Furniture,1163,3,3489.0,2,13,348.90000000000003,3781.12,Pending,Packed,2026-06-17,NONE,PayPal,Next Day Delivery,3,Returned,Returned
100138,2026-02-10,Marketplace,581141,Ava,Anderson,ava.anderson@example-shop.com,11000000067,"2520 Pesquera Drive, Los Angeles, California 90049, United States",United States,USD,US-GA Atlanta Returns Center,Willow TV Stand 300,Furniture,518,2,1036.0,6,22,103.6,1099.44,Refunded,Delivered,2026-02-14,BLACKWEEK40,Gift Card,Freight Delivery,8,Delivered,Delivered
100139,2026-06-24,Marketplace,249811,James,Taylor,james.taylor@example-shop.com,11000000216,"817 Majorca Place, Los Angeles, California 90049, United States",United States,USD,US-NJ Newark Fulfilment Center,Rowan Conference Chair X,Furniture,401,2,802.0,29,5,80.2,654.62,Pending,Processing,2026-07-04,NONE,Credit Card,Next Day Delivery,1,Delivered,Delivered
100140,2026-04-19,Social Commerce,377746,Sophia,Moore,sophia.moore@example-shop.com,11000000935,"710 South Westgate Avenue, Los Angeles, California 90049, United States",United States,USD,US-CA Ontario Distribution Hub,Summit TV Stand Plus,Furniture,343,5,1715.0,30,8,171.5,1380.0,Failed,Shipped,2026-04-29,FREESHIP,Apple Pay,Economy Shipping,5,Returned,Returned
100141,2026-06-02,Marketplace,246413,Sophia,Moore,sophia.moore@example-shop.com,11000000965,"648 Oakmont Drive, Los Angeles, California 90049, United States",United States,USD,US-IL Joliet Fulfilment Center,Granite Headphones Plus,Electronics,347,4,1388.0,18,22,138.8,1298.96,Refunded,Cancelled,2026-06-04,NEWSLETTER5,Cash on Delivery,In-Store Pickup,9,Delivered,Delivered
100142,2026-01-17,iOS App,358607,John,Smith,john.smith@example-shop.com,11000000580,"247 South Barrington Avenue, Los Angeles, California 90049, United States",United States,USD,US-TX Dallas Warehouse,Ember Cabinet S2,Furniture,662,1,662.0,28,13,66.2,555.84,Pending,Packed,2026-01-24,WELCOME10,PayPal,Same Day Delivery,3,Processing,Packed
100143,2026-04-09,Android App,881177,Ava,Anderson,ava.anderson@example-shop.com,11000000897,"12740 Hanover Street, Los Angeles, California 90049, United States",United States,USD,US-IL Joliet Fulfilment Center,Delta NAS Enclosure Lite,Electronics,1027,1,1027.0,22,25,102.7,928.76,Pending,Cancelled,2026-04-18,WELCOME10,Cash on Delivery,Same Day Delivery,9,Shipped,Shipped
100144,2026-04-08,iOS App,688637,Sophia,Moore,sophia.moore@example-shop.com,11000000735,"2612 Casiano Road, Los Angeles, California 90077, United States",United States,USD,US-NJ Newark Fulfilment Center,Willow Recliner Plus,Furniture,569,1,569.0,10,15,56.900000000000006,584.0,Failed,Processing,2026-04-10,VIP20,Debit Card,Economy Shipping,2,Processing,Processing
100145,2026-06-02,iOS App,665158,David,Brown,david.brown@example-shop.com,11000000322,"247 South Barrington Avenue, Los Angeles, California 90049, United States",United States,USD,US-CA Ontario Distribution Hub,Ember Cabinet S2,Furniture,662,2,1324.0,6,8,132.4,1384.96,Refunded,Shipped,2026-06-05,LOYALTY10,Apple Pay,In-Store Pickup,5,Packed,Packed
100146,2026-04-30,Social Commerce,375504,Ava,Anderson,ava.anderson@example-shop.com,11000000217,"12306 7Th Helena Drive, Los Angeles, California 90049, United States",United States,USD,US-IL Joliet Fulfilment Center,Quill External HDD X,Electronics,254,6,1524.0,20,14,152.4,1385.6,Failed,Cancelled,2026-05-07,FLASH25,Cash on Delivery,Pickup Point,9,Refunded,Returned
100147,2026-05-16,Phone Order,883300,Emma,Johnson,emma.johnson@example-shop.com,11000000671,"16414 Sloan Drive, Los Angeles, California 90049, United States",United States,USD,US-IL Joliet Fulfilment Center,Onyx Bench 200,Furniture,347,2,694.0,15,18,69.4,677.3,Refunded,Cancelled,2026-05-22,CLEARANCE30,Store Credit,Freight Delivery,10,Delivered,Delivered
100148,2026-03-06,Phone Order,712982,Emma,Johnson,emma.johnson@example-shop.com,11000000511,"1358 Brinkley Avenue, Los Angeles, California 90049, United States",United States,USD,US-TX Dallas Warehouse,Slate Power Bank Lite,Electronics,73,6,438.0,12,10,43.8,439.24,Refunded,Packed,2026-03-11,CLEARANCE30,Bank Transfer,Freight Delivery,4,Delivered,Delivered
100149,2026-05-22,Android App,549245,Sophia,Moore,sophia.moore@example-shop.com,11000000405,"960 Linda Flora Drive, Los Angeles, California 90049, United States",United States,USD,US-TX Dallas Warehouse,Granite Headphones 300,Electronics,47,4,188.0,28,19,18.8,173.16000000000005,Paid,Packed,2026-05-24,NONE,PayPal,Express Shipping,3,Shipped,Shipped
100150,2026-01-03,Social Commerce,711878,Sophia,Moore,sophia.moore@example-shop.com,11000000905,"13166 Boca De Canon Lane, Los Angeles, California 90049, United States",United States,USD,US-CA Ontario Distribution Hub,Vertex Desk 300,Furniture,459,5,2295.0,29,5,229.5,1863.95,Pending,Shipped,2026-01-08,SPRING15,Google Pay,Same Day Delivery,6,Refunded,Refunded
100151,2026-06-24,Phone Order,518801,James,Taylor,james.taylor@example-shop.com,11000000936,"12228 Dorothy Street, Los Angeles, California 90049, United States",United States,USD,US-TX Dallas Warehouse,Kestrel TV Stand Max,Furniture,309,1,309.0,20,13,30.9,291.1,Pending,Packed,2026-06-27,SPRING15,PayPal,Same Day Delivery,3,Cancelled,Cancelled
100152,2026-01-30,Marketplace,479580,Daniel,Thomas,daniel.thomas@example-shop.com,11000000658,"11965 Foxboro Drive, Los Angeles, California 90049, United States",United States,USD,US-IL Joliet Fulfilment Center,Delta Bar Stool 200,Furniture,236,4,944.0,14,21,94.4,927.24,Paid,Cancelled,2026-02-02,NONE,Cash on Delivery,Express Shipping,9,Delivered,Delivered
100153,2026-06-24,Phone Order,329974,Charlotte,Jackson,charlotte.jackson@example-shop.com,11000000469,"13637 Bayliss Road, Los Angeles, California 90049, United States",United States,USD,US-IL Joliet Fulfilment Center,Coffee Table,Furniture,160,4,640.0,4,10,64.0,688.4,Failed,Cancelled,2026-07-03,BUNDLE5,Cash on Delivery,Pickup Point,9,Cancelled,Delivered
100154,2026-05-18,Marketplace,245051,James,Taylor,james.taylor@example-shop.com,11000000146,"12313 12Th Helena Drive, Los Angeles, California 90049, United States",United States,USD,US-NJ Newark Fulfilment Center,Orion Printer 200,Electronics,518,5,2590.0,8,21,259.0,2662.8,Paid,Processing,2026-05-21,NONE,Credit Card,Standard Shipping,1,Delivered,Delivered
100155,2026-03-10,Android App,634277,Emma,Johnson,emma.johnson@example-shop.com,11000000271,"2247 Roscomare Road, Los Angeles, California 90077, United States",United States,USD,US-IL Joliet Fulfilment Center,Pioneer Graphics Card 300,Electronics,753,4,3012.0,4,8,301.2,3200.72,Pending,Cancelled,2026-03-20,SPRING15,Store Credit,Same Day Delivery,10,Out for Delivery,Shipped
100156,2026-06-14,iOS App,617488,David,Brown,david.brown@example-shop.com,11000000142,"12207 Goshen Avenue, Los Angeles, California 90049, United States",United States,USD,US-CA Ontario Distribution Hub,Xenon Bookshelf Pro,Furniture,181,5,905.0,7,25,90.5,957.15,Pending,Shipped,2026-06-18,SPRING15,Google Pay,Same Day Delivery,6,Packed,Packed
100157,2026-03-29,iOS App,195325,David,Brown,david.brown@example-shop.com,11000000252,"3408 Mandeville Canyon Road, Los Angeles, California 90049, United States",United States,USD,US-GA Atlanta Returns Center,Vertex Console Table X,Furniture,152,3,456.0,23,14,45.6,410.72,Paid,Delivered,2026-04-02,NONE,Gift Card,Standard Shipping,8,Processing,Processing
100158,2026-01-29,Phone Order,892495,David,Brown,david.brown@example-shop.com,11000000762,"12780 Bristol Circle, Los Angeles, California 90049, United States",United States,USD,US-NJ Newark Fulfilment Center,Indigo Room Divider 200,Furniture,353,5,1765.0,17,25,176.5,1666.45,Paid,Processing,2026-02-07,NONE,Credit Card,Express Shipping,1,Delivered,Delivered
100159,2026-03-17,Marketplace,149405,Michael,Wilson,michael.wilson@example-shop.com,11000000574,"173 Beloit Avenue, Los Angeles, California 90049, United States",United States,USD,US-NJ Newark Fulfilment Center,Lumen Standing Desk X,Furniture,872,1,872.0,17,21,87.2,831.96,Paid,Processing,2026-03-27,NONE,Debit Card,Standard Shipping,2,Delivered,Delivered
100160,2026-04-22,Web Store,214975,Emma,Johnson,emma.johnson@example-shop.com,11000000551,"15475 Milldale Drive, Los Angeles, California 90077, United States",United States,USD,US-CA Ontario Distribution Hub,Rowan Sofa 100,Furniture,2012,6,12072.0,8,24,1207.2,12337.44,Pending,Shipped,2026-04-26,SPRING15,Google Pay,Same Day Delivery,6,Paid,Paid
100161,2026-02-10,In-Store Kiosk,260265,Charlotte,Jackson,charlotte.jackson@example-shop.com,11000000269,"815 North Tigertail Road, Los Angeles, California 90049, United States",United States,USD,US-CA Ontario Distribution Hub,Nova Footrest Pro,Furniture,80,6,480.0,23,11,48.0,428.6,Paid,Shipped,2026-02-16,NONE,Apple Pay,Express Shipping,5,On Hold,On Hold
100162,2026-04-27,Web Store,757924,Michael,Wilson,michael.wilson@example-shop.com,11000000764,"1884 Westridge Road, Los Angeles, California 90049, United States",United States,USD,US-TX Dallas Warehouse,Fjord Wardrobe Lite,Furniture,829,1,829.0,18,9,82.9,771.68,Paid,Packed,2026-05-07,NONE,Bank Transfer,Standard Shipping,4,Pending Payment,Pending Payment
100163,2026-01-01,In-Store Kiosk,267753,Daniel,Thomas,daniel.thomas@example-shop.com,11000000598,"1033 Kenfield Avenue, Los Angeles, California 90049, United States",United States,USD,US-NJ Newark Fulfilment Center,Quill Docking Station S2,Electronics,320,6,1920.0,13,16,192.0,1878.4,Failed,Processing,2026-01-09,BUNDLE5,Credit Card,Pickup Point,1,Awaiting Pickup,Awaiting Pickup
100164,2026-03-09,Web Store,930555,Daniel,Thomas,daniel.thomas@example-shop.com,11000000438,"170 South Saltair Avenue, Los Angeles, California 90049, United States",United States,USD,US-TX Dallas Warehouse,Nova Console Table S2,Furniture,404,5,2020.0,28,10,202.0,1666.4,Paid,Packed,2026-03-14,NONE,Bank Transfer,Express Shipping,4,Paid,Paid
100165,2026-05-09,iOS App,813536,Charlotte,Jackson,charlotte.jackson@example-shop.com,11000000919,"128 North Anita Avenue, Los Angeles, California 90049, United States",United States,USD,US-IL Joliet Fulfilment Center,Verdant Capture Card 100,Electronics,81,3,243.0,18,22,24.3,245.56,Pending,Cancelled,2026-05-19,SPRING15,Store Credit,Same Day Delivery,10,Processing,Processing
100166,2026-02-15,Social Commerce,542666,Ava,Anderson,ava.anderson@example-shop.com,11000000597,"420 North Bonhill Road, Los Angeles, California 90049, United States",United States,USD,US-NJ Newark Fulfilment Center,Indigo TV Stand S2,Furniture,310,6,1860.0,12,21,186.0,1843.8,Failed,Processing,2026-02-20,FREESHIP,Debit Card,Economy Shipping,2,Returned,Returned
100167,2026-05-10,iOS App,725380,Daniel,Thomas,daniel.thomas@example-shop.com,11000000408,"11948 Gorham Avenue, Los Angeles, California 90049, United States",United States,USD,US-NJ Newark Fulfilment Center,Fjord Lounge Chair Max,Furniture,948,3,2844.0,11,5,284.40000000000003,2820.56,Refunded,Processing,2026-05-16,BLACKWEEK40,Debit Card,Freight Delivery,2,Processing,Processing
100168,2026-01-28,In-Store Kiosk,166613,John,Smith,john.smith@example-shop.com,11000000370,"169 1/2 3Rd Anita Drive, Los Angeles, California 90049, United States",United States,USD,US-GA Atlanta Returns Center,Atlas Storage Cube Pro,Furniture,116,1,116.0,7,24,11.6,143.48,Pending,Delivered,2026-02-05,WELCOME10,Gift Card,Same Day Delivery,8,On Hold,On Hold
100169,2026-06-10,Social Commerce,503457,Michael,Wilson,michael.wilson@example-shop.com,11000000224,"234 South Saltair Avenue, Los Angeles, California 90049, United States",United States,USD,US-NJ Newark Fulfilment Center,Vertex Keyboard X,Electronics,192,3,576.0,4,15,57.6,625.5600000000001,Pending,Processing,2026-06-17,NONE,Debit Card,Next Day Delivery,2,Returned,Returned
100170,2026-03-18,Marketplace,500156,Emma,Johnson,emma.johnson@example-shop.com,11000000141,"12830 Parkyns Street, Los Angeles, California 90049, United States",United States,USD,US-IL Joliet Fulfilment Center,Nimbus Footrest X,Furniture,184,4,736.0,16,20,73.60000000000001,711.84,Refunded,Cancelled,2026-03-27,BLACKWEEK40,Cash on Delivery,Freight Delivery,9,Delivered,Delivered
100171,2026-06-13,Phone Order,724834,Emma,Johnson,emma.johnson@example-shop.com,11000000521,"1737 Mandeville Lane, Los Angeles, California 90049, United States",United States,USD,US-TX Dallas Warehouse,Indigo Monitor Stand 100,Furniture,193,2,386.0,15,5,38.6,371.7000000000001,Pending,Packed,2026-06-23,SPRING15,PayPal,Same Day Delivery,3,Cancelled,Cancelled
100172,2026-05-10,Web Store,590785,Sophia,Moore,sophia.moore@example-shop.com,11000000505,"814 South Bundy Drive, Los Angeles, California 90049, United States",United States,USD,US-TX Dallas Warehouse,Aurora Bookshelf 300,Furniture,453,4,1812.0,2,8,181.2,1964.96,Refunded,Packed,2026-05-19,BLACKWEEK40,PayPal,Freight Delivery,3,Paid,Paid
100173,2026-06-05,Marketplace,654816,Olivia,Davis,olivia.davis@example-shop.com,11000000093,"630 South Gretna Green Way, Los Angeles, California 90049, United States",United States,USD,US-GA Atlanta Returns Center,Umber Headphones Lite,Electronics,114,1,114.0,24,16,11.4,114.04,Refunded,Delivered,2026-06-08,NEWSLETTER5,Gift Card,In-Store Pickup,8,Delivered,Delivered
100174,2026-02-20,Marketplace,363626,Olivia,Davis,olivia.davis@example-shop.com,11000000773,"12903 Chalon Road, Los Angeles, California 90049, United States",United States,USD,US-IL Joliet Fulfilment Center,Nova Headphones Plus,Electronics,38,6,228.0,1,14,22.8,262.52,Pending,Cancelled,2026-02-25,WELCOME10,Cash on Delivery,Same Day Delivery,9,Delivered,Delivered
100175,2026-02-09,Phone Order,680099,Daniel,Thomas,daniel.thomas@example-shop.com,11000000048,"1241 North Norman Place, Los Angeles, California 90049, United States",United States,USD,US-TX Dallas Warehouse,Ridge Projector X,Electronics,579,6,3474.0,27,12,347.40000000000003,2895.42,Paid,Packed,2026-02-14,NONE,PayPal,Express Shipping,3,Cancelled,Cancelled
100176,2026-04-06,Marketplace,112038,Emma,Johnson,emma.johnson@example-shop.com,11000000881,"11817 Chaparal Street, Los Angeles, California 90049, United States",United States,USD,US-CA Ontario Distribution Hub,Umber Printer S2,Electronics,531,3,1593.0,3,6,159.3,1710.51,Paid,Shipped,2026-04-09,NONE,Apple Pay,Express Shipping,5,Delivered,Delivered
100177,2026-02-11,Phone Order,813328,David,Brown,david.brown@example-shop.com,11000000112,"741 South Bristol Avenue, Los Angeles, California 90049, United States",United States,USD,US-IL Joliet Fulfilment Center,Atlas Laptop Pro,Electronics,2066,5,10330.0,4,12,1033.0,10961.8,Refunded,Cancelled,2026-02-18,NEWSLETTER5,Cash on Delivery,In-Store Pickup,9,Delivered,Delivered
100178,2026-05-19,Android App,855731,James,Taylor,james.taylor@example-shop.com,11000000156,"11756 Darlington Avenue, Los Angeles, California 90049, United States",United States,USD,US-IL Joliet Fulfilment Center,Vertex Capture Card 100,Electronics,104,2,208.0,20,23,20.8,210.2,Failed,Cancelled,2026-05-21,FLASH25,Store Credit,Pickup Point,10,Shipped,Shipped
100179,2026-05-16,Phone Order,220116,David,Brown,david.brown@example-shop.com,11000000642,"12377 Ridge Circle, Los Angeles, California 90049, United States",United States,USD,US-GA Atlanta Returns Center,Harbor Bench Pro,Furniture,196,5,980.0,5,7,98.0,1036.0,Refunded,Delivered,2026-05-26,NEWSLETTER5,Klarna,In-Store Pickup,7,Delivered,Delivered
100180,2026-01-01,In-Store Kiosk,814825,Olivia,Davis,olivia.davis@example-shop.com,11000000163,"852 South Gretna Green Way, Los Angeles, California 90049, United States",United States,USD,US-TX Dallas Warehouse,Juniper Coffee Table Max,Furniture,418,1,418.0,25,7,41.8,362.3,Refunded,Packed,2026-01-06,NEWSLETTER5,Bank Transfer,In-Store Pickup,4,Awaiting Pickup,Awaiting Pickup
100181,2026-06-03,Web Store,663054,Emma,Johnson,emma.johnson@example-shop.com,11000000811,"16556 Park Lane Drive, Los Angeles, California 90049, United States",United States,USD,US-IL Joliet Fulfilment Center,Juniper Smartphone X,Electronics,1002,6,6012.0,21,20,601.2,5370.679999999999,Refunded,Cancelled,2026-06-08,CLEARANCE30,Cash on Delivery,Freight Delivery,9,Pending Payment,Paid
100182,2026-03-24,Social Commerce,887352,James,Taylor,james.taylor@example-shop.com,11000000696,"3000 Antelo View Drive, Los Angeles, California 90077, United States",United States,USD,US-TX Dallas Warehouse,Helio Desk 200,Furniture,429,3,1287.0,13,7,128.70000000000002,1255.39,Paid,Packed,2026-03-26,NONE,Bank Transfer,Standard Shipping,4,Returned,Refunded
100183,2026-05-06,Social Commerce,379786,David,Brown,david.brown@example-shop.com,11000000432,"11726 San Vicente Boulevard, Los Angeles, California 90049, United States",United States,USD,US-CA Ontario Distribution Hub,Yarrow NAS Enclosure S1,Electronics,1046,6,6276.0,19,22,627.6,5733.16,Paid,Shipped,2026-05-09,NONE,Apple Pay,Express Shipping,5,Refunded,Refunded
100184,2026-01-05,Web Store,905934,John,Smith,john.smith@example-shop.com,11000000610,"991 Linda Flora Drive, Los Angeles, California 90049, United States",United States,USD,US-GA Atlanta Returns Center,Aurora Power Bank Lite,Electronics,111,5,555.0,2,9,55.5,608.4,Paid,Delivered,2026-01-07,NONE,Klarna,Standard Shipping,7,Paid,Paid
100185,2026-01-29,Social Commerce,772097,Sophia,Moore,sophia.moore@example-shop.com,11000000065,"1160 Westgate Avenue, Los Angeles, California 90049, United States",United States,USD,US-CA Ontario Distribution Hub,Lumen Printer Plus,Electronics,631,5,3155.0,12,9,315.5,3100.9,Refunded,Shipped,2026-02-03,LOYALTY10,Google Pay,In-Store Pickup,6,Returned,Returned
100186,2026-04-03,Phone Order,456699,Michael,Wilson,michael.wilson@example-shop.com,11000000394,"180 Granville Avenue, Los Angeles, California 90049, United States",United States,USD,US-GA Atlanta Returns Center,Orion Barcode Scanner S1,Electronics,273,2,546.0,12,20,54.6,555.08,Failed,Delivered,2026-04-06,BUNDLE5,Gift Card,Pickup Point,8,Delivered,Delivered
100187,2026-03-20,In-Store Kiosk,216970,John,Smith,john.smith@example-shop.com,11000000390,"1543 South Carmelina Avenue, Los Angeles, California 90025, United States",United States,USD,US-IL Joliet Fulfilment Center,Cobalt NAS Enclosure X,Electronics,392,2,784.0,19,22,78.4,735.4399999999999,Paid,Cancelled,2026-03-22,NONE,Cash on Delivery,Express Shipping,9,On Hold,On Hold
100188,2026-03-03,Android App,407757,John,Smith,john.smith@example-shop.com,11000000610,"220 North Bristol Avenue, Los Angeles, California 90049, United States",United States,USD,US-GA Atlanta Returns Center,Zenith Bench 200,Furniture,304,3,912.0,14,10,91.2,885.52,Pending,Delivered,2026-03-10,SPRING15,Gift Card,Same Day Delivery,8,Shipped,Shipped
100189,2026-01-15,In-Store Kiosk,555884,Charlotte,Jackson,charlotte.jackson@example-shop.com,11000000479,"1110 North Bundy Drive, Los Angeles, California 90049, United States",United States,USD,US-NJ Newark Fulfilment Center,Ember Standing Desk X,Furniture,1247,2,2494.0,16,13,249.4,2357.36,Pending,Processing,2026-01-18,WELCOME10,Debit Card,Same Day Delivery,2,On Hold,On Hold
100190,2026-03-03,Social Commerce,265840,Emma,Johnson,emma.johnson@example-shop.com,11000000541,"810 Leonard Road, Los Angeles, California 90049, United States",United States,USD,US-TX Dallas Warehouse,Kestrel Smartphone 300,Electronics,347,5,1735.0,8,21,173.5,1790.7,Pending,Packed,2026-03-13,WELCOME10,Bank Transfer,Same Day Delivery,4,Returned,Returned
100191,2026-05-26,Android App,575763,Ava,Anderson,ava.anderson@example-shop.com,11000000257,"666 Moreno Avenue, Los Angeles, California 90049, United States",United States,USD,US-TX Dallas Warehouse,Harbor Conference Camera S1,Electronics,481,5,2405.0,17,24,240.5,2260.65,Refunded,Packed,2026-05-31,CLEARANCE30,Bank Transfer,Freight Delivery,4,Out for Delivery,Out for Delivery
100192,2026-01-21,Web Store,103402,Michael,Wilson,michael.wilson@example-shop.com,11000000994,"1061 Moraga Drive, Los Angeles, California 90049, United States",United States,USD,US-NJ Newark Fulfilment Center,Rowan Wardrobe Plus,Furniture,1139,1,1139.0,27,18,113.9,963.37,Pending,Processing,2026-01-27,NONE,Debit Card,Next Day Delivery,2,Paid,Paid
100193,2026-01-22,Android App,857168,James,Taylor,james.taylor@example-shop.com,11000000566,"3466 Mandeville Canyon Road, Los Angeles, California 90049, United States",United States,USD,US-CA Ontario Distribution Hub,Indigo Power Bank Plus,Electronics,56,5,280.0,30,11,28.0,235.0,Refunded,Shipped,2026-01-31,NEWSLETTER5,Google Pay,In-Store Pickup,6,Shipped,Shipped
100194,2026-05-05,Marketplace,854639,Emma,Johnson,emma.johnson@example-shop.com,11000000881,"12179 Leven Lane, Los Angeles, California 90049, United States",United States,USD,US-NJ Newark Fulfilment Center,Lumen Webcam X,Electronics,38,3,114.0,0,22,11.4,147.4,Pending,Processing,2026-05-10,NONE,Credit Card,Next Day Delivery,1,Delivered,Delivered
100195,2026-01-18,iOS App,376183,Sophia,Moore,sophia.moore@example-shop.com,11000000965,"12308 3/4 Montana Avenue, Los Angeles, California 90049, United States",United States,USD,US-IL Joliet Fulfilment Center,Larch Capture Card S1,Electronics,340,4,1360.0,21,11,136.0,1221.4,Failed,Cancelled,2026-01-28,FREESHIP,Store Credit,Economy Shipping,10,Processing,Packed
100196,2026-05-17,Marketplace,624902,Emma,Johnson,emma.johnson@example-shop.com,11000000011,"1025 Lindenwood Lane, Los Angeles, California 90049, United States",United States,USD,US-IL Joliet Fulfilment Center,Juniper Console Table X,Furniture,141,1,141.0,23,14,14.1,136.67,Refunded,Cancelled,2026-05-21,CLEARANCE30,Cash on Delivery,Freight Delivery,9,Delivered,Delivered
100197,2026-02-02,Web Store,898975,James,Taylor,james.taylor@example-shop.com,11000000696,"438 North Tigertail Road, Los Angeles, California 90049, United States",United States,USD,US-TX Dallas Warehouse,Yarrow Webcam Lite,Electronics,150,1,150.0,3,17,15.0,177.5,Pending,Packed,2026-02-11,SPRING15,Bank Transfer,Same Day Delivery,4,Pending Payment,Pending Payment
100198,2026-02-02,Social Commerce,287330,Daniel,Thomas,daniel.thomas@example-shop.com,11000000738,"1527 North Tigertail Road, Los Angeles, California 90049, United States",United States,USD,US-IL Joliet Fulfilment Center,Basalt Barcode Scanner S2,Electronics,73,3,219.0,21,25,21.9,219.91,Paid,Cancelled,2026-02-07,NONE,Store Credit,Express Shipping,10,Refunded,Refunded
100199,2026-06-18,Social Commerce,632342,Ava,Anderson,ava.anderson@example-shop.com,11000000117,"2668 Cordelia Road, Los Angeles, California 90049, United States",United States,USD,US-TX Dallas Warehouse,Lumen Footrest 200,Furniture,165,3,495.0,28,16,49.5,421.9,Refunded,Packed,2026-06-27,CLEARANCE30,Bank Transfer,Freight Delivery,4,Refunded,Refunded
100200,2026-05-02,Android App,211579,Daniel,Thomas,daniel.thomas@example-shop.com,11000000698,"341 South Anita Avenue, Los Angeles, California 90049, United States",United States,USD,US-NJ Newark Fulfilment Center,Juniper Meeting Table Plus,Furniture,681,2,1362.0,17,19,136.20000000000002,1285.66,Paid,Processing,2026-05-10,NONE,Credit Card,Express Shipping,1,Shipped,Shipped
100201,2026-05-21,Phone Order,755674,James,Taylor,james.taylor@example-shop.com,11000000906,"1776 Old Ranch Road, Los Angeles, California 90049, United States",United States,USD,US-NJ Newark Fulfilment Center,Quartz Webcam 300,Electronics,189,1,189.0,24,21,18.9,183.54,Paid,Processing,2026-05-26,NONE,Debit Card,Standard Shipping,2,Delivered,Delivered
100202,2026-02-12,In-Store Kiosk,412942,Charlotte,Jackson,charlotte.jackson@example-shop.com,11000000549,"885 Leonard Road, Los Angeles, California 90049, United States",United States,USD,US-NJ Newark Fulfilment Center,Yarrow Lounge Chair Plus,Furniture,446,2,892.0,8,19,89.2,928.84,Paid,Processing,2026-02-15,NONE,Credit Card,Standard Shipping,1,On Hold,On Hold
100203,2026-03-09,iOS App,982554,Daniel,Thomas,daniel.thomas@example-shop.com,11000000768,"12712 West Evanston Street, Los Angeles, California 90049, United States",United States,USD,US-TX Dallas Warehouse,Tundra Office Lamp Max,Furniture,25,5,125.0,24,8,12.5,115.5,Paid,Packed,2026-03-12,NONE,Bank Transfer,Express Shipping,4,Processing,Processing
100204,2026-05-16,Phone Order,769987,Olivia,Davis,olivia.davis@example-shop.com,11000000273,"2637 Mandeville Canyon Road, Los Angeles, California 90049, United States",United States,USD,US-NJ Newark Fulfilment Center,Ridge UPS Battery 300,Electronics,715,1,715.0,20,12,71.5,655.5,Pending,Processing,2026-05-24,SPRING15,Debit Card,Same Day Delivery,2,Delivered,Cancelled
100205,2026-06-05,Web Store,632323,Ava,Anderson,ava.anderson@example-shop.com,11000000787,"1520 Roscomare Road, Los Angeles, California 90077, United States",United States,USD,US-NJ Newark Fulfilment Center,Yarrow Network Switch Max,Electronics,54,1,54.0,10,12,5.4,66.0,Pending,Processing,2026-06-12,NONE,Credit Card,Next Day Delivery,1,Paid,Paid
100206,2026-04-19,In-Store Kiosk,738551,James,Taylor,james.taylor@example-shop.com,11000000656,"12627 San Vicente Boulevard, Los Angeles, California 90049, United States",United States,USD,US-CA Ontario Distribution Hub,Basalt Monitor Stand 200,Furniture,98,6,588.0,3,7,58.8,636.16,Refunded,Shipped,2026-04-27,NEWSLETTER5,Google Pay,In-Store Pickup,6,Awaiting Pickup,Awaiting Pickup
100207,2026-02-24,Social Commerce,308573,Daniel,Thomas,daniel.thomas@example-shop.com,11000000348,"11733 Barrington Court, Los Angeles, California 90049, United States",United States,USD,US-NJ Newark Fulfilment Center,Quill Printer S2,Electronics,258,4,1032.0,9,15,103.2,1057.32,Refunded,Processing,2026-03-04,BLACKWEEK40,Debit Card,Freight Delivery,2,Returned,Returned
100208,2026-05-19,Android App,260263,Michael,Wilson,michael.wilson@example-shop.com,11000000114,"12340 Rochedale Lane, Los Angeles, California 90049, United States",United States,USD,US-IL Joliet Fulfilment Center,Lumen Console Table S1,Furniture,208,1,208.0,13,5,20.8,206.76,Refunded,Cancelled,2026-05-28,BLACKWEEK40,Cash on Delivery,Freight Delivery,9,Shipped,Shipped
100209,2026-06-26,In-Store Kiosk,492077,John,Smith,john.smith@example-shop.com,11000000300,"676 Firth Avenue, Los Angeles, California 90049, United States",United States,USD,US-TX Dallas Warehouse,Xenon USB Hub Pro,Electronics,45,5,225.0,5,23,22.5,259.25,Pending,Packed,2026-06-28,WELCOME10,Bank Transfer,Same Day Delivery,4,Awaiting Pickup,Awaiting Pickup
100210,2026-02-21,Social Commerce,899550,Sophia,Moore,sophia.moore@example-shop.com,11000000445,"951 South Bundy Drive, Los Angeles, California 90049, United States",United States,USD,US-CA Ontario Distribution Hub,Orion Projector 200,Electronics,1380,2,2760.0,14,22,276.0,2671.6,Refunded,Shipped,2026-02-24,LOYALTY10,Apple Pay,In-Store Pickup,5,Returned,Refunded
100211,2026-03-21,Phone Order,269396,Emma,Johnson,emma.johnson@example-shop.com,11000000161,"12475 Promontory Road, Los Angeles, California 90049, United States",United States,USD,US-GA Atlanta Returns Center,Cobalt Wardrobe S2,Furniture,915,2,1830.0,0,12,183.0,2025.0,Paid,Delivered,2026-03-23,NONE,Gift Card,Standard Shipping,8,Delivered,Cancelled
100212,2026-04-13,Phone Order,665579,Michael,Wilson,michael.wilson@example-shop.com,11000000464,"854 South Gretna Green Way, Los Angeles, California 90049, United States",United States,USD,US-TX Dallas Warehouse,Tundra Whiteboard X,Furniture,87,6,522.0,30,23,52.2,440.6,Pending,Packed,2026-04-21,NONE,Bank Transfer,Next Day Delivery,4,Cancelled,Delivered
100213,2026-06-21,iOS App,916449,Olivia,Davis,olivia.davis@example-shop.com,11000000003,"1610 Mandeville Canyon Road, Los Angeles, California 90049, United States",United States,USD,US-IL Joliet Fulfilment Center,Yarrow Smartwatch X,Electronics,340,4,1360.0,23,12,136.0,1195.2,Refunded,Cancelled,2026-06-28,LOYALTY10,Cash on Delivery,In-Store Pickup,9,Packed,Packed
100214,2026-06-16,iOS App,656116,James,Taylor,james.taylor@example-shop.com,11000000976,"310 North Bundy Drive, Los Angeles, California 90049, United States",United States,USD,US-TX Dallas Warehouse,Juniper Recliner S2,Furniture,449,5,2245.0,28,5,224.5,1845.9,Paid,Packed,2026-06-19,NONE,PayPal,Standard Shipping,3,Processing,Processing
100215,2026-04-06,Android App,100599,Charlotte,Jackson,charlotte.jackson@example-shop.com,11000000739,"237 North Bowling Green Way, Los Angeles, California 90049, United States",United States,USD,US-IL Joliet Fulfilment Center,Orion Laptop Lite,Electronics,1540,2,3080.0,23,7,308.0,2686.6,Refunded,Cancelled,2026-04-11,LOYALTY10,Store Credit,In-Store Pickup,10,Out for Delivery,Out for Delivery
100216,2026-04-23,In-Store Kiosk,728038,James,Taylor,james.taylor@example-shop.com,11000000896,"11991 San Vicente Boulevard, Los Angeles, California 90049, United States",United States,USD,US-IL Joliet Fulfilment Center,Rowan Monitor Pro,Electronics,893,3,2679.0,8,25,267.90000000000003,2757.58,Failed,Cancelled,2026-04-28,FREESHIP,Store Credit,Economy Shipping,10,On Hold,On Hold
100217,2026-05-13,iOS App,439902,James,Taylor,james.taylor@example-shop.com,11000000736,"906 Stonehill Lane, Los Angeles, California 90049, United States",United States,USD,US-GA Atlanta Returns Center,Atlas NAS Enclosure S2,Electronics,459,5,2295.0,16,6,229.5,2163.3,Refunded,Delivered,2026-05-18,CLEARANCE30,Gift Card,Freight Delivery,8,Processing,Processing
100218,2026-04-26,Phone Order,612340,Charlotte,Jackson,charlotte.jackson@example-shop.com,11000000269,"11990 San Vicente Boulevard, Los Angeles, California 90049, United States",United States,USD,US-TX Dallas Warehouse,Lumen Microphone Max,Electronics,417,5,2085.0,24,12,208.5,1805.1,Failed,Packed,2026-05-06,VIP20,Bank Transfer,Economy Shipping,4,Delivered,Delivered
100219,2026-01-31,In-Store Kiosk,120422,Sophia,Moore,sophia.moore@example-shop.com,11000000995,"11826 Dorothy Street, Los Angeles, California 90049, United States",United States,USD,US-GA Atlanta Returns Center,Harbor Sofa Lite,Furniture,1028,4,4112.0,5,7,411.2000000000001,4324.6,Refunded,Delivered,2026-02-09,NEWSLETTER5,Gift Card,In-Store Pickup,8,On Hold,On Hold
100220,2026-03-05,Phone Order,217301,David,Brown,david.brown@example-shop.com,11000000512,"12667 Promontory Road, Los Angeles, California 90049, United States",United States,USD,US-GA Atlanta Returns Center,Verdant Desk 300,Furniture,272,2,544.0,16,6,54.400000000000006,517.36,Refunded,Delivered,2026-03-09,BLACKWEEK40,Klarna,Freight Delivery,7,Delivered,Delivered
100221,2026-02-27,Web Store,480612,John,Smith,john.smith@example-shop.com,11000000780,"166 North Canyon View Drive, Los Angeles, California 90049, United States",United States,USD,US-TX Dallas Warehouse,Meridian Dining Table 300,Furniture,574,5,2870.0,29,15,287.0,2339.7,Pending,Packed,2026-03-07,NONE,Bank Transfer,Next Day Delivery,4,Pending Payment,Paid
100222,2026-01-17,Phone Order,972064,David,Brown,david.brown@example-shop.com,11000000182,"190 North Canyon View Drive, Los Angeles, California 90049, United States",United States,USD,US-NJ Newark Fulfilment Center,Harbor Cabinet 100,Furniture,394,6,2364.0,3,7,236.4,2536.48,Pending,Processing,2026-01-21,WELCOME10,Debit Card,Same Day Delivery,2,Cancelled,Cancelled
100223,2026-03-28,Android App,945964,Charlotte,Jackson,charlotte.jackson@example-shop.com,11000000519,"11668 San Vicente Boulevard, Los Angeles, California 90049, United States",United States,USD,US-NJ Newark Fulfilment Center,Fjord Meeting Table Plus,Furniture,914,6,5484.0,27,21,548.4,4572.719999999999,Failed,Processing,2026-04-03,VIP20,Debit Card,Economy Shipping,2,Out for Delivery,Out for Delivery
100224,2026-01-06,Marketplace,422451,Michael,Wilson,michael.wilson@example-shop.com,11000000934,"141 North Gunston Drive, Los Angeles, California 90049, United States",United States,USD,US-GA Atlanta Returns Center,Basalt Footrest X,Furniture,41,2,82.0,20,12,8.200000000000001,85.8,Pending,Delivered,2026-01-15,WELCOME10,Klarna,Same Day Delivery,7,Delivered,Delivered
100225,2026-05-31,Web Store,351083,Daniel,Thomas,daniel.thomas@example-shop.com,11000000108,"11732 Dorothy Street, Los Angeles, California 90049, United States",United States,USD,US-CA Ontario Distribution Hub,Willow Wardrobe Plus,Furniture,476,6,2856.0,9,13,285.6,2897.56,Paid,Shipped,2026-06-05,NONE,Google Pay,Standard Shipping,6,Pending Payment,Pending Payment
100226,2026-05-22,Web Store,160738,Emma,Johnson,emma.johnson@example-shop.com,11000000891,"11956 Kiowa Avenue, Los Angeles, California 90049, United States",United States,USD,US-GA Atlanta Returns Center,Delta Keyboard S1,Electronics,87,3,261.0,26,20,26.1,239.24,Paid,Delivered,2026-05-25,NONE,Klarna,Standard Shipping,7,Paid,Paid
100227,2026-02-28,Android App,352572,John,Smith,john.smith@example-shop.com,11000000640,"1135 South Carmelina Avenue, Los Angeles, California 90049, United States",United States,USD,US-GA Atlanta Returns Center,Fjord NAS Enclosure Lite,Electronics,236,4,944.0,20,11,94.4,860.6,Failed,Delivered,2026-03-09,BUNDLE5,Klarna,Pickup Point,7,Out for Delivery,Out for Delivery
100228,2026-05-31,In-Store Kiosk,694916,Sophia,Moore,sophia.moore@example-shop.com,11000000305,"2282 Mandeville Canyon Road, Los Angeles, California 90049, United States",United States,USD,US-GA Atlanta Returns Center,Pioneer Label Printer Pro,Electronics,142,6,852.0,16,22,85.2,822.8800000000001,Paid,Delivered,2026-06-10,NONE,Gift Card,Standard Shipping,8,Awaiting Pickup,On Hold
100229,2026-02-26,In-Store Kiosk,182582,Emma,Johnson,emma.johnson@example-shop.com,11000000861,"417 North Kenter Avenue, Los Angeles, California 90049, United States",United States,USD,US-NJ Newark Fulfilment Center,Xenon Graphics Tablet S1,Electronics,726,6,4356.0,19,9,435.6,3972.96,Paid,Processing,2026-03-01,NONE,Credit Card,Standard Shipping,1,On Hold,On Hold
100230,2026-01-02,Android App,189814,Michael,Wilson,michael.wilson@example-shop.com,11000000654,"1401 Jonesboro Drive, Los Angeles, California 90049, United States",United States,USD,US-NJ Newark Fulfilment Center,Granite Conference Chair Lite,Furniture,346,3,1038.0,6,23,103.8,1102.52,Refunded,Processing,2026-01-04,BLACKWEEK40,Debit Card,Freight Delivery,2,Shipped,Out for Delivery
100231,2026-01-19,iOS App,867460,Charlotte,Jackson,charlotte.jackson@example-shop.com,11000000519,"751 Barrington Avenue, Los Angeles, California 90049, United States",United States,USD,US-NJ Newark Fulfilment Center,Aurora Scanner Plus,Electronics,621,4,2484.0,4,23,248.4,2656.04,Pending,Processing,2026-01-29,NONE,Credit Card,Next Day Delivery,1,Packed,Packed
100232,2026-06-11,Web Store,609597,Olivia,Davis,olivia.davis@example-shop.com,11000000623,"11737 Bellagio Road, Los Angeles, California 90049, United States",United States,USD,US-GA Atlanta Returns Center,Tundra Label Printer Pro,Electronics,342,5,1710.0,11,20,171.0,1712.9,Paid,Delivered,2026-06-13,NONE,Klarna,Standard Shipping,7,Pending Payment,Paid
100233,2026-01-16,iOS App,955662,Olivia,Davis,olivia.davis@example-shop.com,11000000203,"589 Moreno Avenue, Los Angeles, California 90049, United States",United States,USD,US-CA Ontario Distribution Hub,Quill Webcam 200,Electronics,215,4,860.0,24,12,86.0,751.6,Paid,Shipped,2026-01-19,NONE,Google Pay,Express Shipping,6,Packed,Packed
100234,2026-02-28,Phone Order,172574,James,Taylor,james.taylor@example-shop.com,11000000156,"901 North Bundy Drive, Los Angeles, California 90049, United States",United States,USD,US-NJ Newark Fulfilment Center,Umber Projector Max,Electronics,1433,1,1433.0,5,20,143.3,1524.65,Pending,Processing,2026-03-05,NONE,Debit Card,Next Day Delivery,2,Cancelled,Cancelled
100235,2026-01-18,Web Store,897549,David,Brown,david.brown@example-shop.com,11000000382,"2342 Canyonback Road, Los Angeles, California 90049, United States",United States,USD,US-TX Dallas Warehouse,Nova TV Stand Pro,Furniture,271,2,542.0,17,18,54.2,522.0600000000001,Paid,Packed,2026-01-22,NONE,Bank Transfer,Express Shipping,4,Paid,Paid
100236,2026-01-09,Web Store,658582,John,Smith,john.smith@example-shop.com,11000000780,"12670 Mountain Crest Lane, Los Angeles, California 90049, United States",United States,USD,US-TX Dallas Warehouse,Nova Headphones 200,Electronics,345,2,690.0,30,11,69.0,563.0,Paid,Packed,2026-01-17,NONE,Bank Transfer,Express Shipping,4,Paid,Paid
100237,2026-03-26,Social Commerce,903035,Sophia,Moore,sophia.moore@example-shop.com,11000000165,"11930 Currituck Drive, Los Angeles, California 90049, United States",United States,USD,US-TX Dallas Warehouse,Delta Cabinet Pro,Furniture,303,1,303.0,24,8,30.3,268.58,Pending,Packed,2026-04-04,SPRING15,Bank Transfer,Same Day Delivery,4,Refunded,Refunded
100238,2026-01-19,Marketplace,231869,David,Brown,david.brown@example-shop.com,11000000552,"1546 South Centinela Avenue, Los Angeles, California 90025, United States",United States,USD,US-IL Joliet Fulfilment Center,Willow Side Table Pro,Furniture,146,3,438.0,29,8,43.8,362.78,Refunded,Cancelled,2026-01-28,LOYALTY10,Cash on Delivery,In-Store Pickup,9,Delivered,Delivered
100239,2026-05-12,In-Store Kiosk,234628,James,Taylor,james.taylor@example-shop.com,11000000976,"204 South Chadbourne Avenue, Los Angeles, California 90049, United States",United States,USD,US-GA Atlanta Returns Center,Slate Power Bank 100,Electronics,61,1,61.0,16,18,6.1000000000000005,75.34,Paid,Delivered,2026-05-17,NONE,Gift Card,Express Shipping,8,Awaiting Pickup,On Hold
100240,2026-03-02,Web Store,791798,Ava,Anderson,ava.anderson@example-shop.com,11000000797,"1103 South Westgate Avenue, Los Angeles, California 90049, United States",United States,USD,US-TX Dallas Warehouse,Xenon Standing Desk S2,Furniture,1053,5,5265.0,29,16,526.5,4280.65,Pending,Packed,2026-03-10,SPRING15,PayPal,Same Day Delivery,3,Paid,Paid
100241,2026-03-13,In-Store Kiosk,598369,Michael,Wilson,michael.wilson@example-shop.com,11000000944,"1136 North Kenter Avenue, Los Angeles, California 90049, United States",United States,USD,US-GA Atlanta Returns Center,Vertex Chair Max,Furniture,344,5,1720.0,0,18,172.0,1910.0,Paid,Delivered,2026-03-15,NONE,Klarna,Standard Shipping,7,On Hold,On Hold
100242,2026-06-21,Phone Order,676510,Olivia,Davis,olivia.davis@example-shop.com,11000000543,"672 North Firth Avenue, Los Angeles, California 90049, United States",United States,USD,US-TX Dallas Warehouse,Maple Footrest 200,Furniture,119,2,238.0,19,18,23.8,234.58,Paid,Packed,2026-06-25,NONE,PayPal,Express Shipping,3,Delivered,Delivered
100243,2026-05-05,In-Store Kiosk,273148,John,Smith,john.smith@example-shop.com,11000000940,"12300 Wilshire Boulevard, Los Angeles, California 90025, United States",United States,USD,US-CA Ontario Distribution Hub,Beacon UPS Battery X,Electronics,774,5,3870.0,10,19,387.0,3889.0,Refunded,Shipped,2026-05-13,NEWSLETTER5,Apple Pay,In-Store Pickup,5,On Hold,On Hold
100244,2026-02-24,iOS App,377932,John,Smith,john.smith@example-shop.com,11000000000,"12146 Travis Street, Los Angeles, California 90049, United States",United States,USD,US-GA Atlanta Returns Center,Harbor Bar Stool 200,Furniture,102,2,204.0,15,6,20.4,199.8,Failed,Delivered,2026-02-26,BUNDLE5,Gift Card,Pickup Point,8,Processing,Processing
100245,2026-05-19,iOS App,653306,Olivia,Davis,olivia.davis@example-shop.com,11000000613,"310 South Canyon View Drive, Los Angeles, California 90049, United States",United States,USD,US-TX Dallas Warehouse,Delta Projector S2,Electronics,401,1,401.0,0,25,40.1,466.1,Failed,Packed,2026-05-27,FREESHIP,Bank Transfer,Economy Shipping,4,Processing,Processing
100246,2026-02-03,Social Commerce,736059,Emma,Johnson,emma.johnson@example-shop.com,11000000331,"1430 Amherst Avenue, Los Angeles, California 90025, United States",United States,USD,US-NJ Newark Fulfilment Center,Tundra Bench Lite,Furniture,262,1,262.0,3,25,26.200000000000003,305.34,Pending,Processing,2026-02-09,WELCOME10,Debit Card,Same Day Delivery,2,Returned,Returned
100247,2026-05-27,Marketplace,543692,John,Smith,john.smith@example-shop.com,11000000500,"633 South Bundy Drive, Los Angeles, California 90049, United States",United States,USD,US-GA Atlanta Returns Center,Juniper Wireless Presenter 200,Electronics,57,6,342.0,29,8,34.2,285.02,Failed,Delivered,2026-06-05,BUNDLE5,Gift Card,Pickup Point,8,Delivered,Delivered
100248,2026-05-28,Phone Order,322086,Charlotte,Jackson,charlotte.jackson@example-shop.com,11000000019,"374 Homewood Road, Los Angeles, California 90049, United States",United States,USD,US-IL Joliet Fulfilment Center,Quartz Console Table Max,Furniture,435,6,2610.0,11,6,261.0,2589.9,Pending,Cancelled,2026-06-03,SPRING15,Cash on Delivery,Same Day Delivery,9,Delivered,Delivered
100249,2026-05-02,iOS App,665492,Michael,Wilson,michael.wilson@example-shop.com,11000000114,"2138 Banyan Drive, Los Angeles, California 90049, United States",United States,USD,US-NJ Newark Fulfilment Center,Larch USB Hub Plus,Electronics,28,1,28.0,28,17,2.8000000000000003,39.96,Failed,Processing,2026-05-10,FREESHIP,Debit Card,Economy Shipping,2,Processing,Processing
100250,2026-03-04,Android App,891952,Emma,Johnson,emma.johnson@example-shop.com,11000000951,"12221 Dorothy Street, Los Angeles, California 90049, United States",United States,USD,US-NJ Newark Fulfilment Center,Kestrel Meeting Table Pro,Furniture,1202,2,2404.0,26,15,240.4,2034.36,Refunded,Processing,2026-03-14,LOYALTY10,Credit Card,In-Store Pickup,1,Shipped,Shipped
100251,2026-05-02,Phone Order,865388,Emma,Johnson,emma.johnson@example-shop.com,11000000371,"3815 Mandeville Canyon Road, Los Angeles, California 90049, United States",United States,USD,US-IL Joliet Fulfilment Center,Granite NAS Enclosure 300,Electronics,320,1,320.0,25,8,32.0,280.0,Pending,Cancelled,2026-05-11,NONE,Cash on Delivery,Next Day Delivery,9,Delivered,Delivered
100252,2026-04-15,In-Store Kiosk,823378,Charlotte,Jackson,charlotte.jackson@example-shop.com,11000000899,"123 South Anita Avenue, Los Angeles, California 90049, United States",United States,USD,US-NJ Newark Fulfilment Center,Lumen Dresser X,Furniture,597,1,597.0,9,12,59.7,614.97,Failed,Processing,2026-04-19,VIP20,Credit Card,Economy Shipping,1,Awaiting Pickup,Awaiting Pickup
100253,2026-02-18,Phone Order,310922,Emma,Johnson,emma.johnson@example-shop.com,11000000851,"444 North Kenter Avenue, Los Angeles, California 90049, United States",United States,USD,US-NJ Newark Fulfilment Center,Ridge Dresser Plus,Furniture,768,3,2304.0,7,11,230.4,2384.12,Refunded,Processing,2026-02-23,CLEARANCE30,Debit Card,Freight Delivery,2,Cancelled,Cancelled
100254,2026-01-25,Marketplace,847581,James,Taylor,james.taylor@example-shop.com,11000000826,"2092 Mandeville Canyon Road, Los Angeles, California 90049, United States",United States,USD,US-TX Dallas Warehouse,Ridge Monitor Stand Lite,Furniture,32,1,32.0,1,11,3.2,45.88,Failed,Packed,2026-01-31,BUNDLE5,Bank Transfer,Pickup Point,4,Delivered,Delivered
100255,2026-01-25,iOS App,426858,Michael,Wilson,michael.wilson@example-shop.com,11000000314,"11836 Dorothy Street, Los Angeles, California 90049, United States",United States,USD,US-TX Dallas Warehouse,Cobalt Smartphone X,Electronics,654,5,3270.0,7,22,327.0,3390.1,Paid,Packed,2026-01-30,NONE,PayPal,Express Shipping,3,Packed,Packed
100256,2026-06-18,Phone Order,518373,Sophia,Moore,sophia.moore@example-shop.com,11000000245,"928 Bundy Drive, Los Angeles, California 90049, United States",United States,USD,US-GA Atlanta Returns Center,Atlas Cabinet X,Furniture,566,2,1132.0,28,19,113.2,947.24,Paid,Delivered,2026-06-20,NONE,Klarna,Standard Shipping,7,Delivered,Delivered
100257,2026-04-21,In-Store Kiosk,804314,Charlotte,Jackson,charlotte.jackson@example-shop.com,11000000059,"879 South Bundy Drive, Los Angeles, California 90049, United States",United States,USD,US-GA Atlanta Returns Center,Willow SSD Drive Max,Electronics,282,3,846.0,18,9,84.60000000000001,787.32,Refunded,Delivered,2026-05-01,CLEARANCE30,Gift Card,Freight Delivery,8,On Hold,On Hold
100258,2026-04-01,Social Commerce,781446,James,Taylor,james.taylor@example-shop.com,11000000246,"2091 Deer Run Lane, Los Angeles, California 90049, United States",United States,USD,US-GA Atlanta Returns Center,Ember Chair S1,Furniture,488,6,2928.0,30,18,292.8,2360.4,Paid,Delivered,2026-04-03,NONE,Gift Card,Express Shipping,8,Refunded,Refunded
100259,2026-04-19,Social Commerce,491559,Charlotte,Jackson,charlotte.jackson@example-shop.com,11000000899,"11690 Montana Avenue, Los Angeles, California 90049, United States",United States,USD,US-TX Dallas Warehouse,Maple USB Hub X,Electronics,37,4,148.0,2,10,14.8,169.84,Paid,Packed,2026-04-26,NONE,Bank Transfer,Express Shipping,4,Refunded,Refunded
100260,2026-04-16,iOS App,559381,John,Smith,john.smith@example-shop.com,11000000580,"1751 North Old Ranch Road, Los Angeles, California 90049, United States",United States,USD,US-GA Atlanta Returns Center,Pioneer Speaker X,Electronics,445,2,890.0,2,13,89.0,974.2,Pending,Delivered,2026-04-18,WELCOME10,Klarna,Same Day Delivery,7,Packed,Packed
100261,2026-04-30,Social Commerce,642717,Charlotte,Jackson,charlotte.jackson@example-shop.com,11000000969,"2110 Mandeville Canyon Road, Los Angeles, California 90049, United States",United States,USD,US-NJ Newark Fulfilment Center,Basalt Recliner Plus,Furniture,975,5,4875.0,23,19,487.5,4260.25,Failed,Processing,2026-05-02,FREESHIP,Credit Card,Economy Shipping,1,Refunded,Refunded
100262,2026-01-14,Android App,573417,John,Smith,john.smith@example-shop.com,11000000080,"11328 Joffre Street, Los Angeles, California 90049, United States",United States,USD,US-TX Dallas Warehouse,Basalt Footrest Max,Furniture,56,2,112.0,15,12,11.2,118.4,Pending,Packed,2026-01-23,NONE,PayPal,Next Day Delivery,3,Shipped,Shipped
100263,2026-06-22,Marketplace,226882,Ava,Anderson,ava.anderson@example-shop.com,11000000087,"13674 Bayliss Road, Los Angeles, California 90049, United States",United States,USD,US-GA Atlanta Returns Center,Slate Tablet Max,Electronics,1078,6,6468.0,26,7,646.8000000000001,5440.12,Failed,Delivered,2026-07-02,FLASH25,Klarna,Pickup Point,7,Delivered,Delivered
100264,2026-06-17,Social Commerce,359947,Charlotte,Jackson,charlotte.jackson@example-shop.com,11000000749,"11400 Vandergrift Avenue, Los Angeles, California 90073, United States",United States,USD,US-NJ Newark Fulfilment Center,Maple Laptop 100,Electronics,1010,5,5050.0,2,19,505.0,5473.0,Paid,Processing,2026-06-27,NONE,Credit Card,Express Shipping,1,Returned,Returned
100265,2026-06-15,Social Commerce,335612,Ava,Anderson,ava.anderson@example-shop.com,11000000497,"1221 North Norman Place, Los Angeles, California 90049, United States",United States,USD,US-GA Atlanta Returns Center,Atlas Keyboard 100,Electronics,73,5,365.0,24,22,36.5,335.9,Pending,Delivered,2026-06-19,SPRING15,Klarna,Same Day Delivery,7,Returned,Returned
100266,2026-01-26,Android App,167136,Sophia,Moore,sophia.moore@example-shop.com,11000000835,"12416 Santa Monica Boulevard, Los Angeles, California 90025, United States",United States,USD,US-CA Ontario Distribution Hub,Umber Wardrobe X,Furniture,869,4,3476.0,17,8,347.6,3240.68,Failed,Shipped,2026-01-28,FLASH25,Apple Pay,Pickup Point,5,Out for Delivery,Out for Delivery
100267,2026-01-16,Marketplace,454508,John,Smith,john.smith@example-shop.com,11000000070,"1085 Acanto Place, Los Angeles, California 90049, United States",United States,USD,US-GA Atlanta Returns Center,Basalt Drawer Unit Lite,Furniture,250,2,500.0,24,6,50.0,436.0,Failed,Delivered,2026-01-26,VIP20,Gift Card,Economy Shipping,8,Delivered,Delivered
100268,2026-04-14,Phone Order,122056,Daniel,Thomas,daniel.thomas@example-shop.com,11000000778,"958 Granville Avenue, Los Angeles, California 90049, United States",United States,USD,US-CA Ontario Distribution Hub,Yarrow Docking Station Pro,Electronics,129,4,516.0,4,25,51.6,571.96,Pending,Shipped,2026-04-17,NONE,Apple Pay,Next Day Delivery,5,Delivered,Delivered
100269,2026-03-28,Marketplace,716886,Sophia,Moore,sophia.moore@example-shop.com,11000000545,"814 Wellesley Avenue, Los Angeles, California 90049, United States",United States,USD,US-GA Atlanta Returns Center,Ridge Speaker Max,Electronics,282,4,1128.0,4,22,112.8,1217.68,Refunded,Delivered,2026-04-01,CLEARANCE30,Klarna,Freight Delivery,7,Delivered,Delivered
100270,2026-01-28,Web Store,680828,Michael,Wilson,michael.wilson@example-shop.com,11000000784,"11996 West Darlington Avenue, Los Angeles, California 90049, United States",United States,USD,US-IL Joliet Fulfilment Center,Umber SSD Drive S1,Electronics,337,2,674.0,21,5,67.4,604.86,Failed,Cancelled,2026-01-31,VIP20,Cash on Delivery,Economy Shipping,9,Paid,Paid
100271,2026-03-05,iOS App,341292,Daniel,Thomas,daniel.thomas@example-shop.com,11000000128,"1600 North Old Ranch Road, Los Angeles, California 90049, United States",United States,USD,US-GA Atlanta Returns Center,Atlas Projector Plus,Electronics,1567,1,1567.0,15,7,156.70000000000002,1495.65,Paid,Delivered,2026-03-08,NONE,Gift Card,Standard Shipping,8,Packed,Packed
100272,2026-02-19,iOS App,717024,Emma,Johnson,emma.johnson@example-shop.com,11000000131,"12655 Promontory Road, Los Angeles, California 90049, United States",United States,USD,US-TX Dallas Warehouse,Maple Dresser Max,Furniture,654,1,654.0,30,12,65.4,535.2,Failed,Packed,2026-02-24,VIP20,PayPal,Economy Shipping,3,Packed,Packed
100273,2026-02-18,Web Store,330914,Sophia,Moore,sophia.moore@example-shop.com,11000000675,"2331 Worthing Lane, Los Angeles, California 90077, United States",United States,USD,US-TX Dallas Warehouse,Atlas Graphics Card Pro,Electronics,391,6,2346.0,17,10,234.6,2191.78,Paid,Packed,2026-02-26,NONE,Bank Transfer,Express Shipping,4,Paid,Paid
100274,2026-05-18,Android App,107540,James,Taylor,james.taylor@example-shop.com,11000000486,"1204 Chickory Lane, Los Angeles, California 90049, United States",United States,USD,US-CA Ontario Distribution Hub,Orion Wardrobe X,Furniture,540,4,2160.0,5,18,216.0,2286.0,Pending,Shipped,2026-05-21,NONE,Apple Pay,Next Day Delivery,5,Out for Delivery,Out for Delivery
100275,2026-04-25,Web Store,174441,Charlotte,Jackson,charlotte.jackson@example-shop.com,11000000969,"1759 Old Ranch Road, Los Angeles, California 90049, United States",United States,USD,US-TX Dallas Warehouse,Onyx Footrest 200,Furniture,162,3,486.0,8,20,48.6,515.72,Failed,Packed,2026-04-30,FREESHIP,Bank Transfer,Economy Shipping,4,Pending Payment,Pending Payment
100276,2026-02-05,Phone Order,842225,David,Brown,david.brown@example-shop.com,11000000562,"110 South Bowling Green Way, Los Angeles, California 90049, United States",United States,USD,US-NJ Newark Fulfilment Center,Ember Wardrobe Plus,Furniture,1363,4,5452.0,16,20,545.2,5144.88,Paid,Processing,2026-02-07,NONE,Credit Card,Express Shipping,1,Cancelled,Cancelled
100277,2026-04-19,Phone Order,761759,Charlotte,Jackson,charlotte.jackson@example-shop.com,11000000169,"12224 Gorham Avenue, Los Angeles, California 90049, United States",United States,USD,US-IL Joliet Fulfilment Center,Cobalt Laptop 100,Electronics,917,4,3668.0,27,11,366.8,3055.44,Paid,Cancelled,2026-04-22,NONE,Store Credit,Express Shipping,10,Delivered,Delivered
100278,2026-02-16,iOS App,161733,Emma,Johnson,emma.johnson@example-shop.com,11000000271,"1360 Jonesboro Drive, Los Angeles, California 90049, United States",United States,USD,US-IL Joliet Fulfilment Center,Kestrel Bookshelf Plus,Furniture,413,4,1652.0,19,17,165.20000000000002,1520.32,Pending,Cancelled,2026-02-24,NONE,Cash on Delivery,Next Day Delivery,9,Packed,Packed
100279,2026-03-13,Phone Order,340062,John,Smith,john.smith@example-shop.com,11000000540,"15341 Mulholland Drive, Los Angeles, California 90077, United States",United States,USD,US-NJ Newark Fulfilment Center,Zephyr NAS Enclosure 200,Electronics,1126,6,6756.0,13,6,675.6,6559.320000000001,Failed,Processing,2026-03-23,FREESHIP,Credit Card,Economy Shipping,1,Cancelled,Cancelled
100280,2026-04-29,iOS App,170674,Olivia,Davis,olivia.davis@example-shop.com,11000000893,"13171 Boca De Canon Lane, Los Angeles, California 90049, United States",United States,USD,US-CA Ontario Distribution Hub,Fjord Desk S2,Furniture,531,1,531.0,30,10,53.1,434.8,Failed,Shipped,2026-05-06,VIP20,Google Pay,Economy Shipping,6,Packed,Packed
100281,2026-03-05,Web Store,132938,Emma,Johnson,emma.johnson@example-shop.com,11000000621,"13258 West Chalon Road, Los Angeles, California 90049, United States",United States,USD,US-NJ Newark Fulfilment Center,Harbor Graphics Card S1,Electronics,1435,6,8610.0,6,17,861.0,8971.4,Pending,Processing,2026-03-11,WELCOME10,Credit Card,Same Day Delivery,1,Pending Payment,Paid
100282,2026-01-20,Web Store,446479,Olivia,Davis,olivia.davis@example-shop.com,11000000433,"12188 West Sunset Boulevard, Los Angeles, California 90049, United States",United States,USD,US-NJ Newark Fulfilment Center,Granite Filing Cabinet Lite,Furniture,373,6,2238.0,29,5,223.8,1817.78,Failed,Processing,2026-01-25,BUNDLE5,Credit Card,Pickup Point,1,Paid,Paid
100283,2026-04-24,Social Commerce,174299,Ava,Anderson,ava.anderson@example-shop.com,11000000987,"11932 San Vicente Boulevard, Los Angeles, California 90049, United States",United States,USD,US-IL Joliet Fulfilment Center,Lumen Cabinet 200,Furniture,810,6,4860.0,17,17,486.0,4536.8,Pending,Cancelled,2026-05-01,WELCOME10,Store Credit,Same Day Delivery,10,Refunded,Refunded
100284,2026-05-21,Social Commerce,639131,James,Taylor,james.taylor@example-shop.com,11000000216,"11715 Chenault Street, Los Angeles, California 90049, United States",United States,USD,US-GA Atlanta Returns Center,Helio Barcode Scanner 200,Electronics,268,1,268.0,24,13,26.8,243.48,Failed,Delivered,2026-05-26,FREESHIP,Gift Card,Economy Shipping,8,Returned,Returned
100285,2026-01-26,Web Store,349565,Emma,Johnson,emma.johnson@example-shop.com,11000000951,"11980 Foxboro Drive, Los Angeles, California 90049, United States",United States,USD,US-IL Joliet Fulfilment Center,Larch Whiteboard S2,Furniture,125,1,125.0,23,19,12.5,127.75,Refunded,Cancelled,2026-02-01,BLACKWEEK40,Cash on Delivery,Freight Delivery,9,Pending Payment,Pending Payment
100286,2026-01-13,iOS App,392004,David,Brown,david.brown@example-shop.com,11000000552,"1800 North Westridge Road, Los Angeles, California 90049, United States",United States,USD,US-IL Joliet Fulfilment Center,Willow Meeting Table 100,Furniture,1083,4,4332.0,22,14,433.2000000000001,3826.16,Failed,Cancelled,2026-01-21,FREESHIP,Cash on Delivery,Economy Shipping,9,Packed,Packed
100287,2026-06-16,Web Store,801474,Olivia,Davis,olivia.davis@example-shop.com,11000000773,"1899 North Westridge Road, Los Angeles, California 90049, United States",United States,USD,US-TX Dallas Warehouse,Basalt Printer 300,Electronics,90,6,540.0,6,18,54.0,579.6,Paid,Packed,2026-06-20,NONE,PayPal,Standard Shipping,3,Paid,Paid
100288,2026-05-19,Web Store,608993,Ava,Anderson,ava.anderson@example-shop.com,11000000747,"267 South Barrington Avenue, Los Angeles, California 90049, United States",United States,USD,US-NJ Newark Fulfilment Center,Orion Projector Plus,Electronics,1552,3,4656.0,22,22,465.6,4119.280000000001,Paid,Processing,2026-05-25,NONE,Credit Card,Express Shipping,1,Pending Payment,Pending Payment
100289,2026-01-04,In-Store Kiosk,324643,James,Taylor,james.taylor@example-shop.com,11000000706,"120 South Medio Drive, Los Angeles, California 90049, United States",United States,USD,US-IL Joliet Fulfilment Center,Xenon Bookshelf Plus,Furniture,304,1,304.0,9,20,30.4,327.04,Refunded,Cancelled,2026-01-13,NEWSLETTER5,Cash on Delivery,In-Store Pickup,9,Awaiting Pickup,Awaiting Pickup
100290,2026-01-24,Android App,665427,Sophia,Moore,sophia.moore@example-shop.com,11000000205,"12614 Promontory Road, Los Angeles, California 90049, United States",United States,USD,US-NJ Newark Fulfilment Center,Larch Scanner 300,Electronics,231,2,462.0,12,9,46.2,461.76,Failed,Processing,2026-01-31,FREESHIP,Debit Card,Economy Shipping,2,Out for Delivery,Out for Delivery
100291,2026-03-02,Web Store,238739,John,Smith,john.smith@example-shop.com,11000000730,"206 South Canyon View Drive, Los Angeles, California 90049, United States",United States,USD,US-TX Dallas Warehouse,Nimbus Reception Desk Plus,Furniture,1921,2,3842.0,21,11,384.2000000000001,3430.38,Paid,Packed,2026-03-05,NONE,PayPal,Standard Shipping,3,Paid,Paid
100292,2026-02-12,Phone Order,858490,Charlotte,Jackson,charlotte.jackson@example-shop.com,11000000319,"141 South Carmelina Avenue, Los Angeles, California 90049, United States",United States,USD,US-NJ Newark Fulfilment Center,Xenon Shoe Rack Lite,Furniture,39,2,78.0,20,14,7.800000000000001,84.2,Paid,Processing,2026-02-14,NONE,Debit Card,Standard Shipping,2,Delivered,Delivered
100293,2026-04-15,iOS App,698782,Daniel,Thomas,daniel.thomas@example-shop.com,11000000408,"304 South Cliffwood Avenue, Los Angeles, California 90049, United States",United States,USD,US-IL Joliet Fulfilment Center,Cedar Storage Cube Lite,Furniture,96,5,480.0,11,11,48.0,486.2,Failed,Cancelled,2026-04-24,BUNDLE5,Store Credit,Pickup Point,10,Packed,Packed
100294,2026-05-05,Android App,704201,Ava,Anderson,ava.anderson@example-shop.com,11000000687,"12422 Deerbrook Lane, Los Angeles, California 90049, United States",United States,USD,US-NJ Newark Fulfilment Center,Verdant Smartwatch 100,Electronics,615,4,2460.0,14,6,246.0,2367.6,Pending,Processing,2026-05-08,NONE,Debit Card,Next Day Delivery,2,Shipped,Shipped
100295,2026-05-04,Social Commerce,595631,Sophia,Moore,sophia.moore@example-shop.com,11000000665,"11718 Chenault Street, Los Angeles, California 90049, United States",United States,USD,US-TX Dallas Warehouse,Orion USB Hub 200,Electronics,90,2,180.0,28,23,18.0,170.6,Failed,Packed,2026-05-07,FREESHIP,Bank Transfer,Economy Shipping,4,Returned,Returned
100296,2026-02-24,Marketplace,354801,David,Brown,david.brown@example-shop.com,11000000382,"144 North Bristol Avenue, Los Angeles, California 90049, United States",United States,USD,US-GA Atlanta Returns Center,Basalt Coffee Table S2,Furniture,249,4,996.0,16,22,99.6,958.24,Pending,Delivered,2026-03-06,NONE,Klarna,Next Day Delivery,7,Delivered,Delivered
100297,2026-04-13,iOS App,922733,Daniel,Thomas,daniel.thomas@example-shop.com,11000000448,"455 North Bundy Drive, Los Angeles, California 90049, United States",United States,USD,US-NJ Newark Fulfilment Center,Cedar Scanner X,Electronics,392,2,784.0,14,6,78.4,758.64,Refunded,Processing,2026-04-18,CLEARANCE30,Debit Card,Freight Delivery,2,Packed,Packed
100298,2026-01-16,Phone Order,595948,Emma,Johnson,emma.johnson@example-shop.com,11000000921,"1105 North Bundy Drive, Los Angeles, California 90049, United States",United States,USD,US-IL Joliet Fulfilment Center,Larch Conference Camera Max,Electronics,1277,3,3831.0,3,15,383.1,4114.17,Refunded,Cancelled,2026-01-26,NEWSLETTER5,Store Credit,In-Store Pickup,10,Delivered,Delivered
100299,2026-02-12,iOS App,946721,Charlotte,Jackson,charlotte.jackson@example-shop.com,11000000529,"12142 West Sunset Boulevard, Los Angeles, California 90049, United States",United States,USD,US-TX Dallas Warehouse,Helio Keyboard 300,Electronics,39,4,156.0,7,6,15.6,166.68,Paid,Packed,2026-02-18,NONE,Bank Transfer,Standard Shipping,4,Processing,Processing
100300,2026-04-08,Social Commerce,526833,David,Brown,david.brown@example-shop.com,11000000462,"12408 West Sunset Boulevard, Los Angeles, California 90049, United States",United States,USD,US-IL Joliet Fulfilment Center,Atlas Printer Max,Electronics,669,2,1338.0,7,6,133.8,1384.14,Paid,Cancelled,2026-04-12,NONE,Store Credit,Express Shipping,10,Refunded,Refunded
100301,2026-01-01,Phone Order,299659,Olivia,Davis,olivia.davis@example-shop.com,11000000123,"2103 Queensferry Road, Los Angeles, California 90049, United States",United States,USD,US-IL Joliet Fulfilment Center,Pioneer Drawer Unit Lite,Furniture,298,1,298.0,2,23,29.8,344.84000000000003,Paid,Cancelled,2026-01-08,NONE,Store Credit,Express Shipping,10,Cancelled,Cancelled
100302,2026-04-10,Phone Order,198907,Olivia,Davis,olivia.davis@example-shop.com,11000000253,"150 North Carmelina Avenue, Los Angeles, California 90049, United States",United States,USD,US-NJ Newark Fulfilment Center,Cedar Conference Chair 100,Furniture,185,4,740.0,10,20,74.0,760.0,Pending,Processing,2026-04-13,NONE,Credit Card,Next Day Delivery,1,Cancelled,Delivered
100303,2026-03-09,Marketplace,201639,John,Smith,john.smith@example-shop.com,11000000230,"11937 Wilshire Boulevard, Los Angeles, California 90025, United States",United States,USD,US-IL Joliet Fulfilment Center,Harbor Conference Camera Lite,Electronics,248,5,1240.0,0,21,124.0,1385.0,Paid,Cancelled,2026-03-14,NONE,Store Credit,Standard Shipping,10,Delivered,Delivered
100304,2026-04-27,iOS App,790993,Sophia,Moore,sophia.moore@example-shop.com,11000000065,"163 North Bowling Green Way, Los Angeles, California 90049, United States",United States,USD,US-NJ Newark Fulfilment Center,Summit Footrest Pro,Furniture,114,1,114.0,18,21,11.4,125.88,Failed,Processing,2026-05-04,FLASH25,Debit Card,Pickup Point,2,Packed,Packed
100305,2026-03-15,In-Store Kiosk,551989,James,Taylor,james.taylor@example-shop.com,11000000346,"12058 Coyne Street, Los Angeles, California 90049, United States",United States,USD,US-GA Atlanta Returns Center,Meridian Bench S1,Furniture,304,1,304.0,17,10,30.4,292.72,Pending,Delivered,2026-03-21,NONE,Klarna,Next Day Delivery,7,On Hold,Awaiting Pickup
100306,2026-04-19,Marketplace,471507,Emma,Johnson,emma.johnson@example-shop.com,11000000021,"11925 Currituck Drive, Los Angeles, California 90049, United States",United States,USD,US-IL Joliet Fulfilment Center,Orion Dresser S2,Furniture,781,6,4686.0,7,6,468.6,4832.58,Refunded,Cancelled,2026-04-23,NEWSLETTER5,Store Credit,In-Store Pickup,10,Delivered,Delivered
100307,2026-06-28,In-Store Kiosk,544154,David,Brown,david.brown@example-shop.com,11000000602,"2402 Nalin Drive, Los Angeles, California 90077, United States",United States,USD,US-IL Joliet Fulfilment Center,Willow Sofa S2,Furniture,572,5,2860.0,18,21,286.0,2652.2,Pending,Cancelled,2026-07-07,NONE,Store Credit,Next Day Delivery,10,On Hold,On Hold
100308,2026-05-23,Marketplace,531071,Ava,Anderson,ava.anderson@example-shop.com,11000000567,"868 North Norman Place, Los Angeles, California 90049, United States",United States,USD,US-IL Joliet Fulfilment Center,Nova Network Switch 300,Electronics,246,1,246.0,7,7,24.6,260.38,Paid,Cancelled,2026-06-02,NONE,Cash on Delivery,Standard Shipping,9,Delivered,Delivered
100309,2026-06-19,iOS App,589710,Sophia,Moore,sophia.moore@example-shop.com,11000000235,"3044 Elvill Drive, Los Angeles, California 90049, United States",United States,USD,US-CA Ontario Distribution Hub,Indigo Sofa Pro,Furniture,1873,1,1873.0,0,10,187.3,2070.3,Failed,Shipped,2026-06-25,VIP20,Google Pay,Economy Shipping,6,Packed,Packed
100310,2026-05-05,Web Store,864491,David,Brown,david.brown@example-shop.com,11000000602,"15400 Milldale Drive, Los Angeles, California 90077, United States",United States,USD,US-CA Ontario Distribution Hub,Pioneer Cabinet X,Furniture,544,2,1088.0,2,7,108.8,1182.04,Failed,Shipped,2026-05-15,FLASH25,Apple Pay,Pickup Point,5,Paid,Paid
100311,2026-02-09,Web Store,156802,Sophia,Moore,sophia.moore@example-shop.com,11000000225,"12323 Deerbrook Lane, Los Angeles, California 90049, United States",United States,USD,US-TX Dallas Warehouse,Lumen Barcode Scanner Max,Electronics,433,2,866.0,22,24,86.60000000000001,786.08,Paid,Packed,2026-02-11,NONE,Bank Transfer,Standard Shipping,4,Paid,Paid
100312,2026-02-18,Social Commerce,806073,Ava,Anderson,ava.anderson@example-shop.com,11000000007,"1269 North Norman Place, Los Angeles, California 90049, United States",United States,USD,US-CA Ontario Distribution Hub,Atlas Headphones Plus,Electronics,253,4,1012.0,20,7,101.2,917.8,Failed,Shipped,2026-02-28,FLASH25,Google Pay,Pickup Point,6,Returned,Returned
100313,2026-03-17,Marketplace,785197,David,Brown,david.brown@example-shop.com,11000000072,"11672 1/2 Montana Avenue, Los Angeles, California 90049, United States",United States,USD,US-TX Dallas Warehouse,Orion Monitor Plus,Electronics,581,4,2324.0,1,12,232.4,2545.1600000000003,Pending,Packed,2026-03-23,WELCOME10,Bank Transfer,Same Day Delivery,4,Delivered,Delivered
100314,2026-02-25,Android App,777568,Michael,Wilson,michael.wilson@example-shop.com,11000000724,"1794 Mandeville Canyon Road, Los Angeles, California 90049, United States",United States,USD,US-CA Ontario Distribution Hub,Vertex USB Hub Plus,Electronics,61,4,244.0,7,17,24.4,268.32,Pending,Shipped,2026-02-28,SPRING15,Apple Pay,Same Day Delivery,5,Out for Delivery,Out for Delivery
100315,2026-01-15,Marketplace,203198,James,Taylor,james.taylor@example-shop.com,11000000646,"15531 Aqua Verde Drive, Los Angeles, California 90077, United States",United States,USD,US-GA Atlanta Returns Center,Pioneer Side Table Pro,Furniture,160,2,320.0,2,8,32.0,353.6,Paid,Delivered,2026-01-19,NONE,Klarna,Express Shipping,7,Delivered,Delivered
100316,2026-05-29,Marketplace,163556,John,Smith,john.smith@example-shop.com,11000000060,"1241 South Bundy Drive, Los Angeles, California 90025, United States",United States,USD,US-TX Dallas Warehouse,Umber Laptop Max,Electronics,2033,4,8132.0,28,23,813.2,6691.24,Failed,Packed,2026-06-04,FLASH25,PayPal,Pickup Point,3,Delivered,Delivered
100317,2026-05-19,Marketplace,522179,Michael,Wilson,michael.wilson@example-shop.com,11000000234,"2446 Nalin Drive, Los Angeles, California 90077, United States",United States,USD,US-CA Ontario Distribution Hub,Kestrel Docking Station Max,Electronics,320,1,320.0,1,12,32.0,360.8,Refunded,Shipped,2026-05-22,NEWSLETTER5,Apple Pay,In-Store Pickup,5,Delivered,Delivered
100318,2026-01-16,In-Store Kiosk,863587,Charlotte,Jackson,charlotte.jackson@example-shop.com,11000000069,"152 South Medio Drive, Los Angeles, California 90049, United States",United States,USD,US-GA Atlanta Returns Center,Meridian Office Lamp S2,Furniture,93,2,186.0,27,23,18.6,177.38,Pending,Delivered,2026-01-19,NONE,Gift Card,Next Day Delivery,8,Awaiting Pickup,On Hold
100319,2026-03-22,Social Commerce,455784,Ava,Anderson,ava.anderson@example-shop.com,11000000927,"2547 Pesquera Drive, Los Angeles, California 90049, United States",United States,USD,US-CA Ontario Distribution Hub,Delta Standing Desk Pro,Furniture,1486,4,5944.0,10,24,594.4,5968.0,Pending,Shipped,2026-04-01,SPRING15,Google Pay,Same Day Delivery,6,Refunded,Returned
100320,2026-01-15,Web Store,939482,David,Brown,david.brown@example-shop.com,11000000032,"1250 Wellesley Avenue, Los Angeles, California 90025, United States",United States,USD,US-NJ Newark Fulfilment Center,Atlas Wireless Presenter Max,Electronics,79,1,79.0,2,6,7.9,91.32,Pending,Processing,2026-01-19,NONE,Debit Card,Next Day Delivery,2,Pending Payment,Pending Payment
100321,2026-01-13,Social Commerce,214576,John,Smith,john.smith@example-shop.com,11000000880,"12104 Sunset Boulevard, Los Angeles, California 90049, United States",United States,USD,US-NJ Newark Fulfilment Center,Rowan TV Stand 200,Furniture,365,4,1460.0,16,24,146.0,1396.4,Pending,Processing,2026-01-19,NONE,Credit Card,Next Day Delivery,1,Returned,Returned
100322,2026-05-30,Social Commerce,360735,Daniel,Thomas,daniel.thomas@example-shop.com,11000000338,"415 North Carmelina Avenue, Los Angeles, California 90049, United States",United States,USD,US-GA Atlanta Returns Center,Helio Laptop 300,Electronics,2386,3,7158.0,7,7,715.8000000000001,7379.74,Refunded,Delivered,2026-06-05,NEWSLETTER5,Gift Card,In-Store Pickup,8,Returned,Returned
100323,2026-05-03,Social Commerce,300896,David,Brown,david.brown@example-shop.com,11000000072,"224 South Anita Avenue, Los Angeles, California 90049, United States",United States,USD,US-IL Joliet Fulfilment Center,Nimbus Drawer Unit S2,Furniture,332,4,1328.0,8,18,132.8,1372.56,Paid,Cancelled,2026-05-08,NONE,Store Credit,Standard Shipping,10,Returned,Returned
100324,2026-05-09,Web Store,299448,James,Taylor,james.taylor@example-shop.com,11000000526,"12000 San Vicente Boulevard, Los Angeles, California 90049, United States",United States,USD,US-IL Joliet Fulfilment Center,Kestrel Chair Pro,Furniture,430,3,1290.0,21,23,129.0,1171.1,Pending,Cancelled,2026-05-16,NONE,Store Credit,Next Day Delivery,10,Paid,Paid
100325,2026-05-16,Web Store,662336,Olivia,Davis,olivia.davis@example-shop.com,11000000243,"12460 Promontory Road, Los Angeles, California 90049, United States",United States,USD,US-NJ Newark Fulfilment Center,Granite Bar Stool 200,Furniture,126,4,504.0,15,23,50.400000000000006,501.8,Failed,Processing,2026-05-21,BUNDLE5,Debit Card,Pickup Point,2,Pending Payment,Paid
100326,2026-02-10,Marketplace,570405,Sophia,Moore,sophia.moore@example-shop.com,11000000285,"447 South Barrington Avenue, Los Angeles, California 90049, United States",United States,USD,US-NJ Newark Fulfilment Center,Yarrow Monitor 300,Electronics,133,6,798.0,6,21,79.80000000000001,850.9200000000001,Refunded,Processing,2026-02-16,NEWSLETTER5,Debit Card,In-Store Pickup,2,Delivered,Delivered
100327,2026-01-15,Social Commerce,246991,Sophia,Moore,sophia.moore@example-shop.com,11000000685,"1221 North Norman Place, Los Angeles, California 90049, United States",United States,USD,US-IL Joliet Fulfilment Center,Atlas Keyboard 100,Electronics,73,6,438.0,17,15,43.8,422.34,Pending,Cancelled,2026-01-25,SPRING15,Cash on Delivery,Same Day Delivery,9,Refunded,Refunded
100328,2026-05-11,Android App,542374,Ava,Anderson,ava.anderson@example-shop.com,11000000497,"1600 Mandeville Canyon Road, Los Angeles, California 90049, United States",United States,USD,US-TX Dallas Warehouse,Aurora Network Switch X,Electronics,377,5,1885.0,4,13,188.5,2011.1,Failed,Packed,2026-05-20,FREESHIP,Bank Transfer,Economy Shipping,4,Out for Delivery,Out for Delivery
100329,2026-01-21,In-Store Kiosk,292401,Charlotte,Jackson,charlotte.jackson@example-shop.com,11000000219,"326 Fordyce Road, Los Angeles, California 90049, United States",United States,USD,US-IL Joliet Fulfilment Center,Meridian SSD Drive S1,Electronics,525,6,3150.0,23,11,315.0,2751.5,Pending,Cancelled,2026-01-27,NONE,Cash on Delivery,Next Day Delivery,9,On Hold,On Hold
100330,2026-02-17,In-Store Kiosk,392075,David,Brown,david.brown@example-shop.com,11000000552,"169 3Rd Anita Drive, Los Angeles, California 90049, United States",United States,USD,US-CA Ontario Distribution Hub,Quill Smartwatch 300,Electronics,468,6,2808.0,29,15,280.8,2289.48,Paid,Shipped,2026-02-19,NONE,Apple Pay,Express Shipping,5,Awaiting Pickup,On Hold
100331,2026-01-18,Web Store,585100,Sophia,Moore,sophia.moore@example-shop.com,11000000135,"1465 North Bundy Drive, Los Angeles, California 90049, United States",United States,USD,US-TX Dallas Warehouse,Vertex Desk X,Furniture,719,4,2876.0,28,12,287.6,2370.32,Refunded,Packed,2026-01-21,LOYALTY10,PayPal,In-Store Pickup,3,Paid,Paid
100332,2026-06-02,iOS App,361941,John,Smith,john.smith@example-shop.com,11000000740,"943 Linda Flora Drive, Los Angeles, California 90049, United States",United States,USD,US-CA Ontario Distribution Hub,Umber Monitor Stand S2,Furniture,194,2,388.0,18,13,38.8,369.96,Paid,Shipped,2026-06-10,NONE,Google Pay,Standard Shipping,6,Packed,Packed
100333,2026-01-18,iOS App,179046,Ava,Anderson,ava.anderson@example-shop.com,11000000957,"1335 Casiano Road, Los Angeles, California 90049, United States",United States,USD,US-NJ Newark Fulfilment Center,Beacon Smartphone 100,Electronics,1490,2,2980.0,18,17,298.0,2758.6,Refunded,Processing,2026-01-24,BLACKWEEK40,Debit Card,Freight Delivery,2,Packed,Packed
100334,2026-06-22,iOS App,564656,Olivia,Davis,olivia.davis@example-shop.com,11000000903,"1741 Correa Way, Los Angeles, California 90049, United States",United States,USD,US-TX Dallas Warehouse,Lumen Footrest Lite,Furniture,128,3,384.0,15,9,38.400000000000006,373.8,Pending,Packed,2026-06-24,SPRING15,Bank Transfer,Same Day Delivery,4,Packed,Processing
100335,2026-03-02,Phone Order,947272,Michael,Wilson,michael.wilson@example-shop.com,11000000584,"11907 Wilshire Boulevard, Los Angeles, California 90025, United States",United States,USD,US-CA Ontario Distribution Hub,Beacon Mouse Plus,Electronics,52,2,104.0,7,25,10.4,132.12,Pending,Shipped,2026-03-04,WELCOME10,Google Pay,Same Day Delivery,6,Delivered,Delivered
100336,2026-04-14,Marketplace,997546,John,Smith,john.smith@example-shop.com,11000000590,"12239 Gorham Avenue, Los Angeles, California 90049, United States",United States,USD,US-CA Ontario Distribution Hub,Tundra Office Lamp Pro,Furniture,156,1,156.0,25,14,15.6,146.6,Refunded,Shipped,2026-04-21,CLEARANCE30,Apple Pay,Freight Delivery,5,Delivered,Delivered
100337,2026-01-31,iOS App,677057,Michael,Wilson,michael.wilson@example-shop.com,11000000484,"2704 Casiano Road, Los Angeles, California 90077, United States",United States,USD,US-TX Dallas Warehouse,Meridian Desk Lite,Furniture,382,5,1910.0,15,19,191.0,1833.5,Failed,Packed,2026-02-04,FLASH25,PayPal,Pickup Point,3,Processing,Packed
100338,2026-05-26,Marketplace,202664,Daniel,Thomas,daniel.thomas@example-shop.com,11000000248,"11907 Chaparal Street, Los Angeles, California 90049, United States",United States,USD,US-GA Atlanta Returns Center,Basalt NAS Enclosure S2,Electronics,636,6,3816.0,25,15,381.6,3258.6,Failed,Delivered,2026-06-01,VIP20,Gift Card,Economy Shipping,8,Delivered,Delivered
100339,2026-03-05,iOS App,153045,Olivia,Davis,olivia.davis@example-shop.com,11000000803,"2651 Westridge Road, Los Angeles, California 90049, United States",United States,USD,US-IL Joliet Fulfilment Center,Atlas Graphics Tablet X,Electronics,856,5,4280.0,13,7,428.0,4158.6,Pending,Cancelled,2026-03-09,SPRING15,Cash on Delivery,Same Day Delivery,9,Processing,Processing
100340,2026-05-29,Android App,783823,Michael,Wilson,michael.wilson@example-shop.com,11000000484,"12340 Montana Avenue, Los Angeles, California 90049, United States",United States,USD,US-CA Ontario Distribution Hub,Beacon Docking Station Max,Electronics,91,1,91.0,6,5,9.1,99.64,Pending,Shipped,2026-06-07,SPRING15,Apple Pay,Same Day Delivery,5,Shipped,Shipped
100341,2026-06-02,Marketplace,666847,James,Taylor,james.taylor@example-shop.com,11000000826,"15508 Collina Strada, Los Angeles, California 90077, United States",United States,USD,US-IL Joliet Fulfilment Center,Ember Side Table Lite,Furniture,110,6,660.0,3,19,66.0,725.2,Paid,Cancelled,2026-06-12,NONE,Store Credit,Standard Shipping,10,Delivered,Delivered
100342,2026-01-11,iOS App,976638,James,Taylor,james.taylor@example-shop.com,11000000416,"12760 Bristol Circle, Los Angeles, California 90049, United States",United States,USD,US-IL Joliet Fulfilment Center,Cobalt Shoe Rack 100,Furniture,74,3,222.0,3,24,22.200000000000003,261.54,Pending,Cancelled,2026-01-19,WELCOME10,Cash on Delivery,Same Day Delivery,9,Packed,Packed
100343,2026-06-08,In-Store Kiosk,115474,Michael,Wilson,michael.wilson@example-shop.com,11000000194,"142 South Rockingham Avenue, Los Angeles, California 90049, United States",United States,USD,US-NJ Newark Fulfilment Center,Larch Console Table Pro,Furniture,130,1,130.0,21,23,13.0,138.7,Refunded,Processing,2026-06-18,LOYALTY10,Credit Card,In-Store Pickup,1,Awaiting Pickup,Awaiting Pickup
100344,2026-01-21,Web Store,197793,James,Taylor,james.taylor@example-shop.com,11000000096,"11996 West Chalon Road, Los Angeles, California 90049, United States",United States,USD,US-IL Joliet Fulfilment Center,Quartz Footrest X,Furniture,45,1,45.0,13,8,4.5,51.65,Failed,Cancelled,2026-01-23,BUNDLE5,Cash on Delivery,Pickup Point,9,Paid,Paid
100345,2026-04-18,Marketplace,890170,Charlotte,Jackson,charlotte.jackson@example-shop.com,11000000099,"13001 Brentwood Terrace, Los Angeles, California 90049, United States",United States,USD,US-CA Ontario Distribution Hub,Aurora Standing Desk S1,Furniture,1383,5,6915.0,11,7,691.5,6852.85,Failed,Shipped,2026-04-21,FREESHIP,Apple Pay,Economy Shipping,5,Delivered,Delivered
100346,2026-06-18,In-Store Kiosk,989921,Michael,Wilson,michael.wilson@example-shop.com,11000000674,"406 South Bristol Avenue, Los Angeles, California 90049, United States",United States,USD,US-NJ Newark Fulfilment Center,Maple Room Divider 100,Furniture,297,4,1188.0,13,22,118.8,1174.36,Paid,Processing,2026-06-21,NONE,Debit Card,Express Shipping,2,On Hold,On Hold
100347,2026-05-30,In-Store Kiosk,347861,Emma,Johnson,emma.johnson@example-shop.com,11000000441,"867 Wellesley Avenue, Los Angeles, California 90049, United States",United States,USD,US-TX Dallas Warehouse,Pioneer UPS Battery S2,Electronics,368,5,1840.0,13,11,184.0,1795.8,Failed,Packed,2026-06-03,FREESHIP,PayPal,Economy Shipping,3,Awaiting Pickup,Awaiting Pickup
100348,2026-05-25,In-Store Kiosk,274389,David,Brown,david.brown@example-shop.com,11000000362,"1641 Mandeville Canyon Road, Los Angeles, California 90049, United States",United States,USD,US-CA Ontario Distribution Hub,Willow Chair S2,Furniture,217,5,1085.0,14,21,108.5,1062.6,Failed,Shipped,2026-06-04,FLASH25,Apple Pay,Pickup Point,5,Awaiting Pickup,Awaiting Pickup
100349,2026-05-14,Phone Order,526156,Olivia,Davis,olivia.davis@example-shop.com,11000000433,"701 North Bundy Drive, Los Angeles, California 90049, United States",United States,USD,US-NJ Newark Fulfilment Center,Basalt Router S1,Electronics,196,2,392.0,27,13,39.2,338.36,Refunded,Processing,2026-05-16,LOYALTY10,Debit Card,In-Store Pickup,2,Delivered,Delivered
100350,2026-03-22,Web Store,609231,John,Smith,john.smith@example-shop.com,11000000420,"320 North Saltair Avenue, Los Angeles, California 90049, United States",United States,USD,US-NJ Newark Fulfilment Center,Umber Graphics Tablet Lite,Electronics,670,1,670.0,23,9,67.0,591.9,Failed,Processing,2026-03-29,BUNDLE5,Debit Card,Pickup Point,2,Paid,Paid
100351,2026-03-08,Web Store,604740,Daniel,Thomas,daniel.thomas@example-shop.com,11000000478,"330 South Anita Avenue, Los Angeles, California 90049, United States",United States,USD,US-IL Joliet Fulfilment Center,Zephyr Drawer Unit Plus,Furniture,206,5,1030.0,1,16,103.0,1138.7,Paid,Cancelled,2026-03-18,NONE,Cash on Delivery,Standard Shipping,9,Pending Payment,Pending Payment
100352,2026-02-22,Social Commerce,324130,Michael,Wilson,michael.wilson@example-shop.com,11000000884,"2387 1/2 North Sepulveda Boulevard, Los Angeles, California 90049, United States",United States,USD,US-TX Dallas Warehouse,Harbor Drawer Unit Plus,Furniture,192,1,192.0,21,7,19.200000000000003,177.88,Paid,Packed,2026-02-26,NONE,PayPal,Express Shipping,3,Returned,Returned
100353,2026-06-21,Phone Order,520521,James,Taylor,james.taylor@example-shop.com,11000000746,"1305 Casiano Road, Los Angeles, California 90049, United States",United States,USD,US-CA Ontario Distribution Hub,Zenith Graphics Card Max,Electronics,911,2,1822.0,20,12,182.2,1651.8,Failed,Shipped,2026-06-29,FREESHIP,Apple Pay,Economy Shipping,5,Delivered,Cancelled
100354,2026-03-22,In-Store Kiosk,161483,Sophia,Moore,sophia.moore@example-shop.com,11000000055,"3001 Corda Drive, Los Angeles, California 90049, United States",United States,USD,US-CA Ontario Distribution Hub,Granite Headphones X,Electronics,418,1,418.0,20,16,41.8,392.2,Pending,Shipped,2026-03-26,NONE,Apple Pay,Next Day Delivery,5,Awaiting Pickup,Awaiting Pickup
100355,2026-03-03,Web Store,272634,Charlotte,Jackson,charlotte.jackson@example-shop.com,11000000689,"12100 Inavale Place, Los Angeles, California 90049, United States",United States,USD,US-IL Joliet Fulfilment Center,Indigo Drawer Unit Max,Furniture,332,5,1660.0,3,14,166.0,1790.2,Failed,Cancelled,2026-03-05,FREESHIP,Store Credit,Economy Shipping,10,Pending Payment,Pending Payment
100356,2026-03-09,Web Store,497382,Charlotte,Jackson,charlotte.jackson@example-shop.com,11000000669,"330 South Barrington Avenue, Los Angeles, California 90049, United States",United States,USD,US-TX Dallas Warehouse,Kestrel TV Stand 200,Furniture,230,1,230.0,1,10,23.0,260.7,Paid,Packed,2026-03-15,NONE,Bank Transfer,Standard Shipping,4,Paid,Paid
100357,2026-04-12,In-Store Kiosk,102260,Emma,Johnson,emma.johnson@example-shop.com,11000000661,"12209 Goshen Avenue, Los Angeles, California 90049, United States",United States,USD,US-CA Ontario Distribution Hub,Summit Nightstand Pro,Furniture,85,6,510.0,12,19,51.0,518.8,Paid,Shipped,2026-04-19,NONE,Google Pay,Express Shipping,6,On Hold,On Hold
100358,2026-02-03,In-Store Kiosk,509386,John,Smith,john.smith@example-shop.com,11000000100,"918 Kenfield Avenue, Los Angeles, California 90049, United States",United States,USD,US-TX Dallas Warehouse,Aurora Cabinet Max,Furniture,610,2,1220.0,23,22,122.0,1083.4,Refunded,Packed,2026-02-05,NEWSLETTER5,Bank Transfer,In-Store Pickup,4,Awaiting Pickup,Awaiting Pickup
100359,2026-06-21,iOS App,378085,David,Brown,david.brown@example-shop.com,11000000062,"2117 Banyan Drive, Los Angeles, California 90049, United States",United States,USD,US-CA Ontario Distribution Hub,Tundra Microphone S1,Electronics,105,4,420.0,10,14,42.0,434.0,Failed,Shipped,2026-06-28,FLASH25,Apple Pay,Pickup Point,5,Packed,Packed
100360,2026-06-15,iOS App,922157,David,Brown,david.brown@example-shop.com,11000000412,"200 North Carmelina Avenue, Los Angeles, California 90049, United States",United States,USD,US-IL Joliet Fulfilment Center,Zephyr Monitor S2,Electronics,437,1,437.0,25,24,43.7,395.45,Failed,Cancelled,2026-06-20,BUNDLE5,Cash on Delivery,Pickup Point,9,Processing,Processing
100361,2026-03-18,Marketplace,923267,Sophia,Moore,sophia.moore@example-shop.com,11000000745,"11732 Dorothy Street, Los Angeles, California 90049, United States",United States,USD,US-GA Atlanta Returns Center,Willow Wardrobe Plus,Furniture,476,5,2380.0,27,25,238.0,2000.4,Refunded,Delivered,2026-03-23,NEWSLETTER5,Gift Card,In-Store Pickup,8,Delivered,Delivered
100362,2026-04-28,Marketplace,577110,Ava,Anderson,ava.anderson@example-shop.com,11000000347,"514 North Bundy Drive, Los Angeles, California 90049, United States",United States,USD,US-CA Ontario Distribution Hub,Nimbus Router S2,Electronics,74,2,148.0,3,21,14.8,179.36,Paid,Shipped,2026-05-01,NONE,Apple Pay,Express Shipping,5,Delivered,Delivered
100363,2026-03-22,Marketplace,399105,Charlotte,Jackson,charlotte.jackson@example-shop.com,11000000819,"2184 Banyan Drive, Los Angeles, California 90049, United States",United States,USD,US-NJ Newark Fulfilment Center,Aster Desk Max,Furniture,219,5,1095.0,7,5,109.5,1132.85,Refunded,Processing,2026-03-29,LOYALTY10,Credit Card,In-Store Pickup,1,Delivered,Delivered
100364,2026-01-19,iOS App,543555,David,Brown,david.brown@example-shop.com,11000000882,"2618 Westridge Road, Los Angeles, California 90049, United States",United States,USD,US-NJ Newark Fulfilment Center,Delta Office Lamp 100,Furniture,130,5,650.0,6,22,65.0,698.0,Pending,Processing,2026-01-29,WELCOME10,Debit Card,Same Day Delivery,2,Packed,Packed
100365,2026-01-03,In-Store Kiosk,830429,Emma,Johnson,emma.johnson@example-shop.com,11000000111,"1239 Linda Flora Drive, Los Angeles, California 90049, United States",United States,USD,US-GA Atlanta Returns Center,Quill Cabinet Max,Furniture,818,1,818.0,6,14,81.80000000000001,864.72,Failed,Delivered,2026-01-11,FREESHIP,Klarna,Economy Shipping,7,Awaiting Pickup,Awaiting Pickup
100366,2026-04-28,Marketplace,865990,Michael,Wilson,michael.wilson@example-shop.com,11000000254,"1776 Mandeville Canyon Road, Los Angeles, California 90049, United States",United States,USD,US-CA Ontario Distribution Hub,Larch NAS Enclosure X,Electronics,279,5,1395.0,17,8,139.5,1305.35,Paid,Shipped,2026-05-02,NONE,Apple Pay,Standard Shipping,5,Delivered,Delivered
100367,2026-06-09,Web Store,921414,James,Taylor,james.taylor@example-shop.com,11000000196,"864 North Bundy Drive, Los Angeles, California 90049, United States",United States,USD,US-NJ Newark Fulfilment Center,Juniper Smartphone 100,Electronics,754,1,754.0,14,9,75.4,732.84,Refunded,Processing,2026-06-14,NEWSLETTER5,Credit Card,In-Store Pickup,1,Pending Payment,Pending Payment
100368,2026-05-25,iOS App,682765,Michael,Wilson,michael.wilson@example-shop.com,11000000194,"13172 Boca De Canon Lane, Los Angeles, California 90049, United States",United States,USD,US-NJ Newark Fulfilment Center,Orion Bar Stool 100,Furniture,148,4,592.0,4,13,59.2,640.5200000000001,Paid,Processing,2026-05-29,NONE,Credit Card,Standard Shipping,1,Processing,Packed
100369,2026-01-26,Marketplace,794022,Charlotte,Jackson,charlotte.jackson@example-shop.com,11000000549,"12128 Santa Monica Boulevard, Los Angeles, California 90025, United States",United States,USD,US-CA Ontario Distribution Hub,Nova Conference Chair S1,Furniture,175,6,1050.0,13,8,105.0,1026.5,Pending,Shipped,2026-01-30,WELCOME10,Google Pay,Same Day Delivery,6,Delivered,Delivered
100370,2026-01-19,Web Store,853305,Charlotte,Jackson,charlotte.jackson@example-shop.com,11000000459,"876 Wellesley Avenue, Los Angeles, California 90049, United States",United States,USD,US-TX Dallas Warehouse,Xenon Conference Camera Lite,Electronics,386,5,1930.0,5,8,193.0,2034.5,Failed,Packed,2026-01-27,FLASH25,PayPal,Pickup Point,3,Pending Payment,Paid
100371,2026-05-18,Marketplace,610311,Olivia,Davis,olivia.davis@example-shop.com,11000000143,"11738 1/2 Darlington Avenue, Los Angeles, California 90049, United States",United States,USD,US-CA Ontario Distribution Hub,Larch Keyboard Lite,Electronics,44,5,220.0,8,22,22.0,246.4,Refunded,Shipped,2026-05-20,NEWSLETTER5,Apple Pay,In-Store Pickup,5,Delivered,Delivered
100372,2026-02-24,Android App,262316,David,Brown,david.brown@example-shop.com,11000000432,"231 South Bundy Drive, Los Angeles, California 90049, United States",United States,USD,US-TX Dallas Warehouse,Zenith Dresser Pro,Furniture,645,5,3225.0,14,9,322.5,3105.0,Paid,Packed,2026-02-28,NONE,PayPal,Express Shipping,3,Shipped,Out for Delivery
100373,2026-05-10,In-Store Kiosk,299122,Ava,Anderson,ava.anderson@example-shop.com,11000000187,"2532 La Condesa Drive, Los Angeles, California 90049, United States",United States,USD,US-GA Atlanta Returns Center,Summit Router Pro,Electronics,142,3,426.0,7,13,42.6,451.78,Failed,Delivered,2026-05-17,BUNDLE5,Gift Card,Pickup Point,8,On Hold,On Hold
100374,2026-03-09,In-Store Kiosk,411120,Sophia,Moore,sophia.moore@example-shop.com,11000000285,"12780 Bristol Circle, Los Angeles, California 90049, United States",United States,USD,US-IL Joliet Fulfilment Center,Indigo Room Divider 200,Furniture,353,3,1059.0,27,14,105.9,892.9699999999999,Failed,Cancelled,2026-03-17,BUNDLE5,Cash on Delivery,Pickup Point,9,On Hold,On Hold
100375,2026-02-03,Marketplace,328275,Olivia,Davis,olivia.davis@example-shop.com,11000000473,"334 South Canyon View Drive, Los Angeles, California 90049, United States",United States,USD,US-GA Atlanta Returns Center,Summit Filing Cabinet X,Furniture,197,2,394.0,29,24,39.400000000000006,343.14,Paid,Delivered,2026-02-08,NONE,Klarna,Express Shipping,7,Delivered,Delivered
100376,2026-03-31,Android App,161324,Sophia,Moore,sophia.moore@example-shop.com,11000000255,"1328 Brinkley Avenue, Los Angeles, California 90049, United States",United States,USD,US-IL Joliet Fulfilment Center,Zephyr Printer Max,Electronics,621,6,3726.0,2,11,372.6,4035.08,Failed,Cancelled,2026-04-06,VIP20,Cash on Delivery,Economy Shipping,9,Shipped,Out for Delivery
100377,2026-01-18,Marketplace,707314,Sophia,Moore,sophia.moore@example-shop.com,11000000895,"905 Wellesley Avenue, Los Angeles, California 90049, United States",United States,USD,US-NJ Newark Fulfilment Center,Orion Monitor Stand 200,Furniture,101,6,606.0,14,15,60.6,596.76,Failed,Processing,2026-01-22,VIP20,Credit Card,Economy Shipping,1,Delivered,Delivered
100378,2026-03-04,Social Commerce,871476,Sophia,Moore,sophia.moore@example-shop.com,11000000945,"2460 Banyan Drive, Los Angeles, California 90049, United States",United States,USD,US-NJ Newark Fulfilment Center,Beacon Office Lamp S2,Furniture,58,3,174.0,25,11,17.400000000000002,158.9,Refunded,Processing,2026-03-07,NEWSLETTER5,Debit Card,In-Store Pickup,2,Refunded,Refunded
100379,2026-04-05,Social Commerce,668532,Ava,Anderson,ava.anderson@example-shop.com,11000000077,"1397 Vista Moraga, Los Angeles, California 90049, United States",United States,USD,US-NJ Newark Fulfilment Center,Maple USB Hub Lite,Electronics,58,2,116.0,27,25,11.6,121.28,Failed,Processing,2026-04-13,BUNDLE5,Debit Card,Pickup Point,2,Refunded,Refunded
100380,2026-03-14,In-Store Kiosk,163918,Olivia,Davis,olivia.davis@example-shop.com,11000000453,"12184 West Sunset Boulevard, Los Angeles, California 90049, United States",United States,USD,US-TX Dallas Warehouse,Harbor Nightstand 300,Furniture,79,3,237.0,27,13,23.700000000000003,209.71,Refunded,Packed,2026-03-16,LOYALTY10,PayPal,In-Store Pickup,3,On Hold,On Hold
100381,2026-02-10,Phone Order,884309,Ava,Anderson,ava.anderson@example-shop.com,11000000827,"12315 Gorham Avenue, Los Angeles, California 90049, United States",United States,USD,US-IL Joliet Fulfilment Center,Umber USB Hub S1,Electronics,42,4,168.0,17,21,16.8,177.24,Failed,Cancelled,2026-02-19,VIP20,Cash on Delivery,Economy Shipping,9,Delivered,Delivered
100382,2026-04-23,Social Commerce,428838,David,Brown,david.brown@example-shop.com,11000000882,"1488 Allenford Avenue, Los Angeles, California 90049, United States",United States,USD,US-NJ Newark Fulfilment Center,Nimbus Monitor Stand 200,Furniture,142,2,284.0,3,20,28.4,323.88,Pending,Processing,2026-04-28,NONE,Credit Card,Next Day Delivery,1,Returned,Returned
100383,2026-05-20,Social Commerce,159942,James,Taylor,james.taylor@example-shop.com,11000000876,"908 Barrington Avenue, Los Angeles, California 90049, United States",United States,USD,US-CA Ontario Distribution Hub,Summit Graphics Tablet S1,Electronics,133,6,798.0,1,13,79.80000000000001,882.8199999999999,Pending,Shipped,2026-05-25,WELCOME10,Google Pay,Same Day Delivery,6,Refunded,Refunded
100384,2026-06-30,Marketplace,152578,Olivia,Davis,olivia.davis@example-shop.com,11000000563,"104 North Rockingham Avenue, Los Angeles, California 90049, United States",United States,USD,US-IL Joliet Fulfilment Center,Basalt External HDD Plus,Electronics,67,6,402.0,20,6,40.2,367.8,Refunded,Cancelled,2026-07-09,NEWSLETTER5,Store Credit,In-Store Pickup,10,Delivered,Delivered
100385,2026-03-19,iOS App,712554,John,Smith,john.smith@example-shop.com,11000000100,"2242 Jeffersonia Way, Los Angeles, California 90049, United States",United States,USD,US-IL Joliet Fulfilment Center,Orion USB Hub S1,Electronics,28,3,84.0,17,7,8.4,85.12,Refunded,Cancelled,2026-03-26,LOYALTY10,Cash on Delivery,In-Store Pickup,9,Processing,Processing
100386,2026-06-06,iOS App,599948,Emma,Johnson,emma.johnson@example-shop.com,11000000051,"15440 Milldale Drive, Los Angeles, California 90077, United States",United States,USD,US-TX Dallas Warehouse,Umber Office Lamp Lite,Furniture,115,4,460.0,26,25,46.0,411.4,Pending,Packed,2026-06-12,NONE,PayPal,Next Day Delivery,3,Packed,Packed
100387,2026-06-17,Android App,627276,Ava,Anderson,ava.anderson@example-shop.com,11000000667,"11459 Thurston Circle, Los Angeles, California 90049, United States",United States,USD,US-GA Atlanta Returns Center,Meridian Wireless Presenter Lite,Electronics,105,3,315.0,0,18,31.5,364.5,Failed,Delivered,2026-06-22,VIP20,Klarna,Economy Shipping,7,Shipped,Shipped
100388,2026-05-16,iOS App,994141,Olivia,Davis,olivia.davis@example-shop.com,11000000553,"13550 Bayliss Road, Los Angeles, California 90049, United States",United States,USD,US-TX Dallas Warehouse,Cedar Network Switch Max,Electronics,154,1,154.0,2,13,15.4,179.32,Refunded,Packed,2026-05-21,LOYALTY10,PayPal,In-Store Pickup,3,Packed,Packed
100389,2026-01-03,Web Store,656926,James,Taylor,james.taylor@example-shop.com,11000000856,"11516 West Sunset Boulevard, Los Angeles, California 90049, United States",United States,USD,US-NJ Newark Fulfilment Center,Ridge Power Bank Lite,Electronics,67,1,67.0,29,6,6.7,60.27,Paid,Processing,2026-01-05,NONE,Credit Card,Standard Shipping,1,Pending Payment,Paid
100390,2026-06-20,Phone Order,265080,Sophia,Moore,sophia.moore@example-shop.com,11000000015,"12317 Ridge Circle, Los Angeles, California 90049, United States",United States,USD,US-CA Ontario Distribution Hub,Juniper Printer 300,Electronics,117,4,468.0,24,5,46.8,407.48,Failed,Shipped,2026-06-25,VIP20,Apple Pay,Economy Shipping,5,Cancelled,Cancelled
100391,2026-05-22,Social Commerce,159642,David,Brown,david.brown@example-shop.com,11000000992,"12144 Travis Street, Los Angeles, California 90049, United States",United States,USD,US-CA Ontario Distribution Hub,Delta Console Table Max,Furniture,262,5,1310.0,27,15,131.0,1102.3,Failed,Shipped,2026-05-30,VIP20,Google Pay,Economy Shipping,6,Refunded,Returned
100392,2026-03-18,Phone Order,632496,Sophia,Moore,sophia.moore@example-shop.com,11000000095,"239 North Cliffwood Avenue, Los Angeles, California 90049, United States",United States,USD,US-NJ Newark Fulfilment Center,Quill Monitor S2,Electronics,760,5,3800.0,7,9,380.0,3923.0,Pending,Processing,2026-03-25,WELCOME10,Credit Card,Same Day Delivery,1,Delivered,Cancelled
100393,2026-06-19,Web Store,184002,Daniel,Thomas,daniel.thomas@example-shop.com,11000000948,"11515 West Sunset Boulevard, Los Angeles, California 90049, United States",United States,USD,US-CA Ontario Distribution Hub,Ridge SSD Drive Plus,Electronics,495,1,495.0,5,25,49.5,544.75,Refunded,Shipped,2026-06-25,NEWSLETTER5,Google Pay,In-Store Pickup,6,Pending Payment,Pending Payment
100394,2026-01-27,Social Commerce,992697,Emma,Johnson,emma.johnson@example-shop.com,11000000771,"515 South Gretna Green Way, Los Angeles, California 90049, United States",United States,USD,US-TX Dallas Warehouse,Indigo Reception Desk Pro,Furniture,1650,1,1650.0,13,13,165.0,1613.5,Failed,Packed,2026-01-30,BUNDLE5,Bank Transfer,Pickup Point,4,Refunded,Refunded
100395,2026-02-04,Android App,294851,Charlotte,Jackson,charlotte.jackson@example-shop.com,11000000869,"11836 Dorothy Street, Los Angeles, California 90049, United States",United States,USD,US-TX Dallas Warehouse,Cobalt Smartphone X,Electronics,654,5,3270.0,15,10,327.0,3116.5,Refunded,Packed,2026-02-10,CLEARANCE30,Bank Transfer,Freight Delivery,4,Out for Delivery,Out for Delivery
100396,2026-03-09,Web Store,171849,David,Brown,david.brown@example-shop.com,11000000242,"13181 Riviera Ranch Road, Los Angeles, California 90049, United States",United States,USD,US-NJ Newark Fulfilment Center,Vertex SSD Drive S1,Electronics,296,2,592.0,15,19,59.2,581.4000000000001,Refunded,Processing,2026-03-16,CLEARANCE30,Debit Card,Freight Delivery,2,Pending Payment,Pending Payment
100397,2026-01-30,Web Store,723939,John,Smith,john.smith@example-shop.com,11000000170,"540 Tuallitan Road, Los Angeles, California 90049, United States",United States,USD,US-CA Ontario Distribution Hub,Onyx Footrest 100,Furniture,183,5,915.0,6,22,91.5,973.6,Refunded,Shipped,2026-02-09,CLEARANCE30,Google Pay,Freight Delivery,6,Pending Payment,Pending Payment
100398,2026-01-28,Phone Order,171262,James,Taylor,james.taylor@example-shop.com,11000000416,"1810 Mango Way, Los Angeles, California 90049, United States",United States,USD,US-IL Joliet Fulfilment Center,Cedar External HDD Max,Electronics,328,3,984.0,27,18,98.4,834.7199999999999,Pending,Cancelled,2026-02-05,WELCOME10,Cash on Delivery,Same Day Delivery,9,Cancelled,Cancelled
100399,2026-05-22,Marketplace,808011,Ava,Anderson,ava.anderson@example-shop.com,11000000497,"726 Claymont Drive, Los Angeles, California 90049, United States",United States,USD,US-GA Atlanta Returns Center,Tundra Room Divider Lite,Furniture,286,2,572.0,12,22,57.2,582.5600000000001,Refunded,Delivered,2026-06-01,BLACKWEEK40,Klarna,Freight Delivery,7,Delivered,Delivered
100400,2026-02-09,Phone Order,346629,David,Brown,david.brown@example-shop.com,11000000492,"12013 1/2 Goshen Avenue, Los Angeles, California 90049, United States",United States,USD,US-IL Joliet Fulfilment Center,Beacon Scanner X,Electronics,443,3,1329.0,28,5,132.9,1094.78,Pending,Cancelled,2026-02-16,NONE,Store Credit,Next Day Delivery,10,Delivered,Delivered
100401,2026-03-11,In-Store Kiosk,523389,Daniel,Thomas,daniel.thomas@example-shop.com,11000000218,"3301 Mandeville Canyon Road, Los Angeles, California 90049, United States",United States,USD,US-TX Dallas Warehouse,Atlas Power Bank X,Electronics,118,1,118.0,1,8,11.8,136.62,Paid,Packed,2026-03-13,NONE,PayPal,Express Shipping,3,Awaiting Pickup,On Hold
100402,2026-03-14,Phone Order,225710,Sophia,Moore,sophia.moore@example-shop.com,11000000885,"756 Teakwood Road, Los Angeles, California 90049, United States",United States,USD,US-TX Dallas Warehouse,Fjord Nightstand 300,Furniture,61,2,122.0,5,7,12.2,135.1,Failed,Packed,2026-03-17,VIP20,Bank Transfer,Economy Shipping,4,Delivered,Delivered
100403,2026-06-04,iOS App,697347,John,Smith,john.smith@example-shop.com,11000000410,"1149 Linda Flora Drive, Los Angeles, California 90049, United States",United States,USD,US-TX Dallas Warehouse,Meridian Drawer Unit Plus,Furniture,213,3,639.0,12,9,63.900000000000006,635.2199999999999,Failed,Packed,2026-06-10,BUNDLE5,PayPal,Pickup Point,3,Processing,Processing
100404,2026-02-23,Web Store,358175,Michael,Wilson,michael.wilson@example-shop.com,11000000924,"12041 Wilshire Boulevard, Los Angeles, California 90025, United States",United States,USD,US-TX Dallas Warehouse,Granite Desk S1,Furniture,664,3,1992.0,0,22,199.2,2213.2,Paid,Packed,2026-02-27,NONE,PayPal,Express Shipping,3,Pending Payment,Pending Payment
100405,2026-03-29,Phone Order,707040,John,Smith,john.smith@example-shop.com,11000000060,"1016 North Bundy Drive, Los Angeles, California 90049, United States",United States,USD,US-GA Atlanta Returns Center,Nimbus Lounge Chair Max,Furniture,190,2,380.0,12,6,38.0,378.4,Pending,Delivered,2026-04-04,SPRING15,Klarna,Same Day Delivery,7,Delivered,Delivered
100406,2026-02-22,Web Store,723398,Daniel,Thomas,daniel.thomas@example-shop.com,11000000168,"11995 Brentridge Drive, Los Angeles, California 90049, United States",United States,USD,US-NJ Newark Fulfilment Center,Juniper Barcode Scanner 300,Electronics,385,4,1540.0,8,16,154.0,1586.8,Failed,Processing,2026-02-24,VIP20,Credit Card,Economy Shipping,1,Paid,Pending Payment
100407,2026-06-25,In-Store Kiosk,141672,Daniel,Thomas,daniel.thomas@example-shop.com,11000000388,"13310 Westcove Drive, Los Angeles, California 90049, United States",United States,USD,US-TX Dallas Warehouse,Ember Bookshelf X,Furniture,426,5,2130.0,29,23,213.0,1748.3,Pending,Packed,2026-06-28,SPRING15,PayPal,Same Day Delivery,3,Awaiting Pickup,Awaiting Pickup
100408,2026-06-12,iOS App,749468,David,Brown,david.brown@example-shop.com,11000000002,"539 South Burlingame Avenue, Los Angeles, California 90049, United States",United States,USD,US-CA Ontario Distribution Hub,Vertex USB Hub Pro,Electronics,20,6,120.0,25,22,12.0,124.0,Pending,Shipped,2026-06-20,WELCOME10,Google Pay,Same Day Delivery,6,Processing,Processing
100409,2026-03-09,Web Store,185965,Charlotte,Jackson,charlotte.jackson@example-shop.com,11000000399,"11332 Homedale Street, Los Angeles, California 90049, United States",United States,USD,US-GA Atlanta Returns Center,Zenith SSD Drive S2,Electronics,384,3,1152.0,25,9,115.2,988.2,Pending,Delivered,2026-03-16,NONE,Klarna,Next Day Delivery,7,Paid,Paid
100410,2026-05-10,Phone Order,539589,Emma,Johnson,emma.johnson@example-shop.com,11000000271,"2321 Westridge Road, Los Angeles, California 90049, United States",United States,USD,US-TX Dallas Warehouse,Meridian Network Switch X,Electronics,385,5,1925.0,14,18,192.5,1866.0,Paid,Packed,2026-05-17,NONE,Bank Transfer,Standard Shipping,4,Cancelled,Cancelled
100411,2026-05-06,Web Store,789305,Daniel,Thomas,daniel.thomas@example-shop.com,11000000948,"835 South Bundy Drive, Los Angeles, California 90049, United States",United States,USD,US-CA Ontario Distribution Hub,Atlas Recliner S1,Furniture,415,6,2490.0,9,9,249.0,2523.9,Paid,Shipped,2026-05-14,NONE,Apple Pay,Standard Shipping,5,Paid,Pending Payment
100412,2026-03-06,Social Commerce,712024,David,Brown,david.brown@example-shop.com,11000000802,"905 Kenter Way, Los Angeles, California 90049, United States",United States,USD,US-TX Dallas Warehouse,Lumen Recliner 200,Furniture,550,5,2750.0,13,6,275.0,2673.5,Pending,Packed,2026-03-16,SPRING15,PayPal,Same Day Delivery,3,Returned,Returned
100413,2026-01-14,In-Store Kiosk,692683,Olivia,Davis,olivia.davis@example-shop.com,11000000803,"16461 Sloan Drive, Los Angeles, California 90049, United States",United States,USD,US-NJ Newark Fulfilment Center,Tundra Webcam Pro,Electronics,42,1,42.0,22,14,4.2,50.96,Refunded,Processing,2026-01-17,BLACKWEEK40,Debit Card,Freight Delivery,2,Awaiting Pickup,Awaiting Pickup
100414,2026-01-24,iOS App,648177,Sophia,Moore,sophia.moore@example-shop.com,11000000465,"1221 Amherst Avenue, Los Angeles, California 90025, United States",United States,USD,US-GA Atlanta Returns Center,Kestrel Mouse Max,Electronics,87,6,522.0,30,16,52.2,433.6,Paid,Delivered,2026-02-01,NONE,Klarna,Express Shipping,7,Packed,Packed
100415,2026-06-12,Marketplace,431737,David,Brown,david.brown@example-shop.com,11000000292,"425 Downes Road, Los Angeles, California 90049, United States",United States,USD,US-NJ Newark Fulfilment Center,Aurora Network Switch 300,Electronics,214,5,1070.0,23,6,107.0,936.9,Refunded,Processing,2026-06-17,CLEARANCE30,Credit Card,Freight Delivery,1,Delivered,Delivered
100416,2026-04-19,Web Store,373432,Olivia,Davis,olivia.davis@example-shop.com,11000000433,"2731 Casiano Road, Los Angeles, California 90077, United States",United States,USD,US-GA Atlanta Returns Center,Zenith Dining Table Lite,Furniture,573,3,1719.0,25,16,171.9,1477.15,Refunded,Delivered,2026-04-25,NEWSLETTER5,Gift Card,In-Store Pickup,8,Paid,Paid
100417,2026-03-12,Phone Order,314181,Olivia,Davis,olivia.davis@example-shop.com,11000000713,"700 Rochedale Way, Los Angeles, California 90049, United States",United States,USD,US-TX Dallas Warehouse,Pioneer Capture Card S1,Electronics,369,6,2214.0,17,11,221.4,2070.02,Pending,Packed,2026-03-14,WELCOME10,Bank Transfer,Same Day Delivery,4,Cancelled,Cancelled
100418,2026-01-12,iOS App,802258,John,Smith,john.smith@example-shop.com,11000000980,"904 Kenter Way, Los Angeles, California 90049, United States",United States,USD,US-TX Dallas Warehouse,Lumen Shoe Rack S1,Furniture,195,1,195.0,21,12,19.5,185.55,Refunded,Packed,2026-01-20,LOYALTY10,Bank Transfer,In-Store Pickup,4,Packed,Packed
100419,2026-01-01,Phone Order,850981,Daniel,Thomas,daniel.thomas@example-shop.com,11000000748,"3342 Mandeville Canyon Road, Los Angeles, California 90049, United States",United States,USD,US-GA Atlanta Returns Center,Slate Bookshelf Max,Furniture,446,2,892.0,22,8,89.2,792.96,Refunded,Delivered,2026-01-03,BLACKWEEK40,Gift Card,Freight Delivery,8,Cancelled,Cancelled
100420,2026-03-27,Phone Order,429445,David,Brown,david.brown@example-shop.com,11000000802,"2262 Canyonback Road, Los Angeles, California 90049, United States",United States,USD,US-CA Ontario Distribution Hub,Juniper Monitor 300,Electronics,382,3,1146.0,15,16,114.6,1104.7,Refunded,Shipped,2026-04-06,LOYALTY10,Google Pay,In-Store Pickup,6,Cancelled,Cancelled
100421,2026-02-03,Web Store,350280,Charlotte,Jackson,charlotte.jackson@example-shop.com,11000000569,"11749 Dorothy Street, Los Angeles, California 90049, United States",United States,USD,US-CA Ontario Distribution Hub,Xenon Label Printer Lite,Electronics,187,1,187.0,4,22,18.7,220.22,Pending,Shipped,2026-02-13,SPRING15,Apple Pay,Same Day Delivery,5,Pending Payment,Pending Payment
100422,2026-06-13,Phone Order,378517,Ava,Anderson,ava.anderson@example-shop.com,11000000677,"2125 Linda Flora Drive, Los Angeles, California 90077, United States",United States,USD,US-TX Dallas Warehouse,Larch Coffee Table S1,Furniture,87,1,87.0,6,18,8.700000000000001,108.48,Pending,Packed,2026-06-18,NONE,Bank Transfer,Next Day Delivery,4,Cancelled,Cancelled
100423,2026-03-09,Web Store,515011,Sophia,Moore,sophia.moore@example-shop.com,11000000735,"660 Firth Avenue, Los Angeles, California 90049, United States",United States,USD,US-TX Dallas Warehouse,Lumen Power Bank Lite,Electronics,22,6,132.0,9,24,13.2,157.32,Paid,Packed,2026-03-16,NONE,Bank Transfer,Standard Shipping,4,Paid,Paid
100424,2026-02-11,Marketplace,237235,Daniel,Thomas,daniel.thomas@example-shop.com,11000000498,"244 South Canyon View Drive, Los Angeles, California 90049, United States",United States,USD,US-NJ Newark Fulfilment Center,Atlas Smartphone X,Electronics,1017,5,5085.0,6,9,508.5,5297.4,Paid,Processing,2026-02-19,NONE,Credit Card,Express Shipping,1,Delivered,Delivered
100425,2026-04-24,Social Commerce,804318,Daniel,Thomas,daniel.thomas@example-shop.com,11000000158,"616 Firth Avenue, Los Angeles, California 90049, United States",United States,USD,US-TX Dallas Warehouse,Orion Bookshelf S1,Furniture,325,2,650.0,30,12,65.0,532.0,Refunded,Packed,2026-04-27,NEWSLETTER5,Bank Transfer,In-Store Pickup,4,Returned,Returned
100426,2026-05-22,Phone Order,776856,Michael,Wilson,michael.wilson@example-shop.com,11000000194,"331 North Gunston Drive, Los Angeles, California 90049, United States",United States,USD,US-GA Atlanta Returns Center,Basalt Smartwatch Lite,Electronics,590,3,1770.0,1,10,177.0,1939.3,Pending,Delivered,2026-05-29,SPRING15,Klarna,Same Day Delivery,7,Cancelled,Cancelled
100427,2026-06-30,Phone Order,414569,Olivia,Davis,olivia.davis@example-shop.com,11000000303,"177 Barrington Place, Los Angeles, California 90049, United States",United States,USD,US-CA Ontario Distribution Hub,Indigo Console Table S1,Furniture,367,3,1101.0,18,10,110.1,1022.92,Pending,Shipped,2026-07-07,NONE,Google Pay,Next Day Delivery,6,Cancelled,Cancelled
100428,2026-04-20,Phone Order,579434,David,Brown,david.brown@example-shop.com,11000000222,"11836 Darlington Avenue, Los Angeles, California 90049, United States",United States,USD,US-CA Ontario Distribution Hub,Nova Console Table Pro,Furniture,276,5,1380.0,23,18,138.0,1218.6,Refunded,Shipped,2026-04-23,CLEARANCE30,Apple Pay,Freight Delivery,5,Delivered,Delivered
100429,2026-05-24,Android App,431535,Emma,Johnson,emma.johnson@example-shop.com,11000000991,"11931 Currituck Drive, Los Angeles, California 90049, United States",United States,USD,US-NJ Newark Fulfilment Center,Nova External HDD S1,Electronics,305,2,610.0,17,5,61.0,572.3,Paid,Processing,2026-05-30,NONE,Debit Card,Standard Shipping,2,Out for Delivery,Shipped
100430,2026-01-03,Android App,888387,Charlotte,Jackson,charlotte.jackson@example-shop.com,11000000059,"1441 Roscomare Road, Los Angeles, California 90077, United States",United States,USD,US-CA Ontario Distribution Hub,Xenon Room Divider Max,Furniture,432,6,2592.0,1,10,259.2,2835.28,Pending,Shipped,2026-01-13,SPRING15,Apple Pay,Same Day Delivery,5,Shipped,Shipped
100431,2026-01-29,iOS App,176066,Olivia,Davis,olivia.davis@example-shop.com,11000000593,"2824 Mandeville Canyon Road, Los Angeles, California 90049, United States",United States,USD,US-CA Ontario Distribution Hub,Nimbus Router S1,Electronics,89,3,267.0,23,15,26.700000000000003,247.29,Paid,Shipped,2026-02-04,NONE,Google Pay,Express Shipping,6,Packed,Packed
100432,2026-01-20,Social Commerce,109767,Olivia,Davis,olivia.davis@example-shop.com,11000000753,"526 Avondale Avenue, Los Angeles, California 90049, United States",United States,USD,US-IL Joliet Fulfilment Center,Orion Mouse X,Electronics,62,2,124.0,10,18,12.4,142.0,Refunded,Cancelled,2026-01-28,CLEARANCE30,Cash on Delivery,Freight Delivery,9,Returned,Refunded
100433,2026-06-26,Social Commerce,580547,Sophia,Moore,sophia.moore@example-shop.com,11000000555,"861 North Norman Place, Los Angeles, California 90049, United States",United States,USD,US-GA Atlanta Returns Center,Ember Dining Table Lite,Furniture,1021,6,6126.0,1,12,612.6,6689.34,Pending,Delivered,2026-07-03,NONE,Klarna,Next Day Delivery,7,Refunded,Refunded
100434,2026-02-08,Android App,751332,David,Brown,david.brown@example-shop.com,11000000062,"10 Oakmont Drive, Los Angeles, California 90049, United States",United States,USD,US-IL Joliet Fulfilment Center,Nimbus Network Switch X,Electronics,252,6,1512.0,1,13,151.20000000000002,1661.0800000000002,Refunded,Cancelled,2026-02-16,CLEARANCE30,Cash on Delivery,Freight Delivery,9,Out for Delivery,Out for Delivery
100435,2026-05-20,iOS App,690341,Sophia,Moore,sophia.moore@example-shop.com,11000000765,"146 South Kenter Avenue, Los Angeles, California 90049, United States",United States,USD,US-CA Ontario Distribution Hub,Onyx Power Bank 100,Electronics,128,3,384.0,18,10,38.400000000000006,363.28,Failed,Shipped,2026-05-26,BUNDLE5,Google Pay,Pickup Point,6,Packed,Packed
100436,2026-01-10,Android App,204837,Emma,Johnson,emma.johnson@example-shop.com,11000000321,"1255 North Norman Place, Los Angeles, California 90049, United States",United States,USD,US-NJ Newark Fulfilment Center,Pioneer Storage Cube X,Furniture,28,5,140.0,15,8,14.0,141.0,Refunded,Processing,2026-01-20,CLEARANCE30,Credit Card,Freight Delivery,1,Shipped,Shipped
100437,2026-04-05,Marketplace,176819,Daniel,Thomas,daniel.thomas@example-shop.com,11000000058,"2328 Westridge Road, Los Angeles, California 90049, United States",United States,USD,US-NJ Newark Fulfilment Center,Harbor Monitor Stand S2,Furniture,194,4,776.0,16,17,77.60000000000001,746.44,Refunded,Processing,2026-04-09,NEWSLETTER5,Debit Card,In-Store Pickup,2,Delivered,Delivered
100438,2026-05-30,iOS App,663750,Emma,Johnson,emma.johnson@example-shop.com,11000000051,"12825 San Vicente Boulevard, Los Angeles, California 90049, United States",United States,USD,US-CA Ontario Distribution Hub,Aurora Filing Cabinet Pro,Furniture,117,3,351.0,29,6,35.1,290.31,Refunded,Shipped,2026-06-04,CLEARANCE30,Apple Pay,Freight Delivery,5,Processing,Processing
100439,2026-05-22,Social Commerce,323508,Daniel,Thomas,daniel.thomas@example-shop.com,11000000598,"12317 17Th Helena Drive, Los Angeles, California 90049, United States",United States,USD,US-TX Dallas Warehouse,Delta Nightstand 300,Furniture,166,1,166.0,27,20,16.6,157.78,Pending,Packed,2026-05-30,NONE,PayPal,Next Day Delivery,3,Returned,Returned
100440,2026-02-07,Social Commerce,630458,Daniel,Thomas,daniel.thomas@example-shop.com,11000000488,"1020 Granville Avenue, Los Angeles, California 90049, United States",United States,USD,US-IL Joliet Fulfilment Center,Orion TV Stand 300,Furniture,99,1,99.0,16,12,9.9,105.06,Refunded,Cancelled,2026-02-15,BLACKWEEK40,Store Credit,Freight Delivery,10,Returned,Returned
100441,2026-04-21,Android App,378082,Michael,Wilson,michael.wilson@example-shop.com,11000000514,"11775 Bellagio Road, Los Angeles, California 90049, United States",United States,USD,US-CA Ontario Distribution Hub,Juniper Laptop Lite,Electronics,1922,6,11532.0,5,11,1153.2,12119.6,Refunded,Shipped,2026-04-25,CLEARANCE30,Apple Pay,Freight Delivery,5,Shipped,Out for Delivery
100442,2026-02-02,Marketplace,238890,Emma,Johnson,emma.johnson@example-shop.com,11000000941,"15355 Mulholland Drive, Los Angeles, California 90077, United States",United States,USD,US-NJ Newark Fulfilment Center,Nimbus Bookshelf X,Furniture,183,4,732.0,1,19,73.2,816.88,Failed,Processing,2026-02-08,FREESHIP,Credit Card,Economy Shipping,1,Delivered,Delivered
100443,2026-01-11,Android App,465962,Olivia,Davis,olivia.davis@example-shop.com,11000000873,"11801 Kiowa Avenue, Los Angeles, California 90049, United States",United States,USD,US-NJ Newark Fulfilment Center,Aurora Reception Desk Lite,Furniture,767,3,2301.0,30,16,230.1,1856.8,Pending,Processing,2026-01-19,SPRING15,Debit Card,Same Day Delivery,2,Out for Delivery,Out for Delivery
100444,2026-03-20,In-Store Kiosk,172132,Olivia,Davis,olivia.davis@example-shop.com,11000000543,"714 South Bristol Avenue, Los Angeles, California 90049, United States",United States,USD,US-IL Joliet Fulfilment Center,Onyx Bench Pro,Furniture,215,1,215.0,16,14,21.5,216.1,Failed,Cancelled,2026-03-30,FREESHIP,Store Credit,Economy Shipping,10,On Hold,On Hold
100445,2026-04-04,Web Store,356150,Emma,Johnson,emma.johnson@example-shop.com,11000000161,"11636 West Chayote Street, Los Angeles, California 90049, United States",United States,USD,US-GA Atlanta Returns Center,Meridian Projector Pro,Electronics,1832,1,1832.0,2,12,183.2,1990.56,Refunded,Delivered,2026-04-06,BLACKWEEK40,Klarna,Freight Delivery,7,Paid,Paid
100446,2026-01-11,Web Store,487477,Daniel,Thomas,daniel.thomas@example-shop.com,11000000058,"13015 Brentwood Terrace, Los Angeles, California 90049, United States",United States,USD,US-CA Ontario Distribution Hub,Basalt Smartwatch 300,Electronics,141,3,423.0,27,12,42.3,363.09,Pending,Shipped,2026-01-17,SPRING15,Google Pay,Same Day Delivery,6,Pending Payment,Pending Payment
100447,2026-04-02,Marketplace,398830,Olivia,Davis,olivia.davis@example-shop.com,11000000983,"11327 Gladwin Street, Los Angeles, California 90049, United States",United States,USD,US-CA Ontario Distribution Hub,Willow Office Lamp Pro,Furniture,102,2,204.0,5,5,20.4,219.2,Failed,Shipped,2026-04-08,FREESHIP,Google Pay,Economy Shipping,6,Delivered,Delivered
100448,2026-02-23,Phone Order,265409,John,Smith,john.smith@example-shop.com,11000000520,"220 North Bowling Green Way, Los Angeles, California 90049, United States",United States,USD,US-GA Atlanta Returns Center,Cobalt Headphones X,Electronics,396,6,2376.0,2,11,237.6,2577.08,Refunded,Delivered,2026-02-28,CLEARANCE30,Klarna,Freight Delivery,7,Cancelled,Cancelled
100449,2026-06-24,Phone Order,559469,David,Brown,david.brown@example-shop.com,11000000082,"12675 Mountain Crest Lane, Los Angeles, California 90049, United States",United States,USD,US-IL Joliet Fulfilment Center,Maple Graphics Card S1,Electronics,448,3,1344.0,19,17,134.4,1240.04,Paid,Cancelled,2026-07-02,NONE,Store Credit,Express Shipping,10,Cancelled,Cancelled
100450,2026-03-05,Web Store,974244,Emma,Johnson,emma.johnson@example-shop.com,11000000871,"624 North Bonhill Road, Los Angeles, California 90049, United States",United States,USD,US-IL Joliet Fulfilment Center,Nimbus Headphones X,Electronics,315,2,630.0,2,15,63.0,695.4,Failed,Cancelled,2026-03-12,VIP20,Cash on Delivery,Economy Shipping,9,Paid,Paid
100451,2026-06-20,Web Store,669605,John,Smith,john.smith@example-shop.com,11000000190,"2184 Westridge Road, Los Angeles, California 90049, United States",United States,USD,US-NJ Newark Fulfilment Center,Nimbus Graphics Card 200,Electronics,731,6,4386.0,21,13,438.6,3916.54,Pending,Processing,2026-06-29,SPRING15,Debit Card,Same Day Delivery,2,Paid,Paid
100452,2026-01-27,Phone Order,837715,John,Smith,john.smith@example-shop.com,11000000070,"11835 Goshen Avenue, Los Angeles, California 90049, United States",United States,USD,US-GA Atlanta Returns Center,Granite Conference Chair Max,Furniture,508,4,2032.0,27,7,203.2,1693.5600000000002,Failed,Delivered,2026-02-05,FREESHIP,Klarna,Economy Shipping,7,Delivered,Cancelled
100453,2026-04-01,iOS App,417212,Charlotte,Jackson,charlotte.jackson@example-shop.com,11000000609,"13713 Bayliss Road, Los Angeles, California 90049, United States",United States,USD,US-IL Joliet Fulfilment Center,Quartz Standing Desk Plus,Furniture,376,5,1880.0,7,13,188.0,1949.4,Failed,Cancelled,2026-04-10,BUNDLE5,Store Credit,Pickup Point,10,Packed,Packed
100454,2026-05-24,Phone Order,741390,Charlotte,Jackson,charlotte.jackson@example-shop.com,11000000069,"210 South Westgate Avenue, Los Angeles, California 90049, United States",United States,USD,US-TX Dallas Warehouse,Helio Nightstand 100,Furniture,299,6,1794.0,12,16,179.4,1774.12,Failed,Packed,2026-05-29,BUNDLE5,Bank Transfer,Pickup Point,4,Delivered,Cancelled
100455,2026-04-15,Android App,946305,Emma,Johnson,emma.johnson@example-shop.com,11000000691,"746 South Bundy Drive, Los Angeles, California 90049, United States",United States,USD,US-CA Ontario Distribution Hub,Kestrel Coffee Table Pro,Furniture,124,4,496.0,3,25,49.6,555.72,Paid,Shipped,2026-04-25,NONE,Apple Pay,Express Shipping,5,Shipped,Shipped
100456,2026-06-08,iOS App,785743,David,Brown,david.brown@example-shop.com,11000000882,"16632 Park Lane Circle, Los Angeles, California 90049, United States",United States,USD,US-NJ Newark Fulfilment Center,Quill UPS Battery Plus,Electronics,491,5,2455.0,30,21,245.5,1985.0,Pending,Processing,2026-06-17,NONE,Credit Card,Next Day Delivery,1,Processing,Packed
100457,2026-02-09,Android App,654634,John,Smith,john.smith@example-shop.com,11000000240,"11384 Thurston Place, Los Angeles, California 90049, United States",United States,USD,US-GA Atlanta Returns Center,Willow Nightstand S1,Furniture,284,1,284.0,28,17,28.4,249.88,Pending,Delivered,2026-02-13,NONE,Klarna,Next Day Delivery,7,Out for Delivery,Out for Delivery
100458,2026-03-02,Web Store,108203,Olivia,Davis,olivia.davis@example-shop.com,11000000413,"11654 Gorham Place, Los Angeles, California 90049, United States",United States,USD,US-NJ Newark Fulfilment Center,Orion Shoe Rack 200,Furniture,202,1,202.0,18,22,20.200000000000003,207.84,Pending,Processing,2026-03-05,SPRING15,Credit Card,Same Day Delivery,1,Paid,Paid
100459,2026-02-11,iOS App,800305,David,Brown,david.brown@example-shop.com,11000000122,"435 South Cliffwood Avenue, Los Angeles, California 90049, United States",United States,USD,US-IL Joliet Fulfilment Center,Aster Standing Desk S1,Furniture,1011,1,1011.0,7,15,101.1,1056.33,Refunded,Cancelled,2026-02-17,LOYALTY10,Cash on Delivery,In-Store Pickup,9,Packed,Packed
100460,2026-02-15,Android App,956795,Michael,Wilson,michael.wilson@example-shop.com,11000000964,"1505 Roscomare Road, Los Angeles, California 90077, United States",United States,USD,US-IL Joliet Fulfilment Center,Juniper Meeting Table X,Furniture,1593,6,9558.0,18,5,955.8,8798.359999999999,Pending,Cancelled,2026-02-25,NONE,Cash on Delivery,Next Day Delivery,9,Out for Delivery,Out for Delivery
100461,2026-04-16,Android App,681542,Emma,Johnson,emma.johnson@example-shop.com,11000000911,"2813 Moraga Drive, Los Angeles, California 90077, United States",United States,USD,US-TX Dallas Warehouse,Onyx Graphics Card 200,Electronics,995,2,1990.0,19,8,199.0,1818.9,Pending,Packed,2026-04-23,WELCOME10,Bank Transfer,Same Day Delivery,4,Shipped,Shipped
100462,2026-01-07,iOS App,413921,Olivia,Davis,olivia.davis@example-shop.com,11000000583,"524 North Rockingham Avenue, Los Angeles, California 90049, United States",United States,USD,US-CA Ontario Distribution Hub,Quill Smartwatch 200,Electronics,250,5,1250.0,1,13,125.0,1375.5,Paid,Shipped,2026-01-10,NONE,Google Pay,Express Shipping,6,Processing,Packed
100463,2026-02-15,Marketplace,795613,David,Brown,david.brown@example-shop.com,11000000252,"15561 Aqua Verde Drive, Los Angeles, California 90077, United States",United States,USD,US-GA Atlanta Returns Center,Nova Conference Camera X,Electronics,282,1,282.0,19,10,28.200000000000003,266.62,Refunded,Delivered,2026-02-20,NEWSLETTER5,Klarna,In-Store Pickup,7,Delivered,Delivered
100464,2026-03-27,In-Store Kiosk,208618,David,Brown,david.brown@example-shop.com,11000000592,"219 South Barrington Avenue, Los Angeles, California 90049, United States",United States,USD,US-NJ Newark Fulfilment Center,Willow NAS Enclosure 200,Electronics,817,3,2451.0,2,23,245.1,2670.08,Refunded,Processing,2026-04-02,NEWSLETTER5,Debit Card,In-Store Pickup,2,Awaiting Pickup,Awaiting Pickup
100465,2026-04-16,Phone Order,240814,Daniel,Thomas,daniel.thomas@example-shop.com,11000000608,"15431 Mulholland Drive, Los Angeles, California 90077, United States",United States,USD,US-CA Ontario Distribution Hub,Aurora Footrest Plus,Furniture,60,5,300.0,13,13,30.0,304.0,Failed,Shipped,2026-04-21,BUNDLE5,Google Pay,Pickup Point,6,Delivered,Delivered
100466,2026-06-21,Social Commerce,377312,John,Smith,john.smith@example-shop.com,11000000040,"11940 Mayfield Avenue, Los Angeles, California 90049, United States",United States,USD,US-IL Joliet Fulfilment Center,Atlas Drawer Unit 100,Furniture,121,5,605.0,21,6,60.5,544.45,Refunded,Cancelled,2026-06-26,CLEARANCE30,Store Credit,Freight Delivery,10,Refunded,Returned
100467,2026-03-05,Android App,221035,Michael,Wilson,michael.wilson@example-shop.com,11000000634,"2191 Linda Flora Drive, Los Angeles, California 90077, United States",United States,USD,US-CA Ontario Distribution Hub,Indigo Office Lamp S2,Furniture,170,2,340.0,18,8,34.0,320.8,Refunded,Shipped,2026-03-09,NEWSLETTER5,Google Pay,In-Store Pickup,6,Shipped,Shipped
100468,2026-03-10,Phone Order,212235,Olivia,Davis,olivia.davis@example-shop.com,11000000083,"11707 Montana Avenue, Los Angeles, California 90049, United States",United States,USD,US-NJ Newark Fulfilment Center,Pioneer Laptop Lite,Electronics,1852,4,7408.0,18,24,740.8000000000001,6839.36,Paid,Processing,2026-03-12,NONE,Debit Card,Standard Shipping,2,Cancelled,Cancelled
100469,2026-02-10,In-Store Kiosk,878480,Charlotte,Jackson,charlotte.jackson@example-shop.com,11000000429,"2496 Devonport Lane, Los Angeles, California 90077, United States",United States,USD,US-CA Ontario Distribution Hub,Quartz Network Switch S2,Electronics,366,2,732.0,16,18,73.2,706.08,Pending,Shipped,2026-02-12,WELCOME10,Apple Pay,Same Day Delivery,5,On Hold,On Hold
100470,2026-06-29,Social Commerce,680097,Olivia,Davis,olivia.davis@example-shop.com,11000000673,"12328 Montana Avenue, Los Angeles, California 90049, United States",United States,USD,US-IL Joliet Fulfilment Center,Aster TV Stand 300,Furniture,180,1,180.0,10,16,18.0,196.0,Refunded,Cancelled,2026-07-04,NEWSLETTER5,Cash on Delivery,In-Store Pickup,9,Returned,Returned
100471,2026-01-28,Phone Order,262998,Ava,Anderson,ava.anderson@example-shop.com,11000000597,"12855 West Sunset Boulevard, Los Angeles, California 90049, United States",United States,USD,US-CA Ontario Distribution Hub,Indigo Room Divider Pro,Furniture,93,3,279.0,29,15,27.9,240.99,Refunded,Shipped,2026-02-06,LOYALTY10,Apple Pay,In-Store Pickup,5,Delivered,Delivered
100472,2026-04-08,Web Store,385577,Daniel,Thomas,daniel.thomas@example-shop.com,11000000578,"2286 Canyonback Road, Los Angeles, California 90049, United States",United States,USD,US-GA Atlanta Returns Center,Quill Filing Cabinet S1,Furniture,283,3,849.0,8,18,84.9,883.98,Paid,Delivered,2026-04-11,NONE,Klarna,Standard Shipping,7,Pending Payment,Pending Payment
100473,2026-01-10,Social Commerce,395442,Sophia,Moore,sophia.moore@example-shop.com,11000000535,"1131 Westgate Avenue, Los Angeles, California 90049, United States",United States,USD,US-CA Ontario Distribution Hub,Lumen Whiteboard S1,Furniture,366,1,366.0,6,24,36.6,404.64,Refunded,Shipped,2026-01-19,LOYALTY10,Google Pay,In-Store Pickup,6,Returned,Returned
100474,2026-05-01,In-Store Kiosk,734210,Olivia,Davis,olivia.davis@example-shop.com,11000000323,"11350 Isleta Street, Los Angeles, California 90049, United States",United States,USD,US-GA Atlanta Returns Center,Kestrel Office Lamp 200,Furniture,92,3,276.0,21,21,27.6,266.64,Refunded,Delivered,2026-05-09,BLACKWEEK40,Klarna,Freight Delivery,7,Awaiting Pickup,Awaiting Pickup
100475,2026-02-26,Phone Order,320861,Ava,Anderson,ava.anderson@example-shop.com,11000000957,"936 North Kenter Avenue, Los Angeles, California 90049, United States",United States,USD,US-CA Ontario Distribution Hub,Lumen Coffee Table Max,Furniture,435,2,870.0,22,8,87.0,773.6,Paid,Shipped,2026-03-03,NONE,Apple Pay,Standard Shipping,5,Delivered,Delivered
100476,2026-02-21,Android App,852470,Ava,Anderson,ava.anderson@example-shop.com,11000000267,"315 North Saltair Avenue, Los Angeles, California 90049, United States",United States,USD,US-IL Joliet Fulfilment Center,Maple Chair Lite,Furniture,443,6,2658.0,10,17,265.8,2675.0,Failed,Cancelled,2026-03-01,FLASH25,Cash on Delivery,Pickup Point,9,Shipped,Out for Delivery
100477,2026-04-28,Social Commerce,459536,Charlotte,Jackson,charlotte.jackson@example-shop.com,11000000209,"2688 Casiano Road, Los Angeles, California 90077, United States",United States,USD,US-TX Dallas Warehouse,Quartz Footrest Pro,Furniture,33,2,66.0,7,23,6.6000000000000005,90.98,Failed,Packed,2026-05-07,VIP20,PayPal,Economy Shipping,3,Returned,Returned
100478,2026-03-31,Web Store,313487,Sophia,Moore,sophia.moore@example-shop.com,11000000685,"11838 Dorothy Street, Los Angeles, California 90049, United States",United States,USD,US-TX Dallas Warehouse,Zephyr Lounge Chair 300,Furniture,494,6,2964.0,8,11,296.40000000000003,3034.28,Refunded,Packed,2026-04-08,LOYALTY10,Bank Transfer,In-Store Pickup,4,Paid,Paid
100479,2026-03-20,iOS App,820892,Olivia,Davis,olivia.davis@example-shop.com,11000000733,"391 South Saltair Avenue, Los Angeles, California 90049, United States",United States,USD,US-GA Atlanta Returns Center,Nimbus Bench 300,Furniture,240,1,240.0,12,13,24.0,248.2,Refunded,Delivered,2026-03-25,NEWSLETTER5,Klarna,In-Store Pickup,7,Processing,Processing
100480,2026-02-28,Android App,765046,Emma,Johnson,emma.johnson@example-shop.com,11000000321,"13624 Bayliss Road, Los Angeles, California 90049, United States",United States,USD,US-GA Atlanta Returns Center,Tablet,Electronics,450,3,1350.0,4,6,135.0,1437.0,Pending,Delivered,2026-03-04,SPRING15,Klarna,Same Day Delivery,7,Shipped,Shipped
100481,2026-02-27,Web Store,994343,Michael,Wilson,michael.wilson@example-shop.com,11000000244,"11701 Bel Air Crest Road, Los Angeles, California 90077, United States",United States,USD,US-TX Dallas Warehouse,Willow Label Printer 100,Electronics,78,5,390.0,21,18,39.0,365.1,Refunded,Packed,2026-03-01,BLACKWEEK40,PayPal,Freight Delivery,3,Paid,Paid
100482,2026-01-07,Web Store,376807,Emma,Johnson,emma.johnson@example-shop.com,11000000271,"2124 Stratford Circle, Los Angeles, California 90077, United States",United States,USD,US-IL Joliet Fulfilment Center,Fjord Coffee Table S1,Furniture,292,4,1168.0,20,5,116.8,1056.2,Pending,Cancelled,2026-01-10,SPRING15,Store Credit,Same Day Delivery,10,Paid,Paid
100483,2026-06-18,Social Commerce,629959,Sophia,Moore,sophia.moore@example-shop.com,11000000405,"12301 Ridge Circle, Los Angeles, California 90049, United States",United States,USD,US-IL Joliet Fulfilment Center,Verdant Conference Camera 300,Electronics,1307,5,6535.0,9,21,653.5,6621.35,Failed,Cancelled,2026-06-26,FREESHIP,Store Credit,Economy Shipping,10,Refunded,Refunded
100484,2026-02-19,Phone Order,612262,Michael,Wilson,michael.wilson@example-shop.com,11000000134,"11686 San Vicente Boulevard, Los Angeles, California 90049, United States",United States,USD,US-CA Ontario Distribution Hub,Tundra Dresser Max,Furniture,688,6,4128.0,14,22,412.8,3984.88,Refunded,Shipped,2026-02-24,NEWSLETTER5,Apple Pay,In-Store Pickup,5,Delivered,Cancelled
100485,2026-04-13,iOS App,363319,Ava,Anderson,ava.anderson@example-shop.com,11000000687,"325 South Kenter Avenue, Los Angeles, California 90049, United States",United States,USD,US-GA Atlanta Returns Center,Lumen Smartwatch S2,Electronics,703,2,1406.0,10,11,140.6,1417.0,Refunded,Delivered,2026-04-17,BLACKWEEK40,Klarna,Freight Delivery,7,Processing,Processing
100486,2026-03-26,Android App,987204,John,Smith,john.smith@example-shop.com,11000000660,"738 South Bristol Avenue, Los Angeles, California 90049, United States",United States,USD,US-IL Joliet Fulfilment Center,Summit Scanner 300,Electronics,87,2,174.0,29,16,17.400000000000002,156.94,Paid,Cancelled,2026-04-05,NONE,Cash on Delivery,Standard Shipping,9,Shipped,Shipped
100487,2026-03-13,Android App,153266,Ava,Anderson,ava.anderson@example-shop.com,11000000307,"2381 Roscomare Road, Los Angeles, California 90077, United States",United States,USD,US-NJ Newark Fulfilment Center,Granite Desk Plus,Furniture,378,2,756.0,24,18,75.60000000000001,668.16,Refunded,Processing,2026-03-22,LOYALTY10,Credit Card,In-Store Pickup,1,Shipped,Shipped
100488,2026-01-18,Phone Order,196781,Daniel,Thomas,daniel.thomas@example-shop.com,11000000468,"1160 South Carmelina Avenue, Los Angeles, California 90049, United States",United States,USD,US-CA Ontario Distribution Hub,Indigo Speaker 200,Electronics,549,2,1098.0,29,7,109.8,896.3799999999999,Failed,Shipped,2026-01-20,BUNDLE5,Apple Pay,Pickup Point,5,Cancelled,Cancelled
100489,2026-03-13,iOS App,765095,Olivia,Davis,olivia.davis@example-shop.com,11000000323,"12111 Santa Monica Boulevard, Los Angeles, California 90025, United States",United States,USD,US-CA Ontario Distribution Hub,Vertex Laptop Max,Electronics,1955,4,7820.0,2,15,782.0,8460.6,Refunded,Shipped,2026-03-23,LOYALTY10,Apple Pay,In-Store Pickup,5,Packed,Packed
100490,2026-03-31,Social Commerce,544151,Emma,Johnson,emma.johnson@example-shop.com,11000000951,"12138 Santa Monica Boulevard, Los Angeles, California 90025, United States",United States,USD,US-TX Dallas Warehouse,Fjord Footrest S1,Furniture,67,1,67.0,0,24,6.7,97.7,Pending,Packed,2026-04-05,NONE,Bank Transfer,Next Day Delivery,4,Refunded,Returned
100491,2026-06-14,Android App,969634,Charlotte,Jackson,charlotte.jackson@example-shop.com,11000000769,"12466 Promontory Road, Los Angeles, California 90049, United States",United States,USD,US-GA Atlanta Returns Center,Aster Chair Pro,Furniture,176,2,352.0,14,15,35.2,352.92,Refunded,Delivered,2026-06-17,CLEARANCE30,Klarna,Freight Delivery,7,Out for Delivery,Shipped
100492,2026-05-11,iOS App,390120,Daniel,Thomas,daniel.thomas@example-shop.com,11000000958,"127 South Barrington Place, Los Angeles, California 90049, United States",United States,USD,US-IL Joliet Fulfilment Center,Meridian Network Switch 100,Electronics,453,6,2718.0,19,8,271.8,2481.38,Pending,Cancelled,2026-05-20,NONE,Store Credit,Next Day Delivery,10,Packed,Packed
100493,2026-04-13,Social Commerce,146228,Michael,Wilson,michael.wilson@example-shop.com,11000000074,"11923 Saltair Terrace, Los Angeles, California 90049, United States",United States,USD,US-IL Joliet Fulfilment Center,Summit Lounge Chair 200,Furniture,339,3,1017.0,18,14,101.7,949.64,Paid,Cancelled,2026-04-17,NONE,Store Credit,Standard Shipping,10,Returned,Returned
100494,2026-06-23,Social Commerce,103717,Charlotte,Jackson,charlotte.jackson@example-shop.com,11000000009,"1871 Kimberly Lane, Los Angeles, California 90049, United States",United States,USD,US-CA Ontario Distribution Hub,Delta Dining Table Plus,Furniture,737,4,2948.0,3,21,294.8,3175.36,Refunded,Shipped,2026-07-02,LOYALTY10,Google Pay,In-Store Pickup,6,Returned,Returned
100495,2026-05-18,In-Store Kiosk,449759,Charlotte,Jackson,charlotte.jackson@example-shop.com,11000000469,"407 North Skyewiay Road, Los Angeles, California 90049, United States",United States,USD,US-GA Atlanta Returns Center,Basalt Docking Station S1,Electronics,78,6,468.0,2,14,46.8,519.4399999999999,Paid,Delivered,2026-05-28,NONE,Gift Card,Standard Shipping,8,Awaiting Pickup,On Hold
100496,2026-03-26,Android App,908577,James,Taylor,james.taylor@example-shop.com,11000000636,"1050 Acanto Place, Los Angeles, California 90049, United States",United States,USD,US-GA Atlanta Returns Center,Granite Nightstand Pro,Furniture,165,6,990.0,17,18,99.0,938.7,Paid,Delivered,2026-04-05,NONE,Gift Card,Express Shipping,8,Shipped,Shipped
100497,2026-01-08,Phone Order,237174,James,Taylor,james.taylor@example-shop.com,11000000576,"199 Barrington Avenue, Los Angeles, California 90049, United States",United States,USD,US-GA Atlanta Returns Center,Maple Room Divider S2,Furniture,515,2,1030.0,6,15,103.0,1086.2,Refunded,Delivered,2026-01-15,NEWSLETTER5,Gift Card,In-Store Pickup,8,Delivered,Delivered
100498,2026-01-30,Marketplace,768061,David,Brown,david.brown@example-shop.com,11000000102,"2095 Linda Flora Drive, Los Angeles, California 90077, United States",United States,USD,US-TX Dallas Warehouse,Kestrel Label Printer Lite,Electronics,315,3,945.0,16,17,94.5,905.3,Pending,Packed,2026-02-08,NONE,Bank Transfer,Next Day Delivery,4,Delivered,Delivered
100499,2026-03-08,Android App,374680,Sophia,Moore,sophia.moore@example-shop.com,11000000075,"12608 West Sunset Boulevard, Los Angeles, California 90049, United States",United States,USD,US-IL Joliet Fulfilment Center,Atlas Bar Stool Lite,Furniture,167,2,334.0,8,14,33.4,354.67999999999995,Refunded,Cancelled,2026-03-18,CLEARANCE30,Cash on Delivery,Freight Delivery,9,Shipped,Shipped
100500,2026-02-15,In-Store Kiosk,269430,John,Smith,john.smith@example-shop.com,11000000550,"641 Tuallitan Road, Los Angeles, California 90049, United States",United States,USD,US-GA Atlanta Returns Center,Helio Speaker S2,Electronics,100,6,600.0,4,22,60.0,658.0,Pending,Delivered,2026-02-23,NONE,Gift Card,Next Day Delivery,8,Awaiting Pickup,Awaiting Pickup
