product,category,unit_price
Laptop,Electronics,1200
Mouse,Electronics,25
Desk,Furniture,300
Chair,Furniture,85
Keyboard,Electronics,70
Monitor,Electronics,250
Tablet,Electronics,450
Printer,Electronics,180
Bookshelf,Furniture,220
Coffee Table,Furniture,160
Headphones,Electronics,95
Webcam,Electronics,55
Microphone,Electronics,130
Standing Desk,Furniture,540
Office Lamp,Furniture,45
Router,Electronics,110
SSD Drive,Electronics,140
Projector,Electronics,620
Conference Chair,Furniture,190
Drawer Unit,Furniture,150
Basalt Office Lamp Pro,Furniture,130
Slate Conference Camera Max,Electronics,1339
Basalt Graphics Card X,Electronics,1241
Delta Monitor Stand X,Furniture,163
Lumen Cabinet Pro,Furniture,663
Vertex Dresser Pro,Furniture,541
Slate Chair S1,Furniture,121
Quartz Standing Desk Plus,Furniture,376
Rowan Projector S2,Electronics,1723
Orion Reception Desk Lite,Furniture,2019
Slate Laptop Lite,Electronics,2132
Kestrel Barcode Scanner 100,Electronics,340
Aurora Whiteboard Lite,Furniture,173
Vertex Smartphone Max,Electronics,1452
Zephyr Microphone S2,Electronics,80
Slate Tablet Max,Electronics,1078
Summit Nightstand X,Furniture,138
Lumen Bookshelf 200,Furniture,352
Zenith Docking Station S2,Electronics,272
Atlas Microphone Max,Electronics,289
Umber Reception Desk S1,Furniture,1961
Quill Storage Cube Plus,Furniture,45
Umber Bench S1,Furniture,394
Larch Side Table Lite,Furniture,254
Slate Scanner 300,Electronics,257
Granite Docking Station Lite,Electronics,215
Verdant Barcode Scanner Lite,Electronics,376
Zephyr USB Hub Lite,Electronics,42
Summit Conference Chair S1,Furniture,158
Maple Recliner 200,Furniture,1320
Larch Smartphone 300,Electronics,1247
Juniper USB Hub Plus,Electronics,94
Zenith Cabinet 200,Furniture,500
Willow TV Stand 300,Furniture,518
Orion Printer X,Electronics,612
Indigo Dining Table 200,Furniture,1359
Umber Bookshelf S1,Furniture,509
Orion Monitor Stand Lite,Furniture,184
Delta Office Lamp 100,Furniture,130
Rowan Filing Cabinet Pro,Furniture,196
Nimbus Lounge Chair 100,Furniture,376
Umber Sofa 100,Furniture,1698
Ridge Dining Table 100,Furniture,513
Orion Drawer Unit S1,Furniture,351
Delta Bar Stool Plus,Furniture,77
Maple Headphones 100,Electronics,135
Beacon Lounge Chair 200,Furniture,373
Basalt Sofa 200,Furniture,422
Beacon Network Switch Pro,Electronics,397
Lumen Console Table S2,Furniture,192
Onyx Desk Pro,Furniture,547
Yarrow Chair 100,Furniture,317
Indigo Room Divider S1,Furniture,477
Ember SSD Drive Max,Electronics,369
Summit External HDD 200,Electronics,297
Fjord TV Stand 200,Furniture,289
Tundra Storage Cube Max,Furniture,25
Kestrel Network Switch 300,Electronics,324
Ember NAS Enclosure Plus,Electronics,1092
Quill Storage Cube 200,Furniture,108
Nimbus Label Printer 300,Electronics,351
Basalt External HDD Pro,Electronics,154
Harbor SSD Drive X,Electronics,195
Nimbus Barcode Scanner 300,Electronics,320
Verdant Recliner Lite,Furniture,1610
Aurora Meeting Table S2,Furniture,1319
Rowan Office Lamp S2,Furniture,106
Harbor Capture Card S1,Electronics,413
Zenith Office Lamp 300,Furniture,65
Quartz UPS Battery 100,Electronics,243
Kestrel Graphics Card Lite,Electronics,305
Zenith NAS Enclosure Pro,Electronics,388
Indigo Conference Camera 300,Electronics,834
Lumen External HDD Max,Electronics,80
Pioneer Router S1,Electronics,62
Meridian Speaker Plus,Electronics,281
Aster Console Table Pro,Furniture,411
Fjord Bench S2,Furniture,75
Yarrow Bar Stool Lite,Furniture,109
Willow Conference Camera Pro,Electronics,467
Larch Cabinet 100,Furniture,814
Meridian Office Lamp Lite,Furniture,65
Yarrow Graphics Tablet S2,Electronics,602
Quartz Standing Desk Max,Furniture,1344
Beacon Bar Stool X,Furniture,269
Onyx External HDD Pro,Electronics,90
Summit Bar Stool X,Furniture,108
Xenon Wardrobe S1,Furniture,751
Basalt Cabinet S1,Furniture,789
Rowan USB Hub Plus,Electronics,65
Vertex Projector Pro,Electronics,652
Vertex Projector X,Electronics,637
Ember Meeting Table 300,Furniture,1507
Nova Webcam Lite,Electronics,227
Tundra UPS Battery Pro,Electronics,770
Ember Whiteboard 300,Furniture,122
Juniper Filing Cabinet S2,Furniture,500
Lumen Footrest 200,Furniture,165
Juniper Wireless Presenter 300,Electronics,31
Onyx Power Bank S1,Electronics,92
Kestrel UPS Battery Lite,Electronics,738
Larch Docking Station X,Electronics,296
Kestrel Docking Station X,Electronics,191
Harbor Meeting Table 200,Furniture,844
Tundra Docking Station 100,Electronics,215
Nova TV Stand S2,Furniture,512
Ridge Storage Cube 100,Furniture,46
Beacon Footrest S2,Furniture,53
Atlas Graphics Tablet X,Electronics,856
Quartz Dresser Lite,Furniture,902
Lumen Dresser 200,Furniture,737
Orion Office Lamp Max,Furniture,160
Tundra Side Table S1,Furniture,125
Cobalt Room Divider 200,Furniture,428
Verdant Desk 200,Furniture,561
Zenith Wireless Presenter Plus,Electronics,48
Aster Desk S2,Furniture,725
Ember Monitor Stand Lite,Furniture,178
Granite SSD Drive 100,Electronics,423
Granite Graphics Card Lite,Electronics,1626
Tundra Tablet Max,Electronics,605
Juniper Console Table Plus,Furniture,393
Nimbus Laptop 100,Electronics,1265
Maple Speaker S1,Electronics,211
Summit Capture Card 100,Electronics,321
Slate Office Lamp X,Furniture,124
Verdant Desk X,Furniture,404
Vertex Power Bank Lite,Electronics,79
Granite Drawer Unit Lite,Furniture,176
Onyx Scanner 200,Electronics,599
Aurora Whiteboard Pro,Furniture,99
Umber Nightstand S1,Furniture,148
Delta Standing Desk Pro,Furniture,1486
Verdant Network Switch Plus,Electronics,470
Cobalt Standing Desk S2,Furniture,420
Willow Network Switch S1,Electronics,409
Maple Desk S2,Furniture,807
Quartz UPS Battery 300,Electronics,630
Summit Router Pro,Electronics,142
Atlas Desk 100,Furniture,553
Rowan Headphones Plus,Electronics,132
Xenon Bar Stool S2,Furniture,230
Maple External HDD Lite,Electronics,290
Aurora Smartphone Plus,Electronics,616
Pioneer Smartphone Pro,Electronics,254
Quartz Bench 100,Furniture,280
Verdant External HDD Lite,Electronics,196
Rowan Tablet Plus,Electronics,424
Helio Capture Card S2,Electronics,404
Meridian Lounge Chair Lite,Furniture,868
Indigo Printer 100,Electronics,341
Tundra Conference Camera Max,Electronics,690
Fjord Graphics Tablet 100,Electronics,116
Aurora Docking Station Max,Electronics,307
Aster Smartphone S2,Electronics,462
Nova Drawer Unit S1,Furniture,241
Umber Microphone S2,Electronics,68
Meridian Reception Desk X,Furniture,1483
Umber Smartphone Max,Electronics,897
Cobalt Scanner Lite,Electronics,293
Aurora USB Hub Max,Electronics,91
Aurora Graphics Card 100,Electronics,1176
Harbor Capture Card Max,Electronics,340
Xenon Microphone Pro,Electronics,317
Zephyr Filing Cabinet S2,Furniture,112
Cobalt Lounge Chair Plus,Furniture,902
Kestrel Meeting Table Plus,Furniture,351
Zephyr Scanner 300,Electronics,509
Lumen Drawer Unit X,Furniture,286
Tundra Bar Stool Max,Furniture,94
Rowan Keyboard 300,Electronics,108
Willow Filing Cabinet Plus,Furniture,215
Fjord Chair Plus,Furniture,407
Larch Lounge Chair X,Furniture,364
Orion Whiteboard 200,Furniture,334
Ember Printer 200,Electronics,532
Basalt Drawer Unit Pro,Furniture,272
Nimbus Keyboard S2,Electronics,71
Xenon Lounge Chair 300,Furniture,674
Slate Smartwatch Plus,Electronics,280
Juniper Dresser S1,Furniture,503
Nimbus Monitor Stand Plus,Furniture,42
Willow Monitor 100,Electronics,705
Xenon UPS Battery S2,Electronics,130
Cobalt Bench Max,Furniture,192
Kestrel Dining Table X,Furniture,1203
Summit SSD Drive X,Electronics,300
Harbor Graphics Card 300,Electronics,265
Larch Chair X,Furniture,522
Orion Conference Chair X,Furniture,522
Maple Docking Station 300,Electronics,125
Zephyr Capture Card Plus,Electronics,152
Delta Bar Stool 100,Furniture,101
Tundra Network Switch 100,Electronics,395
Tundra USB Hub Pro,Electronics,22
Quill Wireless Presenter X,Electronics,98
Quill Power Bank Pro,Electronics,74
Ridge Dresser 300,Furniture,416
Kestrel Conference Camera Max,Electronics,184
Fjord Bar Stool 300,Furniture,63
Slate Laptop Plus,Electronics,1927
Ember Recliner 100,Furniture,488
Kestrel Chair Plus,Furniture,575
Verdant Conference Chair 200,Furniture,420
Ridge Smartwatch Pro,Electronics,218
Aurora Smartwatch S1,Electronics,301
Quartz Label Printer Max,Electronics,298
Orion Speaker Lite,Electronics,538
Orion Docking Station 200,Electronics,115
Granite Lounge Chair S2,Furniture,1019
Orion Storage Cube S2,Furniture,163
Tundra Recliner 100,Furniture,1286
Delta Console Table 200,Furniture,246
Maple Shoe Rack S2,Furniture,100
Fjord Printer Plus,Electronics,131
Beacon NAS Enclosure Max,Electronics,814
Quill Printer X,Electronics,552
Quartz Keyboard 100,Electronics,48
Zephyr Laptop Max,Electronics,1187
Orion Microphone Max,Electronics,57
Aster Whiteboard S2,Furniture,262
Granite NAS Enclosure 300,Electronics,320
Fjord Recliner 300,Furniture,752
Maple Power Bank S1,Electronics,72
Quill Webcam X,Electronics,201
Quartz Conference Camera 200,Electronics,995
Vertex Speaker Max,Electronics,69
Aster Standing Desk 300,Furniture,1391
Pioneer Lounge Chair S1,Furniture,517
Verdant Speaker 200,Electronics,502
Lumen Wardrobe 100,Furniture,1260
Cedar Recliner Pro,Furniture,1294
Willow Printer 200,Electronics,610
Fjord Monitor Stand Max,Furniture,122
Indigo Console Table Lite,Furniture,407
Fjord Wardrobe S2,Furniture,462
Zenith Docking Station Plus,Electronics,120
Slate Monitor Stand S1,Furniture,142
Cobalt TV Stand S1,Furniture,538
Lumen Mouse 300,Electronics,41
Tundra Footrest Max,Furniture,131
Juniper Speaker S2,Electronics,361
Tundra Side Table 300,Furniture,104
Lumen Wireless Presenter S1,Electronics,64
Onyx Wireless Presenter 200,Electronics,129
Summit Conference Chair 300,Furniture,294
Summit Side Table Plus,Furniture,178
Atlas Network Switch Plus,Electronics,362
Rowan UPS Battery Pro,Electronics,700
Aurora Bench Max,Furniture,387
Vertex UPS Battery 300,Electronics,738
Indigo Scanner 200,Electronics,454
Summit Smartphone S2,Electronics,578
Xenon Footrest S1,Furniture,146
Slate Scanner Pro,Electronics,408
Summit Console Table Max,Furniture,430
Quill Router 300,Electronics,195
Beacon Mouse 100,Electronics,81
Basalt NAS Enclosure Lite,Electronics,913
Slate Projector X,Electronics,1153
Onyx External HDD 300,Electronics,193
Granite Capture Card Plus,Electronics,429
Lumen Monitor Stand Plus,Furniture,46
Yarrow Storage Cube Lite,Furniture,72
Quartz Keyboard S2,Electronics,193
Lumen Conference Camera 300,Electronics,189
Lumen Chair Max,Furniture,537
Nimbus Laptop 300,Electronics,2287
Ember Printer Lite,Electronics,550
Nova TV Stand 100,Furniture,187
Basalt Wardrobe Lite,Furniture,652
Basalt Conference Camera Pro,Electronics,924
Umber Chair S1,Furniture,351
Beacon Reception Desk Plus,Furniture,2047
Basalt Mouse S2,Electronics,18
Tundra Wardrobe Lite,Furniture,576
Umber Graphics Card Lite,Electronics,971
Harbor Scanner Plus,Electronics,450
Harbor Sofa Plus,Furniture,1820
Fjord Smartphone 100,Electronics,542
Quill Whiteboard 100,Furniture,90
Quill Standing Desk 200,Furniture,487
Harbor Standing Desk Pro,Furniture,1463
Atlas Label Printer Plus,Electronics,248
Cedar Bench Lite,Furniture,387
Orion Graphics Card 300,Electronics,481
Zephyr Room Divider Plus,Furniture,509
Summit Projector Plus,Electronics,652
Lumen Wireless Presenter 300,Electronics,108
Indigo Dining Table 300,Furniture,634
Summit Wardrobe S2,Furniture,720
Nimbus Mouse Max,Electronics,50
Xenon Webcam Pro,Electronics,55
Xenon Reception Desk 100,Furniture,1777
Umber Drawer Unit Max,Furniture,253
Ember Reception Desk 100,Furniture,879
Willow Lounge Chair 200,Furniture,679
Rowan Speaker 300,Electronics,118
Maple Conference Chair S2,Furniture,204
Vertex Console Table X,Furniture,152
Tundra Microphone 300,Electronics,223
Meridian Tablet Max,Electronics,457
Aurora Power Bank 200,Electronics,46
Indigo Mouse 300,Electronics,73
Cedar Dresser 100,Furniture,803
Juniper Headphones 200,Electronics,183
Ridge NAS Enclosure Lite,Electronics,1054
Lumen Wireless Presenter Max,Electronics,105
Cobalt Filing Cabinet Max,Furniture,388
Kestrel Lounge Chair Plus,Furniture,424
Quill Conference Camera 300,Electronics,572
Summit Conference Chair 200,Furniture,347
Meridian Mouse 100,Electronics,63
Rowan Power Bank 300,Electronics,54
Orion Office Lamp 100,Furniture,51
Fjord Side Table Lite,Furniture,183
Kestrel Webcam Plus,Electronics,143
Lumen TV Stand 300,Furniture,383
Slate Wireless Presenter S2,Electronics,91
Helio Reception Desk S1,Furniture,715
Lumen Conference Chair S2,Furniture,309
Basalt Desk Pro,Furniture,590
Beacon Headphones Lite,Electronics,140
Nova Smartphone 100,Electronics,993
Indigo Power Bank Plus,Electronics,56
Onyx SSD Drive 200,Electronics,374
Beacon Label Printer Max,Electronics,293
Vertex Side Table 300,Furniture,198
Cedar Printer X,Electronics,439
Maple Router Pro,Electronics,379
Quill NAS Enclosure S1,Electronics,364
Granite Wireless Presenter Max,Electronics,73
Xenon Smartwatch 100,Electronics,300
Xenon Monitor Stand Pro,Furniture,123
Yarrow Filing Cabinet X,Furniture,231
Tundra Capture Card 300,Electronics,434
Onyx Projector S2,Electronics,1817
Meridian Shoe Rack Pro,Furniture,141
Umber Headphones Plus,Electronics,366
Willow Microphone Pro,Electronics,218
Kestrel Label Printer Max,Electronics,105
Quartz External HDD Max,Electronics,200
Lumen Console Table Max,Furniture,352
Atlas Reception Desk Lite,Furniture,1809
Tundra Docking Station 200,Electronics,104
Helio Bench S1,Furniture,117
Yarrow Recliner Plus,Furniture,1313
Vertex Network Switch 300,Electronics,407
Tundra Tablet 300,Electronics,207
Harbor Mouse 100,Electronics,48
Ember TV Stand 200,Furniture,454
Nimbus Meeting Table S1,Furniture,1306
Atlas Network Switch 200,Electronics,460
Quill Console Table Pro,Furniture,510
Onyx Conference Chair X,Furniture,184
Pioneer Nightstand X,Furniture,264
Yarrow Laptop S2,Electronics,1619
Meridian SSD Drive S2,Electronics,318
Granite Chair Max,Furniture,331
Pioneer Office Lamp 100,Furniture,162
Basalt Drawer Unit S1,Furniture,295
Verdant Conference Camera Pro,Electronics,1166
Indigo Laptop X,Electronics,1191
Slate Printer Max,Electronics,405
Kestrel TV Stand Plus,Furniture,568
Verdant UPS Battery S1,Electronics,503
Umber Footrest Max,Furniture,149
Slate Bookshelf Max,Furniture,446
Tundra Headphones S1,Electronics,102
Meridian Capture Card 100,Electronics,277
Aster Nightstand 100,Furniture,295
Zenith Footrest S1,Furniture,30
Delta Shoe Rack Max,Furniture,115
Orion Wireless Presenter Plus,Electronics,120
Granite Recliner 200,Furniture,722
Beacon Router Max,Electronics,371
Orion Power Bank Lite,Electronics,51
Nova UPS Battery 200,Electronics,105
Vertex Desk Lite,Furniture,234
Aster External HDD X,Electronics,120
Delta USB Hub Plus,Electronics,42
Delta Webcam S1,Electronics,112
Juniper Headphones 300,Electronics,128
Cedar USB Hub Plus,Electronics,94
Granite Footrest S1,Furniture,90
Kestrel Smartphone X,Electronics,1492
Atlas Power Bank X,Electronics,118
Rowan Meeting Table 300,Furniture,1440
Cobalt Reception Desk Pro,Furniture,2127
Tundra Bookshelf Lite,Furniture,417
Indigo Side Table 100,Furniture,185
Harbor Recliner S1,Furniture,1433
Cobalt Keyboard Max,Electronics,83
Harbor Cabinet S2,Furniture,447
Slate USB Hub Max,Electronics,19
Orion Storage Cube Plus,Furniture,64
Zenith Drawer Unit Plus,Furniture,91
Meridian Side Table 200,Furniture,200
Rowan Monitor Stand Pro,Furniture,187
Quill Whiteboard Max,Furniture,60
Zenith Room Divider 100,Furniture,90
Umber Shoe Rack 200,Furniture,54
Yarrow Monitor Plus,Electronics,309
Umber Wireless Presenter 300,Electronics,26
Slate Room Divider S2,Furniture,400
Cedar Power Bank Lite,Electronics,54
Meridian Coffee Table Pro,Furniture,462
Beacon Scanner Pro,Electronics,491
Meridian Dresser Pro,Furniture,234
Aurora Bar Stool S2,Furniture,284
Aurora Drawer Unit S1,Furniture,194
Nimbus Projector 100,Electronics,1095
Xenon Bench S2,Furniture,365
Onyx Console Table Lite,Furniture,386
Rowan Keyboard Max,Electronics,74
Cedar Recliner 200,Furniture,1118
Fjord Smartphone 200,Electronics,590
Willow Docking Station 100,Electronics,238
Maple USB Hub Plus,Electronics,79
Yarrow Bar Stool X,Furniture,152
Harbor Reception Desk Lite,Furniture,1462
Delta Drawer Unit Plus,Furniture,264
Aster Coffee Table Pro,Furniture,426
Lumen Console Table Pro,Furniture,567
Tundra Speaker Max,Electronics,321
Orion Mouse 100,Electronics,89
Tundra Printer S2,Electronics,571
Larch Mouse S2,Electronics,30
Lumen Printer Max,Electronics,691
Pioneer Monitor Stand 100,Furniture,52
Verdant Speaker Lite,Electronics,321
Quartz Shoe Rack S2,Furniture,144
Nimbus Router S1,Electronics,89
Cedar Projector S2,Electronics,785
Beacon Monitor Pro,Electronics,379
Tundra Console Table X,Furniture,616
Harbor Barcode Scanner Pro,Electronics,332
Granite USB Hub 200,Electronics,92
Cobalt Filing Cabinet Plus,Furniture,316
Tundra Coffee Table 100,Furniture,281
Zephyr Sofa 200,Furniture,2369
Delta Printer 300,Electronics,398
Slate Graphics Tablet S2,Electronics,779
Pioneer Smartwatch S1,Electronics,216
Helio Standing Desk X,Furniture,696
Onyx Meeting Table Pro,Furniture,651
Xenon Nightstand X,Furniture,178
Orion Chair 300,Furniture,601
Beacon Capture Card S2,Electronics,393
Granite Barcode Scanner Max,Electronics,424
Orion Monitor Stand Plus,Furniture,61
Quartz Smartwatch S1,Electronics,112
Quartz Graphics Card S2,Electronics,471
Aurora Monitor Stand Pro,Furniture,70
Aurora Wardrobe Lite,Furniture,367
Indigo USB Hub 300,Electronics,95
Cedar Router 300,Electronics,275
Larch Dining Table 100,Furniture,408
Cedar Wardrobe Lite,Furniture,978
Orion Room Divider S2,Furniture,514
Delta External HDD Lite,Electronics,220
Helio Tablet Max,Electronics,759
Verdant Headphones 300,Electronics,156
Lumen Desk Plus,Furniture,673
Maple External HDD Pro,Electronics,251
Indigo Bar Stool S2,Furniture,186
Onyx Chair S1,Furniture,590
Maple Room Divider 300,Furniture,129
Kestrel Storage Cube 100,Furniture,108
Cedar Mouse X,Electronics,12
Basalt Lounge Chair 200,Furniture,358
Larch Bar Stool Max,Furniture,253
Quill Chair Lite,Furniture,368
Juniper Barcode Scanner Max,Electronics,172
Zenith Nightstand S2,Furniture,166
Granite Dresser Plus,Furniture,455
Lumen Printer 200,Electronics,628
Maple Tablet Pro,Electronics,723
Ridge Footrest S2,Furniture,55
Zephyr Capture Card S1,Electronics,166
Ember Webcam 100,Electronics,186
Cobalt Power Bank Plus,Electronics,81
Orion Nightstand X,Furniture,297
Larch Drawer Unit Lite,Furniture,129
Quill Reception Desk Plus,Furniture,1768
Aurora Tablet Max,Electronics,644
Zephyr Barcode Scanner 200,Electronics,136
Quartz Standing Desk 300,Furniture,1473
Delta Storage Cube Max,Furniture,40
Willow Recliner Pro,Furniture,1230
Fjord USB Hub 100,Electronics,92
Summit Dresser Plus,Furniture,530
Onyx Graphics Tablet Plus,Electronics,580
Delta Capture Card Max,Electronics,138
Ridge UPS Battery 300,Electronics,715
Basalt Headphones 200,Electronics,169
Cobalt Recliner 200,Furniture,489
Nova Scanner 300,Electronics,266
Cedar UPS Battery Pro,Electronics,552
Zenith Bar Stool Pro,Furniture,236
Harbor Footrest 300,Furniture,69
Vertex Microphone 200,Electronics,308
Cedar Barcode Scanner Pro,Electronics,436
Fjord Dining Table Plus,Furniture,988
Atlas Storage Cube Lite,Furniture,64
Willow Barcode Scanner S2,Electronics,123
Maple Projector Plus,Electronics,619
Delta Filing Cabinet S1,Furniture,137
Onyx Lounge Chair Lite,Furniture,989
Helio Dining Table Pro,Furniture,487
Orion Docking Station Pro,Electronics,90
Tundra Cabinet Max,Furniture,413
Ember Reception Desk S2,Furniture,1398
Slate Drawer Unit Plus,Furniture,194
Orion Graphics Card Max,Electronics,254
Juniper Drawer Unit Max,Furniture,292
Pioneer Network Switch Max,Electronics,267
Zephyr Projector 200,Electronics,1070
Meridian Whiteboard S2,Furniture,308
Slate Shoe Rack Pro,Furniture,51
Juniper Side Table 100,Furniture,145
Maple Barcode Scanner Plus,Electronics,443
Slate Office Lamp S2,Furniture,37
Nova Keyboard 200,Electronics,94
Onyx Wardrobe 100,Furniture,665
Umber Nightstand 300,Furniture,283
Indigo Webcam S2,Electronics,136
Atlas Barcode Scanner S1,Electronics,285
Delta Sofa 100,Furniture,984
Kestrel Conference Camera 300,Electronics,899
Rowan SSD Drive 300,Electronics,315
Pioneer Dresser Lite,Furniture,802
Juniper Shoe Rack X,Furniture,51
Zenith Bar Stool S1,Furniture,143
Delta Bar Stool Lite,Furniture,123
Umber Speaker Plus,Electronics,432
Basalt Wardrobe S1,Furniture,948
Larch Laptop S1,Electronics,2016
Quill Scanner 200,Electronics,344
Maple Webcam 200,Electronics,181
Verdant Headphones Lite,Electronics,105
Pioneer Keyboard Plus,Electronics,63
Maple Footrest X,Furniture,116
Aurora USB Hub S2,Electronics,47
Umber USB Hub Pro,Electronics,71
Slate Reception Desk 200,Furniture,1977
Basalt TV Stand 300,Furniture,114
Onyx Coffee Table S1,Furniture,430
Slate Webcam 100,Electronics,158
Verdant Webcam 100,Electronics,224
Quill Console Table S2,Furniture,495
Onyx USB Hub Lite,Electronics,80
Atlas Graphics Tablet S2,Electronics,893
Delta Bench X,Furniture,326
Ridge Office Lamp Max,Furniture,132
Pioneer Graphics Tablet Pro,Electronics,521
Helio Wardrobe S1,Furniture,816
Harbor Shoe Rack Max,Furniture,177
Vertex Conference Chair Lite,Furniture,382
Indigo Shoe Rack Plus,Furniture,205
Nova Microphone 200,Electronics,127
Aurora Monitor Pro,Electronics,283
Umber Recliner Lite,Furniture,392
Xenon Recliner Lite,Furniture,569
Pioneer Wardrobe S2,Furniture,444
Xenon Cabinet Max,Furniture,812
Helio Shoe Rack Plus,Furniture,73
Nova Sofa X,Furniture,1216
Cedar Smartwatch 300,Electronics,679
Umber Desk S2,Furniture,341
Beacon Office Lamp S2,Furniture,58
Granite Graphics Card 200,Electronics,740
Maple Bar Stool 300,Furniture,122
Yarrow Dining Table Plus,Furniture,914
Granite UPS Battery X,Electronics,411
Orion Filing Cabinet 200,Furniture,402
Kestrel Router 300,Electronics,359
Zenith Router 100,Electronics,256
Harbor Storage Cube Lite,Furniture,83
Atlas Tablet Max,Electronics,454
Slate Storage Cube S2,Furniture,63
Delta Wardrobe S2,Furniture,938
Zenith Console Table X,Furniture,501
Ridge Dining Table 300,Furniture,898
Ember SSD Drive Lite,Electronics,86
Verdant Recliner S2,Furniture,392
Summit Office Lamp Max,Furniture,89
Nova Lounge Chair Lite,Furniture,985
Ember Recliner S2,Furniture,1390
Orion Footrest Lite,Furniture,154
Cedar Microphone S2,Electronics,425
Cobalt Cabinet 200,Furniture,483
Lumen Scanner Plus,Electronics,121
Atlas Desk 200,Furniture,375
Tundra Power Bank Pro,Electronics,19
Lumen Keyboard S1,Electronics,117
Quill USB Hub Plus,Electronics,35
Orion Graphics Card X,Electronics,1229
Aster Network Switch Pro,Electronics,118
Verdant Webcam S2,Electronics,84
Harbor Storage Cube S2,Furniture,132
Granite Power Bank Lite,Electronics,140
Juniper Console Table 300,Furniture,578
Cedar Barcode Scanner Lite,Electronics,185
Lumen Label Printer 200,Electronics,215
Quill Wireless Presenter 300,Electronics,92
Harbor Monitor Stand S2,Furniture,194
Pioneer Router S2,Electronics,102
Atlas Coffee Table 200,Furniture,384
Delta Headphones S1,Electronics,195
Verdant Whiteboard 100,Furniture,224
Pioneer Network Switch S1,Electronics,298
Harbor Smartwatch X,Electronics,362
Atlas External HDD S1,Electronics,265
Meridian Network Switch X,Electronics,385
Ember Dresser X,Furniture,336
Umber Room Divider 100,Furniture,298
Xenon Drawer Unit S1,Furniture,126
Willow Desk 200,Furniture,665
Cobalt Standing Desk Max,Furniture,1357
Zephyr Room Divider X,Furniture,346
Beacon Router 100,Electronics,339
Indigo Wardrobe Max,Furniture,867
Granite Desk 300,Furniture,734
Quill Printer Max,Electronics,545
Slate Room Divider 300,Furniture,257
Rowan Footrest S1,Furniture,49
Nimbus Router Max,Electronics,179
Xenon UPS Battery 100,Electronics,303
Pioneer Drawer Unit 300,Furniture,321
Aster Keyboard 300,Electronics,66
Pioneer Drawer Unit Lite,Furniture,298
Fjord Microphone S1,Electronics,323
Cedar Network Switch Max,Electronics,154
Tundra Whiteboard Max,Furniture,94
Tundra Side Table Lite,Furniture,110
Willow Coffee Table Lite,Furniture,272
Quill Keyboard Lite,Electronics,43
Quill Microphone S2,Electronics,473
Aurora Keyboard 200,Electronics,148
Lumen Drawer Unit Lite,Furniture,286
Lumen Conference Camera S2,Electronics,299
Nimbus Side Table Pro,Furniture,119
Fjord Bookshelf Plus,Furniture,373
Indigo Storage Cube Lite,Furniture,78
Nova Conference Chair 200,Furniture,522
Ember Headphones S2,Electronics,160
Vertex UPS Battery 100,Electronics,145
Summit Mouse S2,Electronics,14
Cedar Graphics Card Pro,Electronics,892
Helio Laptop Plus,Electronics,923
Meridian Side Table S2,Furniture,58
Verdant Wireless Presenter S2,Electronics,58
Fjord NAS Enclosure X,Electronics,834
Indigo Office Lamp Pro,Furniture,136
Ridge Coffee Table Lite,Furniture,472
Delta Recliner S1,Furniture,705
Kestrel Keyboard Plus,Electronics,28
Tundra Label Printer 300,Electronics,310
Larch Tablet Pro,Electronics,257
Onyx Nightstand 200,Furniture,50
Vertex Whiteboard S1,Furniture,168
Fjord Smartwatch X,Electronics,197
Vertex Bar Stool S2,Furniture,224
Verdant NAS Enclosure Lite,Electronics,768
Orion USB Hub S1,Electronics,28
Nova USB Hub S1,Electronics,54
Kestrel Reception Desk 100,Furniture,584
Tundra Dining Table 200,Furniture,1225
Larch Room Divider Lite,Furniture,304
Aster Keyboard Lite,Electronics,161
Beacon Sofa 100,Furniture,2392
Cedar Nightstand 200,Furniture,69
Harbor Network Switch 200,Electronics,276
Zephyr NAS Enclosure 100,Electronics,401
Zenith Side Table Plus,Furniture,76
Aster Room Divider Pro,Furniture,399
Larch Dresser Max,Furniture,722
Juniper USB Hub 100,Electronics,49
Aster Office Lamp S2,Furniture,130
Delta Office Lamp S1,Furniture,128
Verdant Webcam Max,Electronics,98
Cobalt Desk X,Furniture,554
Nimbus Router 100,Electronics,180
Willow Label Printer Lite,Electronics,214
Aurora Wireless Presenter X,Electronics,127
Rowan Wardrobe S1,Furniture,526
Cobalt External HDD S1,Electronics,326
Rowan Whiteboard Lite,Furniture,205
Vertex Label Printer Plus,Electronics,182
Zephyr Speaker 200,Electronics,450
Summit Printer Plus,Electronics,339
Verdant Storage Cube X,Furniture,42
Kestrel Monitor Stand 100,Furniture,100
Juniper Storage Cube S2,Furniture,116
Zephyr Cabinet 100,Furniture,784
Basalt Bench Plus,Furniture,82
Kestrel Sofa 300,Furniture,1328
Quartz SSD Drive S1,Electronics,129
Yarrow External HDD Pro,Electronics,207
Nimbus Console Table 300,Furniture,531
Juniper Whiteboard Lite,Furniture,280
Aster Desk Max,Furniture,219
Fjord Side Table 100,Furniture,223
Tundra Laptop S2,Electronics,1286
Nova Meeting Table 100,Furniture,675
Quartz NAS Enclosure 100,Electronics,739
Nimbus Graphics Card 200,Electronics,731
Aster Bookshelf Lite,Furniture,418
Vertex Footrest S1,Furniture,166
Aurora Coffee Table 300,Furniture,301
Indigo USB Hub Pro,Electronics,87
Tundra TV Stand 200,Furniture,221
Zenith Power Bank 300,Electronics,138
Xenon Meeting Table Max,Furniture,718
Indigo SSD Drive Max,Electronics,141
Helio Scanner S1,Electronics,132
Orion Wardrobe S2,Furniture,608
Ridge Headphones Pro,Electronics,255
Aster Webcam Plus,Electronics,122
Slate Router 100,Electronics,118
Harbor Console Table 300,Furniture,154
Aster Scanner S1,Electronics,460
Zephyr Office Lamp S2,Furniture,177
Tundra Bar Stool Plus,Furniture,290
Rowan Wireless Presenter 200,Electronics,57
Slate TV Stand S1,Furniture,314
Cobalt Network Switch S1,Electronics,104
Quartz Smartwatch Lite,Electronics,334
Slate Drawer Unit Pro,Furniture,191
Basalt Tablet S2,Electronics,792
Maple USB Hub S1,Electronics,38
Delta Webcam Plus,Electronics,86
Onyx Scanner Max,Electronics,192
Nimbus NAS Enclosure Pro,Electronics,216
Atlas Microphone S1,Electronics,106
Larch Printer 200,Electronics,353
Harbor Router Pro,Electronics,206
Slate External HDD Max,Electronics,123
Aster Monitor Stand 100,Furniture,38
Ember Graphics Tablet S1,Electronics,158
Tundra Filing Cabinet Pro,Furniture,333
Zephyr Wireless Presenter X,Electronics,117
Quartz Shoe Rack Plus,Furniture,118
Cedar Keyboard Max,Electronics,139
Cobalt Coffee Table Pro,Furniture,465
Granite Desk Max,Furniture,435
Pioneer Label Printer S2,Electronics,172
Umber Meeting Table X,Furniture,1662
Helio Graphics Tablet Pro,Electronics,434
Aster USB Hub X,Electronics,84
Vertex Sofa S1,Furniture,645
Umber Conference Chair 200,Furniture,543
Delta Filing Cabinet 300,Furniture,375
Cedar Dining Table X,Furniture,1100
Yarrow Room Divider 200,Furniture,252
Yarrow Projector 200,Electronics,869
Juniper External HDD S1,Electronics,143
Harbor Footrest S1,Furniture,70
Beacon Shoe Rack Plus,Furniture,48
Zenith Standing Desk S2,Furniture,435
Beacon Conference Chair S1,Furniture,343
Beacon Monitor 200,Electronics,271
Meridian Nightstand S2,Furniture,273
Basalt Meeting Table Lite,Furniture,422
Umber Docking Station S1,Electronics,334
Ember Wireless Presenter Max,Electronics,113
Indigo Microphone S2,Electronics,214
Umber NAS Enclosure S1,Electronics,1192
Quill Router Max,Electronics,210
Vertex Coffee Table 300,Furniture,78
Cobalt Nightstand Pro,Furniture,199
Vertex Coffee Table 200,Furniture,233
Juniper Keyboard S2,Electronics,166
Nova Nightstand X,Furniture,169
Quill TV Stand 100,Furniture,397
Vertex Dresser Lite,Furniture,703
Helio Chair X,Furniture,177
Slate Router Plus,Electronics,181
Xenon Laptop 100,Electronics,1860
Zephyr Nightstand Pro,Furniture,275
Aurora Filing Cabinet 100,Furniture,313
Atlas Conference Chair S1,Furniture,523
Xenon Smartwatch Lite,Electronics,553
Onyx Coffee Table Max,Furniture,362
Larch Barcode Scanner X,Electronics,141
Zenith Power Bank X,Electronics,36
Maple Monitor Max,Electronics,860
Zephyr Conference Camera 300,Electronics,1363
Granite Drawer Unit 100,Furniture,215
Nimbus Bench Max,Furniture,243
Verdant UPS Battery Max,Electronics,421
Indigo Sofa 100,Furniture,1273
Harbor Network Switch Pro,Electronics,176
Kestrel Sofa 200,Furniture,2002
Slate Microphone Pro,Electronics,147
Cobalt Wireless Presenter X,Electronics,49
Fjord Bar Stool S2,Furniture,129
Fjord Conference Camera 100,Electronics,1245
Vertex Router Plus,Electronics,94
Meridian Docking Station Lite,Electronics,295
Harbor Graphics Card S1,Electronics,1435
Atlas Power Bank 300,Electronics,108
Lumen Smartwatch X,Electronics,429
Willow Graphics Card Pro,Electronics,1607
Fjord Webcam 100,Electronics,115
Nova Laptop X,Electronics,1408
Summit Microphone 200,Electronics,71
Larch USB Hub Plus,Electronics,28
Indigo USB Hub Plus,Electronics,42
Beacon Desk Max,Furniture,795
Orion UPS Battery S2,Electronics,110
Tundra Microphone S1,Electronics,105
Zenith Keyboard Lite,Electronics,113
Zephyr Bench X,Furniture,334
Umber Laptop 200,Electronics,2035
Kestrel Speaker S2,Electronics,401
Larch Bookshelf X,Furniture,109
Xenon Side Table 300,Furniture,238
Zenith Graphics Card 100,Electronics,1132
Ember Scanner S1,Electronics,168
Zenith Bookshelf Max,Furniture,368
Kestrel Power Bank 300,Electronics,40
Kestrel Cabinet 200,Furniture,456
Summit Smartphone Plus,Electronics,1492
Maple Recliner Max,Furniture,1229
Fjord Footrest S2,Furniture,181
Zenith Dresser 200,Furniture,347
Tundra Speaker S2,Electronics,103
Summit Mouse Lite,Electronics,44
Xenon Filing Cabinet Plus,Furniture,251
Quartz Meeting Table Pro,Furniture,1690
Summit Microphone Lite,Electronics,108
Nimbus Conference Camera S1,Electronics,517
Orion Desk Lite,Furniture,497
Juniper Console Table S2,Furniture,210
Basalt Shoe Rack Max,Furniture,68
Nimbus Coffee Table 300,Furniture,146
Beacon Footrest 300,Furniture,168
Willow Filing Cabinet S1,Furniture,517
Indigo Storage Cube Max,Furniture,155
Quartz Desk Plus,Furniture,252
Beacon Graphics Tablet Lite,Electronics,497
Umber SSD Drive Plus,Electronics,274
Cedar Graphics Tablet Lite,Electronics,648
Larch Bench Pro,Furniture,172
Verdant Reception Desk S2,Furniture,1941
Tundra Whiteboard 200,Furniture,345
Orion Bookshelf X,Furniture,194
Cobalt Tablet 300,Electronics,373
Quartz Wardrobe 200,Furniture,1343
Orion Room Divider X,Furniture,105
Basalt Office Lamp 100,Furniture,28
Onyx USB Hub 200,Electronics,35
Zephyr Graphics Tablet 300,Electronics,430
Onyx Conference Camera X,Electronics,1393
Nimbus Docking Station Lite,Electronics,307
Verdant UPS Battery 200,Electronics,280
Fjord Laptop S2,Electronics,1118
Orion Desk Max,Furniture,145
Basalt Monitor Stand Max,Furniture,159
Xenon Dresser Lite,Furniture,226
Slate Speaker Plus,Electronics,537
Orion Conference Chair Pro,Furniture,671
Yarrow Chair 200,Furniture,88
Tundra UPS Battery X,Electronics,530
Maple Whiteboard Pro,Furniture,156
Pioneer Label Printer Pro,Electronics,142
Delta Network Switch Pro,Electronics,424
Orion Office Lamp Lite,Furniture,81
Aurora Printer 100,Electronics,683
Xenon Standing Desk Pro,Furniture,1329
Verdant Docking Station 300,Electronics,195
Beacon Coffee Table Max,Furniture,110
Verdant Conference Chair S2,Furniture,308
Summit Router 100,Electronics,59
Indigo Capture Card Plus,Electronics,112
Zephyr Office Lamp Max,Furniture,74
Yarrow Conference Chair Lite,Furniture,497
Juniper Keyboard 300,Electronics,92
Slate Keyboard 200,Electronics,183
Nimbus Filing Cabinet Max,Furniture,244
Atlas Bar Stool 100,Furniture,163
Lumen Router 100,Electronics,230
Quill Power Bank 100,Electronics,82
Orion Label Printer S2,Electronics,270
Xenon Lounge Chair Max,Furniture,906
Larch Lounge Chair 300,Furniture,280
Zephyr Console Table 100,Furniture,247
Rowan Storage Cube S2,Furniture,152
Maple Router Lite,Electronics,322
Nimbus Keyboard Pro,Electronics,102
Quill Webcam 300,Electronics,75
Juniper Monitor Stand Max,Furniture,71
Harbor Sofa 200,Furniture,2211
Summit Monitor Stand Plus,Furniture,71
Yarrow Printer 300,Electronics,443
Vertex Conference Camera Max,Electronics,192
Quill Speaker Max,Electronics,474
Juniper Side Table S2,Furniture,63
Beacon Speaker 300,Electronics,30
Indigo Tablet Max,Electronics,1194
Zenith Reception Desk 300,Furniture,1623
Summit Sofa 300,Furniture,1937
Cedar Sofa Plus,Furniture,1471
Cobalt Whiteboard S1,Furniture,69
Fjord Nightstand Plus,Furniture,279
Juniper Dining Table Plus,Furniture,426
Juniper Standing Desk S2,Furniture,651
Aurora Graphics Card 200,Electronics,1075
Summit Barcode Scanner 100,Electronics,335
Basalt Printer 300,Electronics,90
Larch Footrest S1,Furniture,51
Ridge Room Divider S2,Furniture,298
Quill Lounge Chair 100,Furniture,364
Vertex Graphics Tablet S1,Electronics,359
Fjord Desk S2,Furniture,531
Ember Coffee Table Plus,Furniture,459
Yarrow SSD Drive 100,Electronics,132
Indigo Storage Cube Plus,Furniture,153
Basalt Scanner X,Electronics,457
Ember Label Printer Plus,Electronics,81
Summit Headphones Plus,Electronics,165
Xenon Side Table X,Furniture,178
Cedar USB Hub X,Electronics,14
Lumen Drawer Unit S2,Furniture,96
Cobalt Projector 200,Electronics,1888
Fjord Speaker 200,Electronics,202
Quill Wardrobe Plus,Furniture,793
Fjord Wardrobe Lite,Furniture,829
Harbor Smartphone 100,Electronics,1345
Nimbus Bookshelf 100,Furniture,182
Verdant Docking Station S1,Electronics,119
Indigo Side Table Plus,Furniture,257
Lumen Drawer Unit Plus,Furniture,250
Fjord Conference Chair S2,Furniture,272
Verdant Nightstand 100,Furniture,128
Beacon Nightstand S1,Furniture,151
Onyx Footrest 200,Furniture,162
Aurora Bench 200,Furniture,208
Pioneer Speaker X,Electronics,445
Maple Footrest 300,Furniture,126
Quartz Nightstand Max,Furniture,261
Fjord Projector X,Electronics,1767
Quartz Webcam 300,Electronics,189
Rowan Footrest X,Furniture,188
Ridge Meeting Table Lite,Furniture,800
Quartz Standing Desk Pro,Furniture,1046
Helio Microphone S2,Electronics,375
Quartz Power Bank Max,Electronics,109
Tundra Speaker Plus,Electronics,239
Basalt Nightstand Lite,Furniture,255
Pioneer Laptop Max,Electronics,1146
Summit External HDD 300,Electronics,298
Willow Room Divider Plus,Furniture,88
Summit Wireless Presenter Max,Electronics,43
Maple Tablet Lite,Electronics,739
Basalt Console Table S2,Furniture,135
Zenith Wardrobe 200,Furniture,1031
Quartz Nightstand Plus,Furniture,246
Nova Dining Table Lite,Furniture,235
Lumen Whiteboard 100,Furniture,257
Indigo Monitor Plus,Electronics,835
Tundra Printer X,Electronics,610
Willow Shoe Rack 200,Furniture,200
Cobalt Recliner S1,Furniture,808
Pioneer Console Table X,Furniture,453
Onyx TV Stand 100,Furniture,234
Ember SSD Drive Plus,Electronics,489
Fjord Mouse Lite,Electronics,21
Meridian Router S2,Electronics,153
Slate Tablet X,Electronics,444
Summit Router Plus,Electronics,177
Granite Conference Chair Lite,Furniture,346
Tundra Barcode Scanner 300,Electronics,307
Verdant Chair 200,Furniture,607
Harbor External HDD Pro,Electronics,328
Quill Smartphone Max,Electronics,941
Kestrel Bookshelf Plus,Furniture,413
Ridge Nightstand S2,Furniture,167
Cobalt Barcode Scanner S1,Electronics,421
Orion Docking Station Lite,Electronics,249
Aster Side Table 100,Furniture,152
Tundra Mouse Pro,Electronics,17
Lumen Tablet X,Electronics,276
Larch Microphone 100,Electronics,239
Helio Filing Cabinet Max,Furniture,364
Aurora Printer 300,Electronics,369
Kestrel Standing Desk S2,Furniture,1491
Aster Desk Lite,Furniture,602
Larch Filing Cabinet Lite,Furniture,348
Orion Conference Chair 200,Furniture,492
Vertex Cabinet Max,Furniture,696
Quartz Reception Desk X,Furniture,1432
Zephyr Keyboard 200,Electronics,210
Aster SSD Drive S1,Electronics,199
Granite Smartwatch 200,Electronics,109
Quill Keyboard S2,Electronics,42
Aster Conference Chair Plus,Furniture,172
Beacon Router Plus,Electronics,59
Juniper Projector S2,Electronics,553
Verdant Tablet X,Electronics,757
Harbor External HDD Max,Electronics,168
Cobalt Barcode Scanner 300,Electronics,282
Summit Bar Stool Pro,Furniture,67
Summit Dresser 300,Furniture,487
Zephyr Tablet Plus,Electronics,603
Nimbus Wireless Presenter S2,Electronics,54
Quill Shoe Rack S2,Furniture,105
Aster Monitor X,Electronics,216
Indigo Keyboard X,Electronics,35
Tundra Power Bank S1,Electronics,19
Helio Scanner Max,Electronics,251
Basalt Router X,Electronics,176
Cedar UPS Battery Plus,Electronics,121
Fjord Label Printer S1,Electronics,251
Cedar Cabinet S1,Furniture,343
Zenith Mouse Max,Electronics,37
Rowan Room Divider S1,Furniture,147
Nimbus Desk Pro,Furniture,799
Orion Conference Chair Plus,Furniture,189
Indigo Microphone Pro,Electronics,261
Orion Console Table Pro,Furniture,457
Cobalt Bench S2,Furniture,200
Orion Shoe Rack Lite,Furniture,179
Quill Console Table Plus,Furniture,284
Indigo Dining Table Plus,Furniture,1391
Willow Microphone X,Electronics,297
Aurora Dresser 100,Furniture,557
Harbor Conference Camera S1,Electronics,481
Harbor Footrest Plus,Furniture,54
Basalt Conference Chair 100,Furniture,465
Ember Bookshelf Pro,Furniture,413
Cobalt Webcam Pro,Electronics,131
Onyx Drawer Unit 100,Furniture,313
Nimbus Keyboard X,Electronics,100
Beacon Headphones S2,Electronics,123
Aurora TV Stand Max,Furniture,276
Granite Lounge Chair Pro,Furniture,413
Tundra Recliner Max,Furniture,296
Summit Office Lamp X,Furniture,178
Nova Lounge Chair 300,Furniture,601
Onyx Scanner Pro,Electronics,375
Harbor Bookshelf 200,Furniture,151
Atlas Graphics Card S2,Electronics,1609
Vertex USB Hub S1,Electronics,72
Vertex Office Lamp S2,Furniture,116
Fjord Scanner 300,Electronics,232
Juniper Monitor Pro,Electronics,738
Fjord Desk Max,Furniture,179
Onyx Wardrobe X,Furniture,1203
Ridge Storage Cube Max,Furniture,99
Basalt Barcode Scanner 300,Electronics,419
Zenith Room Divider S1,Furniture,450
Maple Console Table X,Furniture,330
Tundra Coffee Table Lite,Furniture,410
Slate Desk S2,Furniture,297
Onyx Cabinet Max,Furniture,408
Nimbus Footrest S2,Furniture,131
Granite Mouse X,Electronics,67
Tundra Room Divider Plus,Furniture,498
Umber Microphone Plus,Electronics,357
Harbor Monitor Stand 200,Furniture,51
Delta Label Printer S1,Electronics,313
Umber Meeting Table 300,Furniture,1595
Vertex UPS Battery Pro,Electronics,181
Yarrow Graphics Card X,Electronics,1601
Orion Speaker S1,Electronics,161
Quill Meeting Table S1,Furniture,656
Meridian Storage Cube S1,Furniture,154
Yarrow Label Printer Lite,Electronics,327
Kestrel NAS Enclosure 100,Electronics,803
Nimbus Bench Lite,Furniture,141
Basalt Speaker Plus,Electronics,230
Helio UPS Battery 300,Electronics,233
Juniper Dining Table 100,Furniture,1137
Granite Router X,Electronics,121
Fjord Filing Cabinet S2,Furniture,104
Verdant Room Divider S2,Furniture,402
Juniper Lounge Chair 300,Furniture,924
Cobalt Tablet Pro,Electronics,393
Maple Conference Camera Max,Electronics,301
Tundra Chair Lite,Furniture,329
Basalt Cabinet 100,Furniture,622
Tundra Office Lamp Max,Furniture,25
Beacon Filing Cabinet 300,Furniture,229
Maple USB Hub Max,Electronics,56
Indigo Network Switch Pro,Electronics,120
Quartz Scanner Pro,Electronics,592
Fjord Nightstand X,Furniture,79
Slate Desk 300,Furniture,351
Delta Power Bank S1,Electronics,60
Juniper Bench Pro,Furniture,111
Cedar Storage Cube Lite,Furniture,96
Umber Recliner X,Furniture,750
Quartz Dining Table X,Furniture,840
Quill Console Table 200,Furniture,574
Tundra Desk S2,Furniture,177
Ridge Headphones S2,Electronics,37
Quartz Nightstand 100,Furniture,66
Helio Desk 300,Furniture,614
Orion TV Stand 200,Furniture,367
Nimbus Reception Desk Plus,Furniture,1921
Nimbus Office Lamp S2,Furniture,38
Nova Standing Desk 100,Furniture,1257
Pioneer Mouse 100,Electronics,49
Yarrow Wardrobe Max,Furniture,1010
Quill Smartwatch 300,Electronics,468
Rowan Desk S2,Furniture,619
Beacon Console Table 200,Furniture,168
Willow Dresser Plus,Furniture,771
Juniper Mouse 100,Electronics,51
Fjord Conference Chair X,Furniture,466
Atlas Storage Cube Pro,Furniture,116
Kestrel Laptop 100,Electronics,2065
Pioneer Router X,Electronics,183
Onyx Recliner Pro,Furniture,1276
Atlas Smartphone X,Electronics,1017
Delta Sofa 200,Furniture,2585
Delta Dining Table Pro,Furniture,492
Meridian Footrest Plus,Furniture,133
Umber Lounge Chair Max,Furniture,339
Fjord Cabinet Pro,Furniture,334
Cedar Drawer Unit S2,Furniture,399
Atlas Dresser S2,Furniture,317
Basalt Filing Cabinet X,Furniture,238
Aster Standing Desk S1,Furniture,1011
Nimbus Office Lamp X,Furniture,123
Larch UPS Battery S1,Electronics,738
Umber Laptop S1,Electronics,1912
Willow Speaker Max,Electronics,33
Indigo Graphics Card S1,Electronics,308
Basalt Graphics Card 200,Electronics,885
Rowan Filing Cabinet S2,Furniture,262
Xenon Bar Stool Lite,Furniture,94
Larch Room Divider Plus,Furniture,450
Atlas Whiteboard S1,Furniture,129
Cedar Meeting Table S1,Furniture,1428
Verdant Monitor Stand S1,Furniture,29
Summit Barcode Scanner Lite,Electronics,408
Basalt Monitor Stand 200,Furniture,98
Summit Conference Chair Plus,Furniture,225
Zephyr Whiteboard 300,Furniture,253
Juniper Meeting Table Plus,Furniture,681
Aster Router 100,Electronics,164
Granite Wardrobe Lite,Furniture,605
Larch Cabinet 300,Furniture,282
Zephyr Webcam S2,Electronics,85
Vertex External HDD Max,Electronics,170
Aster Scanner 100,Electronics,88
Aurora Tablet 100,Electronics,1073
Verdant USB Hub 100,Electronics,56
Umber Recliner S1,Furniture,531
Nova Printer 200,Electronics,234
Fjord Dresser 300,Furniture,828
Willow Monitor Stand Pro,Furniture,42
Zephyr NAS Enclosure Plus,Electronics,927
Delta Storage Cube Pro,Furniture,53
Atlas Monitor S2,Electronics,132
Cobalt Laptop Lite,Electronics,1871
Basalt Conference Camera S2,Electronics,778
Kestrel Mouse S1,Electronics,35
Juniper Whiteboard S1,Furniture,126
Pioneer Recliner 300,Furniture,1427
Delta Nightstand Pro,Furniture,288
Nova Monitor Stand Max,Furniture,116
Fjord Wardrobe Plus,Furniture,1172
Meridian External HDD Plus,Electronics,110
Meridian Office Lamp S2,Furniture,93
Quill Graphics Tablet S2,Electronics,503
Larch Monitor S1,Electronics,496
Juniper Filing Cabinet 200,Furniture,304
Vertex Conference Chair X,Furniture,187
Nova Shoe Rack 200,Furniture,130
Nimbus NAS Enclosure Max,Electronics,280
Larch Bar Stool Lite,Furniture,220
Harbor Monitor Stand Max,Furniture,36
Lumen Bench X,Furniture,109
Fjord Filing Cabinet Plus,Furniture,226
Nova Graphics Card 100,Electronics,1027
Nimbus Drawer Unit S2,Furniture,332
Juniper Recliner 200,Furniture,1531
Quill Shoe Rack Max,Furniture,84
Zenith External HDD Pro,Electronics,305
Aurora Printer Max,Electronics,590
Beacon TV Stand S1,Furniture,243
Umber Room Divider Max,Furniture,371
Cobalt Storage Cube 100,Furniture,148
Orion Scanner 100,Electronics,131
Zenith Footrest 300,Furniture,116
Lumen Barcode Scanner S2,Electronics,288
Delta Sofa Pro,Furniture,507
Summit Capture Card 300,Electronics,390
Aster SSD Drive Max,Electronics,87
Basalt Room Divider S1,Furniture,338
Nova USB Hub Max,Electronics,18
Indigo Meeting Table X,Furniture,965
Xenon Nightstand Max,Furniture,132
Aurora Conference Camera S1,Electronics,888
Yarrow Dining Table 300,Furniture,471
Juniper Router Max,Electronics,113
Beacon Printer Lite,Electronics,597
Meridian Smartwatch 100,Electronics,352
Quartz Side Table Plus,Furniture,84
Slate Side Table Max,Furniture,185
Umber Headphones S1,Electronics,281
Harbor Lounge Chair Max,Furniture,640
Quartz Bar Stool 100,Furniture,258
Ridge Bookshelf 200,Furniture,463
Slate Console Table S1,Furniture,451
Summit Microphone X,Electronics,129
Lumen Chair X,Furniture,604
Summit Filing Cabinet X,Furniture,197
Cobalt Laptop 200,Electronics,1643
Beacon Bookshelf 200,Furniture,132
Delta Projector S2,Electronics,401
Maple Microphone 200,Electronics,259
Basalt Graphics Card Plus,Electronics,1247
Orion Sofa Plus,Furniture,2268
Ember Projector 200,Electronics,309
Quartz Printer 300,Electronics,670
Onyx Mouse Lite,Electronics,72
Meridian Scanner Max,Electronics,309
Ember USB Hub 200,Electronics,45
Juniper Coffee Table Lite,Furniture,140
Verdant Dining Table Pro,Furniture,1292
Granite Filing Cabinet S1,Furniture,397
Granite External HDD Pro,Electronics,110
Tundra Sofa Plus,Furniture,1862
Slate Headphones X,Electronics,57
Cobalt Conference Chair Max,Furniture,664
Zenith Bookshelf X,Furniture,114
Summit Coffee Table X,Furniture,375
Atlas Scanner X,Electronics,521
Zenith Graphics Card Plus,Electronics,1358
Summit Smartphone 300,Electronics,1006
Orion Mouse S2,Electronics,48
Willow UPS Battery Lite,Electronics,661
Cedar Docking Station S2,Electronics,80
Zenith Smartwatch Max,Electronics,99
Meridian Barcode Scanner Max,Electronics,169
Zephyr Dresser 300,Furniture,669
Zephyr Bookshelf Lite,Furniture,365
Yarrow Storage Cube Plus,Furniture,55
Juniper Printer 200,Electronics,129
Harbor Network Switch 300,Electronics,312
Larch Dresser Plus,Furniture,880
Umber Conference Chair 100,Furniture,596
Summit Cabinet S2,Furniture,477
Atlas Router S2,Electronics,352
Summit Headphones S1,Electronics,411
Cedar Graphics Tablet Plus,Electronics,312
Umber Footrest 200,Furniture,67
Quill Smartphone Pro,Electronics,341
Nova Chair Lite,Furniture,381
Zephyr Coffee Table Lite,Furniture,250
Vertex Printer Lite,Electronics,616
Harbor USB Hub X,Electronics,73
Pioneer NAS Enclosure Pro,Electronics,653
Quartz UPS Battery X,Electronics,586
Basalt Smartwatch 100,Electronics,177
Nova Coffee Table 300,Furniture,98
Quill Coffee Table S1,Furniture,258
Nova Webcam 300,Electronics,82
Quill Power Bank S2,Electronics,27
Aster NAS Enclosure S1,Electronics,224
Harbor Dresser X,Furniture,679
Tundra Whiteboard Pro,Furniture,364
Lumen Nightstand S2,Furniture,264
Pioneer Sofa Plus,Furniture,1788
Verdant Capture Card 100,Electronics,81
Verdant Side Table X,Furniture,197
Basalt Wardrobe 200,Furniture,395
Aurora Coffee Table X,Furniture,265
Zephyr Sofa Plus,Furniture,2067
Quartz Keyboard Pro,Electronics,133
Beacon Cabinet Lite,Furniture,825
Umber Console Table 200,Furniture,247
Delta Conference Camera Lite,Electronics,1116
Meridian Projector S1,Electronics,1629
Basalt Recliner 100,Furniture,1226
Beacon Smartwatch Plus,Electronics,96
Lumen Headphones 200,Electronics,135
Tundra USB Hub 300,Electronics,92
Aster Room Divider S1,Furniture,413
Basalt Bench Lite,Furniture,335
Lumen Conference Chair Max,Furniture,366
Nimbus Monitor Stand 300,Furniture,43
Fjord Capture Card 100,Electronics,440
Pioneer External HDD S1,Electronics,78
Pioneer Cabinet Lite,Furniture,464
Kestrel Wardrobe Plus,Furniture,1572
Xenon Bookshelf Plus,Furniture,304
Kestrel Console Table S2,Furniture,156
Atlas Dresser Max,Furniture,256
Summit Laptop Lite,Electronics,901
Zenith Dining Table X,Furniture,1187
Aurora Mouse 300,Electronics,70
Pioneer Monitor Stand S1,Furniture,97
Fjord UPS Battery Max,Electronics,211
Lumen Coffee Table X,Furniture,290
Harbor Shoe Rack Plus,Furniture,93
Onyx Whiteboard 100,Furniture,181
Meridian Capture Card S1,Electronics,180
Harbor Coffee Table Plus,Furniture,282
Orion Standing Desk S1,Furniture,727
Quartz Storage Cube Lite,Furniture,153
Ridge Coffee Table 100,Furniture,432
Quill Conference Chair Plus,Furniture,490
Beacon Coffee Table S2,Furniture,394
Summit External HDD 100,Electronics,305
Quill Recliner S1,Furniture,640
Cobalt Filing Cabinet S1,Furniture,427
Orion Barcode Scanner Pro,Electronics,148
Atlas Monitor Plus,Electronics,456
Vertex Label Printer Pro,Electronics,290
Ridge UPS Battery Max,Electronics,271
Granite Wardrobe 100,Furniture,940
Aster Lounge Chair Plus,Furniture,656
Larch TV Stand Plus,Furniture,569
Zenith Headphones Pro,Electronics,191
Umber Office Lamp X,Furniture,155
Willow Conference Chair 300,Furniture,342
Cedar Conference Chair 100,Furniture,185
Harbor Reception Desk 300,Furniture,1392
Kestrel Keyboard S1,Electronics,28
Quill Label Printer Lite,Electronics,187
Fjord Nightstand S2,Furniture,133
Ember Docking Station Lite,Electronics,247
Fjord Storage Cube S1,Furniture,62
Lumen Room Divider S2,Furniture,469
Zenith UPS Battery 100,Electronics,179
Juniper Desk Plus,Furniture,482
Delta Docking Station Lite,Electronics,320
Cedar Router S1,Electronics,343
Meridian TV Stand 300,Furniture,573
Maple UPS Battery S2,Electronics,310
Vertex Room Divider S1,Furniture,301
Quartz Whiteboard S2,Furniture,366
Quill Barcode Scanner S1,Electronics,114
Maple Lounge Chair S1,Furniture,295
Vertex Monitor 300,Electronics,200
Juniper Monitor Stand Plus,Furniture,38
Ridge TV Stand S1,Furniture,100
Nimbus Printer S2,Electronics,534
Quill Headphones 100,Electronics,419
Atlas Keyboard Lite,Electronics,101
Larch Office Lamp Plus,Furniture,81
Cedar Projector Lite,Electronics,830
Pioneer Console Table S2,Furniture,243
Ember External HDD Plus,Electronics,243
Nimbus Smartphone S2,Electronics,929
Quill External HDD S1,Electronics,113
Verdant Office Lamp Max,Furniture,115
Indigo Dresser X,Furniture,160
Verdant Graphics Card Max,Electronics,1575
Verdant Whiteboard Plus,Furniture,80
Xenon Wardrobe Plus,Furniture,1375
Aster Office Lamp Lite,Furniture,146
Helio Docking Station S2,Electronics,215
Nimbus Webcam S2,Electronics,80
Pioneer Dresser 300,Furniture,486
Xenon Lounge Chair Pro,Furniture,830
Basalt Coffee Table 100,Furniture,108
Tundra Lounge Chair Pro,Furniture,444
Yarrow Tablet Pro,Electronics,1059
Indigo Keyboard Plus,Electronics,152
Verdant Network Switch Max,Electronics,181
Quill Monitor Pro,Electronics,653
Basalt Docking Station S1,Electronics,78
Juniper Nightstand 300,Furniture,198
Delta Capture Card 200,Electronics,97
Granite Capture Card S2,Electronics,85
Fjord Standing Desk Plus,Furniture,803
Umber Coffee Table Plus,Furniture,142
Aster Filing Cabinet 300,Furniture,433
Kestrel Smartphone S1,Electronics,1342
Yarrow Docking Station Plus,Electronics,220
Juniper Speaker Plus,Electronics,429
Umber Headphones Pro,Electronics,387
Cobalt Smartwatch 100,Electronics,400
Kestrel Router Plus,Electronics,156
Umber Conference Chair S1,Furniture,471
Indigo TV Stand S2,Furniture,310
Zephyr Keyboard 100,Electronics,94
Willow Conference Camera X,Electronics,1334
Maple Conference Camera 100,Electronics,1362
Slate Office Lamp Pro,Furniture,49
Aurora Scanner 300,Electronics,392
Ridge Side Table X,Furniture,188
Xenon Capture Card X,Electronics,362
Rowan Graphics Card S1,Electronics,848
Xenon Conference Chair 200,Furniture,232
Onyx Webcam Max,Electronics,154
Lumen Recliner X,Furniture,1191
Atlas Smartwatch X,Electronics,743
Aster External HDD S1,Electronics,286
Beacon Recliner S1,Furniture,287
Maple NAS Enclosure Max,Electronics,1009
Cobalt Nightstand S2,Furniture,107
Cobalt Footrest 100,Furniture,62
Lumen Keyboard 200,Electronics,54
Fjord Side Table Pro,Furniture,173
Quartz Router 100,Electronics,139
Nova Projector Max,Electronics,1236
Ridge Smartphone Plus,Electronics,567
Quartz Bookshelf 300,Furniture,208
Cobalt Bench Lite,Furniture,172
Verdant Monitor X,Electronics,362
Lumen External HDD X,Electronics,132
Maple Network Switch S1,Electronics,421
Willow Office Lamp 100,Furniture,136
Juniper Barcode Scanner 100,Electronics,122
Cedar Projector X,Electronics,1874
Zephyr NAS Enclosure S1,Electronics,591
Aster TV Stand 100,Furniture,129
Aurora Conference Camera Lite,Electronics,1067
Cobalt Printer 300,Electronics,560
Helio Wardrobe 200,Furniture,1442
Maple Bookshelf S2,Furniture,188
Pioneer Webcam Plus,Electronics,147
Nova Wireless Presenter X,Electronics,77
Cedar Wardrobe Max,Furniture,1541
Slate Shoe Rack Max,Furniture,76
Indigo Network Switch 300,Electronics,350
Pioneer Storage Cube Pro,Furniture,143
Onyx Shoe Rack S2,Furniture,194
Tundra Chair Pro,Furniture,606
Orion Dresser Plus,Furniture,496
Nova Laptop 300,Electronics,1288
Beacon Graphics Tablet S2,Electronics,824
Indigo Footrest S1,Furniture,30
Meridian Microphone 300,Electronics,261
Yarrow Speaker Pro,Electronics,188
Granite Whiteboard 200,Furniture,368
Vertex Footrest Plus,Furniture,111
Larch Keyboard 300,Electronics,100
Lumen Desk Pro,Furniture,802
Onyx Shoe Rack Lite,Furniture,101
Onyx Whiteboard 300,Furniture,306
Delta Console Table Lite,Furniture,523
Umber Storage Cube Pro,Furniture,137
Tundra Tablet X,Electronics,445
Ridge Power Bank 200,Electronics,19
Granite Projector 300,Electronics,1599
Orion Meeting Table X,Furniture,1576
Cedar Footrest Pro,Furniture,89
Delta Dresser 100,Furniture,792
Atlas Webcam 200,Electronics,78
Juniper Bar Stool Plus,Furniture,215
Cobalt Room Divider 100,Furniture,379
Basalt Storage Cube Max,Furniture,40
Basalt Mouse 200,Electronics,43
Willow NAS Enclosure X,Electronics,830
Larch UPS Battery Pro,Electronics,775
Basalt Drawer Unit X,Furniture,329
Aster Meeting Table S2,Furniture,1500
Slate Sofa 100,Furniture,1296
Willow Power Bank 300,Electronics,56
Aurora Smartwatch Plus,Electronics,637
Cobalt Wardrobe S1,Furniture,297
Helio Docking Station 100,Electronics,262
Maple NAS Enclosure X,Electronics,650
Harbor Bar Stool Plus,Furniture,213
Nova NAS Enclosure 300,Electronics,356
Harbor Smartwatch Pro,Electronics,603
Helio NAS Enclosure S1,Electronics,1044
Xenon Bookshelf Max,Furniture,425
Ridge Filing Cabinet Max,Furniture,189
Nimbus Barcode Scanner S2,Electronics,83
Slate Keyboard Pro,Electronics,197
Zephyr Reception Desk 200,Furniture,938
Larch Dining Table S2,Furniture,618
Larch Smartwatch 200,Electronics,358
Verdant Coffee Table 200,Furniture,407
Vertex Monitor Stand 100,Furniture,139
Cobalt Webcam Max,Electronics,85
Harbor Graphics Card Plus,Electronics,1731
Willow Tablet 100,Electronics,315
Juniper Scanner Max,Electronics,471
Larch Smartphone S1,Electronics,283
Ember Speaker Max,Electronics,527
Cobalt Dining Table X,Furniture,993
Granite Storage Cube Plus,Furniture,155
Lumen SSD Drive Max,Electronics,349
Maple Smartwatch Max,Electronics,647
Umber Conference Camera X,Electronics,836
Delta Graphics Card Plus,Electronics,1556
Orion Recliner 300,Furniture,1503
Aster Nightstand 200,Furniture,131
Indigo Cabinet X,Furniture,821
Harbor Router 200,Electronics,353
Zephyr Monitor S2,Electronics,437
Pioneer Keyboard Pro,Electronics,75
Onyx Storage Cube Max,Furniture,68
Kestrel Scanner Pro,Electronics,96
Nimbus Console Table Lite,Furniture,439
Tundra Network Switch X,Electronics,519
Cedar Projector S1,Electronics,1085
Harbor Scanner Max,Electronics,191
Cedar Chair Pro,Furniture,69
Quill Smartwatch X,Electronics,308
Ember Scanner Pro,Electronics,418
Vertex Microphone 100,Electronics,197
Atlas Lounge Chair 300,Furniture,455
Pioneer Smartwatch 100,Electronics,643
Lumen Wireless Presenter Lite,Electronics,44
Zephyr Console Table Plus,Furniture,232
Lumen Dresser X,Furniture,597
Ridge Router Max,Electronics,93
Atlas Bar Stool Lite,Furniture,167
Zephyr Meeting Table Lite,Furniture,1379
Juniper Smartwatch 100,Electronics,517
Harbor Speaker Max,Electronics,157
Nova Footrest X,Furniture,124
Granite Monitor Stand 300,Furniture,69
Nimbus Tablet 300,Electronics,708
Juniper Keyboard Pro,Electronics,81
Vertex Bookshelf Max,Furniture,289
Basalt Smartwatch X,Electronics,172
Xenon Speaker S1,Electronics,311
Orion Label Printer 200,Electronics,362
Kestrel Storage Cube Pro,Furniture,112
Quill Cabinet Plus,Furniture,622
Harbor Footrest Lite,Furniture,87
Meridian Dining Table 300,Furniture,574
Umber Drawer Unit 300,Furniture,296
Zenith Power Bank Plus,Electronics,110
Kestrel Scanner 200,Electronics,243
Onyx Bookshelf 100,Furniture,400
Ember Meeting Table Pro,Furniture,1285
Pioneer Printer S2,Electronics,367
Atlas Cabinet 200,Furniture,589
Fjord Laptop Max,Electronics,1223
Vertex Graphics Tablet 200,Electronics,447
Quartz Microphone Pro,Electronics,449
Rowan Keyboard Pro,Electronics,180
Indigo Scanner Plus,Electronics,621
Basalt Router 300,Electronics,354
Basalt Standing Desk 300,Furniture,493
Tundra Standing Desk Plus,Furniture,934
Slate Graphics Tablet S1,Electronics,711
Cobalt Footrest S1,Furniture,44
Aster Headphones Plus,Electronics,388
Ember Bar Stool Pro,Furniture,135
Atlas Barcode Scanner 300,Electronics,180
Larch Power Bank Lite,Electronics,107
Cobalt Microphone S1,Electronics,98
Harbor Graphics Tablet 200,Electronics,764
Helio Graphics Card 200,Electronics,1106
Xenon Shoe Rack Plus,Furniture,38
Fjord Capture Card Pro,Electronics,105
Quartz Bar Stool Plus,Furniture,81
Atlas Bookshelf 200,Furniture,265
Nova TV Stand 300,Furniture,424
Basalt Label Printer X,Electronics,71
Aurora Mouse S1,Electronics,70
Tundra Projector 100,Electronics,1594
Kestrel Shoe Rack X,Furniture,185
Harbor Capture Card Lite,Electronics,223
Orion Headphones Max,Electronics,239
Yarrow Label Printer X,Electronics,190
Onyx SSD Drive X,Electronics,332
Rowan Recliner S2,Furniture,1065
Delta Graphics Tablet Lite,Electronics,881
Quartz Bookshelf S2,Furniture,367
Aurora Power Bank Plus,Electronics,36
Harbor Lounge Chair X,Furniture,239
Harbor Cabinet 100,Furniture,394
Indigo Smartwatch Plus,Electronics,237
Onyx Capture Card Max,Electronics,230
Verdant Monitor Lite,Electronics,492
Yarrow Side Table Max,Furniture,64
Aster Label Printer X,Electronics,274
Ember Cabinet S1,Furniture,345
Beacon Conference Chair Lite,Furniture,116
Nova TV Stand Lite,Furniture,132
Summit Standing Desk 100,Furniture,736
Zenith Mouse S2,Electronics,79
Rowan Microphone S2,Electronics,96
Pioneer Monitor Stand X,Furniture,140
Aster Dresser Pro,Furniture,313
Quill Label Printer S2,Electronics,361
Zenith TV Stand Pro,Furniture,375
Quartz Console Table Max,Furniture,435
Onyx Bench S1,Furniture,387
Nimbus NAS Enclosure S2,Electronics,1078
Cedar NAS Enclosure S1,Electronics,331
Zephyr Graphics Card X,Electronics,1060
Cedar Coffee Table S2,Furniture,257
Helio Standing Desk 100,Furniture,1155
Maple Storage Cube S1,Furniture,124
Xenon Graphics Tablet S1,Electronics,726
Xenon Recliner S2,Furniture,1367
Summit Conference Camera 100,Electronics,291
Harbor Printer S1,Electronics,684
Basalt Dining Table S1,Furniture,1091
Atlas Footrest Lite,Furniture,177
Quartz Docking Station Max,Electronics,177
Xenon Docking Station 100,Electronics,114
Rowan Mouse Max,Electronics,26
Pioneer Filing Cabinet Max,Furniture,267
Nimbus Tablet S1,Electronics,424
Xenon Smartphone Max,Electronics,869
Vertex Standing Desk 100,Furniture,652
Zephyr Microphone Lite,Electronics,217
Onyx Coffee Table 300,Furniture,405
Aster Footrest Pro,Furniture,163
Willow Storage Cube Lite,Furniture,148
Zephyr Label Printer S2,Electronics,238
Harbor Shoe Rack 200,Furniture,187
Slate Projector 200,Electronics,1436
Xenon Barcode Scanner Plus,Electronics,429
Lumen Chair Plus,Furniture,122
Onyx External HDD S2,Electronics,60
Zephyr Chair 100,Furniture,498
Delta Footrest 300,Furniture,95
Nimbus Nightstand S2,Furniture,54
Helio Laptop 300,Electronics,2386
Ridge Sofa Lite,Furniture,2485
Aurora Laptop 300,Electronics,2118
Cobalt SSD Drive Plus,Electronics,530
Indigo Room Divider 100,Furniture,346
Quill Cabinet 100,Furniture,466
Umber Wardrobe 200,Furniture,354
Onyx Conference Camera Lite,Electronics,1351
Verdant Conference Camera 100,Electronics,1282
Larch Recliner Lite,Furniture,731
Basalt Footrest Lite,Furniture,92
Aster UPS Battery X,Electronics,266
Granite Smartphone Plus,Electronics,774
Vertex Footrest Pro,Furniture,93
Nova Bar Stool S2,Furniture,188
Zenith Dresser Lite,Furniture,511
Kestrel Footrest 200,Furniture,188
Harbor TV Stand Lite,Furniture,316
Basalt Power Bank 200,Electronics,79
Zephyr Router 300,Electronics,103
Fjord Nightstand 200,Furniture,147
Pioneer Footrest 300,Furniture,77
Umber Storage Cube 300,Furniture,54
Delta Dining Table S2,Furniture,525
Harbor Tablet 200,Electronics,434
Tundra Monitor Stand Max,Furniture,80
Larch Nightstand Lite,Furniture,51
Yarrow SSD Drive Plus,Electronics,552
Onyx Printer Pro,Electronics,692
Meridian Speaker 300,Electronics,300
Quill Drawer Unit 100,Furniture,345
Helio Headphones Pro,Electronics,74
Delta Footrest Max,Furniture,147
Quill Room Divider Pro,Furniture,243
Ember Tablet Pro,Electronics,945
Indigo Sofa Lite,Furniture,558
Aster Capture Card 200,Electronics,412
Kestrel Tablet Plus,Electronics,405
Cobalt Barcode Scanner Plus,Electronics,75
Aster Chair Plus,Furniture,294
Slate Tablet 200,Electronics,670
Verdant Docking Station 100,Electronics,259
Basalt Capture Card Max,Electronics,292
Yarrow Bench Lite,Furniture,145
Zephyr Router Lite,Electronics,136
Orion Nightstand 100,Furniture,139
Quill Monitor S2,Electronics,760
Verdant Smartphone 300,Electronics,334
Lumen Whiteboard 300,Furniture,327
Verdant Graphics Tablet S2,Electronics,811
Orion Smartphone Pro,Electronics,252
Rowan Console Table 300,Furniture,314
Verdant Monitor Stand Lite,Furniture,137
Rowan Network Switch Pro,Electronics,375
Ridge Whiteboard S2,Furniture,225
Atlas Smartwatch 100,Electronics,311
Verdant Lounge Chair X,Furniture,644
Xenon Chair S1,Furniture,237
Aster Lounge Chair Pro,Furniture,232
Cobalt Shoe Rack 100,Furniture,74
Ember Conference Camera 200,Electronics,1367
Willow Headphones X,Electronics,73
Xenon Storage Cube 200,Furniture,95
Summit Dining Table Max,Furniture,1241
Ember Office Lamp S1,Furniture,100
Juniper Storage Cube 100,Furniture,78
Slate Recliner 100,Furniture,677
Maple Drawer Unit 200,Furniture,379
Aster Router S1,Electronics,40
Basalt Dresser X,Furniture,733
Onyx Console Table X,Furniture,197
Quartz Shoe Rack 300,Furniture,167
Maple Dining Table 300,Furniture,993
Pioneer Docking Station Plus,Electronics,264
Nova Bookshelf Plus,Furniture,462
Slate Sofa Max,Furniture,2502
Aurora Conference Camera 300,Electronics,1090
Atlas Coffee Table S2,Furniture,325
Orion Coffee Table Pro,Furniture,349
Maple USB Hub S2,Electronics,45
Aurora Reception Desk X,Furniture,1649
Helio Reception Desk Pro,Furniture,1043
Larch Lounge Chair Lite,Furniture,317
Larch Wardrobe Lite,Furniture,771
Lumen Smartwatch Lite,Electronics,505
Quartz Storage Cube S1,Furniture,153
Tundra Reception Desk 100,Furniture,795
Kestrel Cabinet S1,Furniture,779
Zenith Meeting Table 100,Furniture,1335
Zephyr Room Divider S2,Furniture,317
Cedar Smartphone Plus,Electronics,440
Juniper NAS Enclosure S2,Electronics,284
Tundra Dining Table 100,Furniture,694
Slate Conference Chair S2,Furniture,392
Nova NAS Enclosure X,Electronics,486
Helio USB Hub Pro,Electronics,46
Helio Docking Station Max,Electronics,156
Indigo Wireless Presenter Pro,Electronics,39
Umber Monitor 100,Electronics,630
Onyx Standing Desk 100,Furniture,1199
Cedar Reception Desk X,Furniture,1921
Quartz Printer S1,Electronics,249
Onyx Sofa Max,Furniture,1860
Aster NAS Enclosure X,Electronics,751
Xenon Mouse S1,Electronics,40
Delta NAS Enclosure Lite,Electronics,1027
Onyx Network Switch 200,Electronics,133
Quill Bar Stool S2,Furniture,261
Zephyr Bookshelf 200,Furniture,273
Basalt Webcam Max,Electronics,209
Beacon UPS Battery 200,Electronics,105
Meridian Printer 300,Electronics,655
Nova Room Divider Lite,Furniture,99
Beacon Scanner 200,Electronics,421
Zephyr Reception Desk Lite,Furniture,806
Maple Room Divider 100,Furniture,297
Kestrel Shoe Rack S2,Furniture,138
Beacon USB Hub 100,Electronics,30
Aster Console Table X,Furniture,488
Verdant TV Stand Plus,Furniture,489
Cedar Filing Cabinet Lite,Furniture,181
Aster Whiteboard 300,Furniture,273
Quill Graphics Tablet X,Electronics,242
Basalt Smartwatch Plus,Electronics,544
Larch Shoe Rack S1,Furniture,115
Maple Network Switch X,Electronics,379
Ember Nightstand Lite,Furniture,171
Summit Filing Cabinet S2,Furniture,265
Slate Bar Stool Lite,Furniture,131
Atlas Graphics Card S1,Electronics,1023
Harbor Webcam X,Electronics,210
Onyx Speaker 100,Electronics,281
Kestrel Scanner Max,Electronics,134
Vertex USB Hub Pro,Electronics,20
Cobalt Console Table 100,Furniture,223
Lumen Recliner Plus,Furniture,428
Yarrow Projector Max,Electronics,1049
Verdant NAS Enclosure 300,Electronics,1089
Aurora Filing Cabinet Pro,Furniture,117
Zephyr Recliner X,Furniture,1074
Basalt Speaker 200,Electronics,515
Ridge Scanner X,Electronics,409
Zenith Scanner S1,Electronics,413
Indigo Bookshelf 100,Furniture,451
Onyx Webcam 200,Electronics,53
Atlas Conference Chair Lite,Furniture,348
Verdant Bench Lite,Furniture,281
Ember Monitor Max,Electronics,265
Nimbus Graphics Tablet 200,Electronics,549
Cobalt Headphones Max,Electronics,414
Rowan Whiteboard 200,Furniture,129
Kestrel Wardrobe 100,Furniture,1277
Quill Webcam 200,Electronics,215
Larch Laptop Plus,Electronics,2311
Nova Footrest Max,Furniture,51
Vertex Recliner Lite,Furniture,581
Beacon Capture Card X,Electronics,87
Verdant Monitor Max,Electronics,409
Quartz Bench 300,Furniture,124
Xenon Keyboard Plus,Electronics,104
Cobalt Monitor S1,Electronics,704
Rowan TV Stand Pro,Furniture,377
Cedar UPS Battery Max,Electronics,273
Willow Tablet S2,Electronics,259
Aster Conference Chair 300,Furniture,529
Yarrow Dresser Plus,Furniture,519
Aster Footrest S1,Furniture,142
Cedar Power Bank 300,Electronics,22
Zenith Storage Cube 100,Furniture,66
Cedar TV Stand Max,Furniture,310
Larch Conference Camera Plus,Electronics,316
Delta Storage Cube X,Furniture,125
Beacon Wardrobe Lite,Furniture,392
Basalt Router 100,Electronics,238
Maple Keyboard 100,Electronics,66
Quill Reception Desk Lite,Furniture,2110
Vertex Storage Cube 100,Furniture,85
Helio Conference Camera Pro,Electronics,459
Nova Side Table S2,Furniture,157
Indigo Wireless Presenter 100,Electronics,65
Zephyr Keyboard Plus,Electronics,180
Summit Cabinet X,Furniture,536
Ridge Conference Chair X,Furniture,191
Verdant Side Table 300,Furniture,231
Nimbus Monitor Stand X,Furniture,144
Ember Graphics Card 100,Electronics,686
Cobalt Power Bank 100,Electronics,70
Juniper Headphones Lite,Electronics,196
Xenon Filing Cabinet Lite,Furniture,374
Nova Capture Card Max,Electronics,365
Meridian Office Lamp Plus,Furniture,134
Basalt Drawer Unit 100,Furniture,410
Ridge Sofa 200,Furniture,1138
Cobalt External HDD 300,Electronics,92
Indigo Room Divider 200,Furniture,353
Nimbus Headphones 300,Electronics,278
Aurora Shoe Rack Plus,Furniture,156
Orion TV Stand 100,Furniture,477
Aster Speaker 100,Electronics,388
Nova Capture Card 300,Electronics,146
Lumen Network Switch 200,Electronics,271
Summit Console Table 100,Furniture,606
Larch Monitor Pro,Electronics,409
Tundra Lounge Chair S2,Furniture,244
Cobalt Side Table 100,Furniture,160
Summit Dresser X,Furniture,543
Juniper Lounge Chair Plus,Furniture,927
Rowan Graphics Card 100,Electronics,1223
Atlas Network Switch 100,Electronics,426
Juniper Meeting Table 200,Furniture,882
Xenon Storage Cube Pro,Furniture,74
Tundra UPS Battery 200,Electronics,510
Helio Dresser Lite,Furniture,255
Verdant Conference Chair 100,Furniture,324
Nova Scanner X,Electronics,602
Indigo Storage Cube S2,Furniture,68
Larch Office Lamp Lite,Furniture,171
Maple Standing Desk Max,Furniture,1316
Atlas Chair 100,Furniture,63
Umber Coffee Table 100,Furniture,150
Zenith Bar Stool 100,Furniture,67
Rowan Dining Table Plus,Furniture,207
Meridian Shoe Rack 200,Furniture,193
Cobalt Desk S2,Furniture,361
Willow Dresser S2,Furniture,480
Larch Drawer Unit X,Furniture,416
Beacon Storage Cube Plus,Furniture,112
Nova Room Divider 300,Furniture,113
Aster Recliner X,Furniture,578
Maple Label Printer Lite,Electronics,343
Nimbus Tablet Pro,Electronics,1039
Cedar Side Table Max,Furniture,123
Quartz External HDD S2,Electronics,171
Kestrel Console Table Lite,Furniture,231
Xenon Wardrobe X,Furniture,885
Quartz Graphics Card Lite,Electronics,1207
Helio Wireless Presenter Plus,Electronics,30
Aster Router 200,Electronics,75
Yarrow SSD Drive S1,Electronics,367
Meridian Headphones S1,Electronics,148
Ember Coffee Table Max,Furniture,178
Zenith Monitor Stand 200,Furniture,39
Fjord Wireless Presenter 300,Electronics,59
Willow Printer 300,Electronics,153
Juniper Whiteboard Max,Furniture,315
Yarrow Chair Pro,Furniture,573
Orion Label Printer 100,Electronics,78
Ridge Bench Lite,Furniture,427
Nova Reception Desk S1,Furniture,1030
Aurora Conference Chair 300,Furniture,323
Aster Shoe Rack 100,Furniture,203
Orion Mouse X,Electronics,62
Aurora Sofa Max,Furniture,1216
Aurora Standing Desk S1,Furniture,1383
Meridian Lounge Chair Max,Furniture,344
Kestrel Shoe Rack 300,Furniture,129
Basalt Smartwatch 300,Electronics,141
Onyx Power Bank 300,Electronics,107
Zenith Laptop 100,Electronics,1659
Zenith Conference Chair Pro,Furniture,352
Fjord Scanner Plus,Electronics,110
Xenon Office Lamp Lite,Furniture,34
Ember Bench Pro,Furniture,159
Willow Desk X,Furniture,733
Delta Docking Station 200,Electronics,123
Granite Dining Table Pro,Furniture,426
Aurora Console Table Pro,Furniture,209
Meridian TV Stand Pro,Furniture,254
Onyx Nightstand 100,Furniture,139
Ridge Network Switch Lite,Electronics,184
Cedar Speaker S2,Electronics,420
Xenon Side Table Pro,Furniture,152
Aster Shoe Rack X,Furniture,185
Kestrel Network Switch Max,Electronics,472
Verdant TV Stand Pro,Furniture,308
Beacon Side Table Plus,Furniture,79
Meridian Network Switch S1,Electronics,319
Willow Side Table S1,Furniture,153
Ridge Webcam X,Electronics,153
Ember USB Hub S1,Electronics,95
Aster Barcode Scanner Pro,Electronics,431
Aurora Standing Desk S2,Furniture,1038
Basalt Conference Camera X,Electronics,365
Meridian Label Printer Plus,Electronics,354
Nova Bar Stool Lite,Furniture,78
Aurora Docking Station 200,Electronics,307
Zephyr Bench 200,Furniture,428
Verdant Dining Table X,Furniture,227
Onyx Docking Station Lite,Electronics,73
Onyx Label Printer Lite,Electronics,314
Fjord Power Bank Pro,Electronics,54
Helio Webcam Max,Electronics,187
Quartz Power Bank Lite,Electronics,127
Lumen Capture Card Pro,Electronics,92
Basalt Laptop Pro,Electronics,953
Quartz Wardrobe X,Furniture,1094
Helio Dining Table X,Furniture,345
Vertex Meeting Table 100,Furniture,1314
Juniper UPS Battery Pro,Electronics,503
Harbor Recliner 100,Furniture,1340
Fjord Monitor Stand S1,Furniture,175
Basalt Side Table Max,Furniture,104
Cedar Filing Cabinet 300,Furniture,203
Quill Smartwatch Max,Electronics,375
Fjord Drawer Unit X,Furniture,324
Xenon Keyboard S1,Electronics,30
Indigo Drawer Unit X,Furniture,86
Indigo Whiteboard 300,Furniture,230
Nimbus Dresser Plus,Furniture,639
Yarrow Projector S1,Electronics,1447
Quartz Side Table S1,Furniture,68
Fjord Headphones 300,Electronics,391
Ridge Microphone Plus,Electronics,45
Ember Nightstand Max,Furniture,227
Meridian SSD Drive 300,Electronics,290
Beacon Barcode Scanner S2,Electronics,118
Indigo Meeting Table S2,Furniture,1772
Orion Conference Camera Max,Electronics,455
Nimbus Sofa Plus,Furniture,2576
Rowan Label Printer Lite,Electronics,98
Helio Bench 100,Furniture,408
Nimbus SSD Drive Pro,Electronics,610
Delta Reception Desk X,Furniture,497
Onyx External HDD X,Electronics,140
Meridian Docking Station 100,Electronics,334
Xenon Side Table Max,Furniture,158
Basalt Coffee Table S2,Furniture,249
Harbor Scanner 100,Electronics,133
Ember Tablet Lite,Electronics,813
Cobalt Wireless Presenter Max,Electronics,114
Rowan Wardrobe Pro,Furniture,1144
Yarrow Label Printer 200,Electronics,188
Indigo Side Table Max,Furniture,88
Helio Drawer Unit 300,Furniture,326
Onyx Router S2,Electronics,126
Delta Scanner S1,Electronics,274
Quill SSD Drive S1,Electronics,73
Larch Console Table S1,Furniture,550
Meridian Router 200,Electronics,337
Zephyr Monitor Stand Plus,Furniture,182
Lumen Coffee Table S2,Furniture,119
Yarrow Capture Card S2,Electronics,167
Lumen Lounge Chair Pro,Furniture,973
Juniper Bar Stool Lite,Furniture,224
Zenith Bench 200,Furniture,304
Kestrel Smartwatch 300,Electronics,187
Xenon Reception Desk Max,Furniture,932
Fjord Whiteboard S2,Furniture,247
Indigo Dresser Lite,Furniture,888
Quartz SSD Drive S2,Electronics,280
Quartz Capture Card Max,Electronics,402
Verdant Router 300,Electronics,157
Nova Lounge Chair 200,Furniture,1052
Tundra Network Switch S2,Electronics,217
Delta Recliner Pro,Furniture,325
Delta Monitor Stand Plus,Furniture,119
Cobalt Graphics Card S2,Electronics,1118
Pioneer Conference Chair 300,Furniture,597
Lumen Smartphone 200,Electronics,1227
Juniper Mouse 200,Electronics,83
Maple Bench Pro,Furniture,173
Quartz Office Lamp 200,Furniture,118
Nova Shoe Rack X,Furniture,148
Slate Laptop S1,Electronics,1452
Orion Router S2,Electronics,43
Maple Headphones Lite,Electronics,207
Quartz Webcam S2,Electronics,203
Cedar TV Stand Lite,Furniture,360
Zephyr Desk Max,Furniture,786
Granite Monitor 200,Electronics,505
Onyx Laptop X,Electronics,2120
Juniper Office Lamp 200,Furniture,152
Basalt Whiteboard S1,Furniture,93
Willow Recliner 300,Furniture,1634
Quill Dining Table 200,Furniture,290
Helio Monitor Max,Electronics,164
Yarrow UPS Battery Max,Electronics,267
Fjord Webcam Max,Electronics,142
Indigo Capture Card Lite,Electronics,355
Atlas Tablet S1,Electronics,312
Basalt Cabinet X,Furniture,789
Helio Coffee Table 200,Furniture,429
Ember Wireless Presenter Pro,Electronics,96
Pioneer Conference Camera X,Electronics,1292
Kestrel Wardrobe S2,Furniture,1488
Willow Storage Cube Plus,Furniture,52
Harbor Footrest S2,Furniture,98
Kestrel Capture Card Plus,Electronics,373
Pioneer Office Lamp Max,Furniture,61
Indigo Bar Stool Lite,Furniture,249
Pioneer Scanner 300,Electronics,620
Xenon Smartwatch Max,Electronics,713
Pioneer Scanner Plus,Electronics,242
Nimbus Cabinet S2,Furniture,532
Pioneer UPS Battery Pro,Electronics,340
Meridian Side Table Lite,Furniture,97
Zephyr Monitor S1,Electronics,549
Vertex SSD Drive 300,Electronics,240
Nimbus USB Hub 100,Electronics,62
Summit Keyboard 200,Electronics,165
Orion Nightstand Max,Furniture,223
Rowan Shoe Rack S1,Furniture,136
Onyx Docking Station S1,Electronics,196
Quill Smartwatch 200,Electronics,250
Indigo Drawer Unit 200,Furniture,197
Meridian Wardrobe S2,Furniture,452
Tundra Cabinet Lite,Furniture,833
Vertex Laptop Lite,Electronics,1509
Ember Coffee Table Lite,Furniture,181
Pioneer Router Max,Electronics,374
Ridge Wardrobe 300,Furniture,372
Aster Wardrobe Max,Furniture,829
Delta Reception Desk 200,Furniture,411
Willow Standing Desk Plus,Furniture,830
Larch Label Printer 100,Electronics,238
Tundra Storage Cube Pro,Furniture,132
Harbor Wireless Presenter 200,Electronics,110
Tundra Bookshelf X,Furniture,191
Pioneer Conference Chair S2,Furniture,608
Aster External HDD 300,Electronics,328
Delta Scanner Plus,Electronics,114
Onyx Router Max,Electronics,265
Nimbus Footrest X,Furniture,184
Granite Tablet S2,Electronics,199
Larch Laptop 300,Electronics,2292
Atlas Dining Table 300,Furniture,348
Granite Bar Stool Lite,Furniture,297
Ridge Dining Table Pro,Furniture,429
Indigo TV Stand X,Furniture,348
Quill Room Divider Max,Furniture,448
Fjord Dining Table S2,Furniture,339
Maple Network Switch 300,Electronics,248
Onyx Footrest Max,Furniture,149
Aurora Desk Pro,Furniture,700
Helio Standing Desk Max,Furniture,678
Fjord Dresser S2,Furniture,756
Orion Keyboard X,Electronics,58
Juniper Bench 300,Furniture,285
Aurora Room Divider S1,Furniture,313
Kestrel Reception Desk X,Furniture,769
Cobalt Room Divider S2,Furniture,451
Ridge Laptop 200,Electronics,818
Granite NAS Enclosure Plus,Electronics,597
Willow Dining Table Max,Furniture,662
Delta External HDD 300,Electronics,321
Meridian Bench Pro,Furniture,431
Meridian Coffee Table Max,Furniture,480
Indigo Room Divider Pro,Furniture,93
Cedar Headphones Max,Electronics,83
Aurora Reception Desk S1,Furniture,800
Basalt External HDD Plus,Electronics,67
Beacon Speaker Pro,Electronics,119
Kestrel Projector X,Electronics,1134
Tundra Side Table X,Furniture,192
Larch Barcode Scanner Plus,Electronics,446
Basalt SSD Drive 300,Electronics,280
Slate Dining Table 100,Furniture,781
Yarrow Reception Desk X,Furniture,911
Aurora Recliner S1,Furniture,1149
Nova Bar Stool Max,Furniture,104
Harbor USB Hub 200,Electronics,22
Cedar Docking Station S1,Electronics,284
Maple Dining Table 100,Furniture,1186
Meridian Whiteboard Plus,Furniture,163
Aurora Standing Desk Pro,Furniture,1235
Indigo Monitor Stand 100,Furniture,193
Yarrow Conference Chair Plus,Furniture,389
Cedar Drawer Unit S1,Furniture,274
Pioneer Wireless Presenter S1,Electronics,62
Beacon Tablet Lite,Electronics,853
Summit Bookshelf Plus,Furniture,481
Verdant Label Printer X,Electronics,233
Aster Headphones Lite,Electronics,174
Slate Monitor Max,Electronics,216
Indigo Graphics Tablet X,Electronics,375
Pioneer Recliner Plus,Furniture,1199
Quartz Microphone S1,Electronics,349
Cedar Console Table Lite,Furniture,116
Granite Wardrobe S2,Furniture,1373
Harbor Chair Plus,Furniture,291
Delta Lounge Chair X,Furniture,611
Pioneer Conference Camera S2,Electronics,318
Yarrow Headphones Pro,Electronics,184
Lumen Recliner 100,Furniture,1336
Atlas Drawer Unit 200,Furniture,212
Zenith Keyboard Plus,Electronics,186
Slate Nightstand 200,Furniture,261
Zenith Storage Cube Plus,Furniture,101
Zephyr Office Lamp S1,Furniture,164
Quartz TV Stand S2,Furniture,239
Aurora Smartwatch 100,Electronics,557
Atlas Printer Pro,Electronics,517
Basalt Bench S2,Furniture,85
Atlas Standing Desk Pro,Furniture,499
Quill Sofa Pro,Furniture,1528
Aster Coffee Table 200,Furniture,96
Quill Headphones X,Electronics,324
Willow SSD Drive S2,Electronics,324
Harbor Keyboard 300,Electronics,85
Kestrel Drawer Unit S2,Furniture,140
Aster Printer 200,Electronics,537
Xenon Meeting Table 200,Furniture,1310
Quill Nightstand S2,Furniture,264
Zephyr Coffee Table 300,Furniture,168
Granite External HDD S2,Electronics,266
Larch NAS Enclosure X,Electronics,279
Vertex USB Hub Plus,Electronics,61
Beacon Monitor Stand Plus,Furniture,189
Zephyr Graphics Tablet S1,Electronics,351
Zephyr Power Bank Lite,Electronics,48
Zenith Coffee Table Plus,Furniture,466
Onyx Whiteboard X,Furniture,308
Zenith Sofa 200,Furniture,759
Tundra Keyboard Lite,Electronics,184
Atlas Docking Station Pro,Electronics,322
Lumen Wireless Presenter S2,Electronics,100
Quill Label Printer Pro,Electronics,171
Larch Graphics Tablet Max,Electronics,279
Lumen Projector S2,Electronics,290
Nova Laptop S2,Electronics,2058
Cedar Console Table 100,Furniture,462
Fjord Room Divider Plus,Furniture,111
Basalt Bookshelf S1,Furniture,202
Quartz Label Printer 300,Electronics,253
Beacon Dining Table 200,Furniture,968
Willow Room Divider 300,Furniture,170
Zephyr Dining Table Max,Furniture,399
Maple Dresser 300,Furniture,515
Granite Label Printer Plus,Electronics,309
Yarrow Smartwatch X,Electronics,340
Yarrow Headphones Lite,Electronics,55
Verdant Label Printer S2,Electronics,123
Aurora Network Switch X,Electronics,377
Xenon Power Bank S1,Electronics,38
Quill Bar Stool S1,Furniture,160
Rowan Power Bank S1,Electronics,60
Cobalt Dresser X,Furniture,372
Yarrow Conference Chair 100,Furniture,550
Basalt Standing Desk S2,Furniture,695
Nova Nightstand 100,Furniture,115
Cedar Side Table Plus,Furniture,88
Maple Smartphone Plus,Electronics,508
Lumen UPS Battery Pro,Electronics,680
Onyx Headphones 100,Electronics,340
Tundra Microphone Lite,Electronics,190
Fjord Laptop X,Electronics,1434
Meridian Headphones Max,Electronics,217
Beacon Laptop Plus,Electronics,2293
Maple Power Bank Max,Electronics,35
Quill Nightstand Max,Furniture,89
Xenon Tablet S2,Electronics,697
Beacon Network Switch 300,Electronics,56
Nova Network Switch 100,Electronics,416
Harbor Office Lamp Plus,Furniture,101
Juniper Docking Station Pro,Electronics,86
Vertex Barcode Scanner 300,Electronics,380
Cedar Monitor Stand 300,Furniture,136
Quartz Desk 300,Furniture,794
Cobalt Sofa Plus,Furniture,432
Maple Bookshelf Pro,Furniture,239
Summit Meeting Table S2,Furniture,1771
Quartz Docking Station S1,Electronics,190
Larch Console Table Pro,Furniture,130
Meridian Scanner 200,Electronics,120
Helio Dining Table S2,Furniture,354
Slate Recliner 300,Furniture,881
Zephyr TV Stand Lite,Furniture,329
Ember Docking Station Max,Electronics,238
Quartz Office Lamp Pro,Furniture,41
Quill Filing Cabinet Max,Furniture,143
Ember NAS Enclosure Pro,Electronics,557
Nova Printer 300,Electronics,90
Willow Dresser Pro,Furniture,662
Pioneer Desk 100,Furniture,695
Verdant Lounge Chair Plus,Furniture,631
Ridge Graphics Tablet S1,Electronics,244
Onyx USB Hub 300,Electronics,78
Fjord Capture Card Plus,Electronics,377
Onyx NAS Enclosure Plus,Electronics,379
Xenon USB Hub S2,Electronics,52
Helio Conference Chair 200,Furniture,603
Zenith Mouse Lite,Electronics,13
Helio Reception Desk 200,Furniture,1997
Helio Monitor Stand X,Furniture,64
Aster Dresser X,Furniture,663
Juniper Sofa Pro,Furniture,1256
Zephyr Shoe Rack 300,Furniture,63
Aurora Laptop 200,Electronics,820
Zenith Meeting Table 300,Furniture,1456
Quartz Router Pro,Electronics,300
Yarrow Side Table Lite,Furniture,75
Cedar Bookshelf Plus,Furniture,253
Ember Smartwatch Plus,Electronics,470
Quill Bench Pro,Furniture,271
Helio Dining Table 200,Furniture,1223
Vertex Standing Desk 300,Furniture,367
Quartz TV Stand Max,Furniture,355
Maple Sofa Max,Furniture,2488
Nova Chair X,Furniture,201
Umber Sofa Pro,Furniture,780
Beacon Nightstand Lite,Furniture,102
Beacon Keyboard Lite,Electronics,33
Verdant Shoe Rack 100,Furniture,209
Maple Conference Camera 300,Electronics,286
Basalt Mouse Max,Electronics,41
Juniper Wardrobe Lite,Furniture,1452
Cedar Reception Desk Lite,Furniture,1956
Fjord Footrest 200,Furniture,40
Basalt Conference Chair 300,Furniture,545
Ridge Monitor Stand S1,Furniture,113
Tundra Wardrobe 300,Furniture,340
Meridian TV Stand 100,Furniture,464
Delta Bar Stool Pro,Furniture,140
Cedar Printer Pro,Electronics,262
Vertex Console Table Max,Furniture,320
Orion Bench 100,Furniture,113
Cobalt Mouse X,Electronics,62
Umber Bookshelf X,Furniture,479
Fjord Monitor Stand Plus,Furniture,34
Quartz Speaker S1,Electronics,233
Meridian Desk Plus,Furniture,771
Maple Graphics Card Plus,Electronics,1050
Aurora NAS Enclosure Plus,Electronics,623
Maple Webcam X,Electronics,231
Zephyr Nightstand X,Furniture,227
Slate Reception Desk X,Furniture,815
Larch Dresser Pro,Furniture,467
Lumen Chair 300,Furniture,60
Umber Standing Desk S1,Furniture,704
Zephyr Standing Desk 200,Furniture,1456
Indigo Desk S2,Furniture,342
Nova Scanner S1,Electronics,116
Rowan Graphics Card 300,Electronics,902
Basalt Dining Table 200,Furniture,785
Lumen Dresser 100,Furniture,421
Juniper Monitor Max,Electronics,575
Larch Laptop X,Electronics,2353
Granite Headphones S2,Electronics,315
Quartz Barcode Scanner S1,Electronics,184
Basalt Desk Max,Furniture,595
Granite Microphone Plus,Electronics,215
Slate Mouse Plus,Electronics,38
Tundra Smartwatch 200,Electronics,450
Verdant Cabinet S1,Furniture,443
Meridian Standing Desk Pro,Furniture,1277
Umber Shoe Rack S2,Furniture,178
Rowan Speaker Max,Electronics,511
Juniper Graphics Card 100,Electronics,843
Quill Capture Card Lite,Electronics,197
Maple Mouse 200,Electronics,74
Beacon Graphics Card 100,Electronics,1128
Rowan Router S2,Electronics,330
Nimbus Graphics Tablet S2,Electronics,95
Lumen Router S2,Electronics,268
Summit Desk Pro,Furniture,841
Lumen Conference Camera Max,Electronics,770
Umber Dresser Plus,Furniture,840
Ember Sofa S2,Furniture,1795
Slate Power Bank 100,Electronics,61
Vertex Webcam S2,Electronics,128
Umber Bar Stool 200,Furniture,97
Zephyr Printer Plus,Electronics,177
Umber Monitor Stand X,Furniture,28
Aurora Network Switch S2,Electronics,301
Xenon Bench Lite,Furniture,245
Summit Dresser S1,Furniture,775
Vertex Network Switch 100,Electronics,408
Ridge Lounge Chair 300,Furniture,511
Fjord Desk Lite,Furniture,171
Larch Filing Cabinet 100,Furniture,116
Kestrel Footrest Pro,Furniture,110
Cobalt Capture Card 100,Electronics,255
Aster Side Table 200,Furniture,142
Rowan Console Table 200,Furniture,202
Ember Lounge Chair Pro,Furniture,554
Meridian Storage Cube 200,Furniture,131
Harbor Smartwatch S1,Electronics,728
Willow Laptop 200,Electronics,1121
Zephyr Storage Cube 300,Furniture,100
Granite Whiteboard 100,Furniture,291
Yarrow Coffee Table 300,Furniture,409
Nimbus Label Printer S2,Electronics,289
Orion Dining Table Lite,Furniture,303
Aurora Nightstand S1,Furniture,130
Orion Router 300,Electronics,62
Yarrow Recliner X,Furniture,1430
Willow Graphics Card 200,Electronics,1116
Yarrow Sofa 100,Furniture,2443
Umber Monitor Max,Electronics,166
Beacon Docking Station Plus,Electronics,178
Lumen UPS Battery 200,Electronics,762
Zephyr Speaker Lite,Electronics,238
Xenon Headphones S1,Electronics,218
Beacon Capture Card Pro,Electronics,415
Atlas USB Hub S1,Electronics,79
Willow Chair 100,Furniture,281
Summit External HDD Max,Electronics,79
Juniper Lounge Chair S2,Furniture,549
Rowan Filing Cabinet Plus,Furniture,355
Aurora Cabinet Lite,Furniture,169
Juniper Recliner Lite,Furniture,1147
Yarrow Desk 200,Furniture,562
Rowan Docking Station Max,Electronics,130
Aster Projector Lite,Electronics,996
Yarrow Chair Plus,Furniture,111
Slate Headphones Max,Electronics,400
Xenon Cabinet 300,Furniture,194
Aster Conference Camera S1,Electronics,900
Quartz Speaker 200,Electronics,227
Verdant Webcam Plus,Electronics,80
Pioneer TV Stand 200,Furniture,524
Slate Capture Card 200,Electronics,91
Aurora Cabinet Plus,Furniture,469
Aurora Keyboard 100,Electronics,158
Quill Smartphone S2,Electronics,277
Atlas Storage Cube S1,Furniture,54
Summit Router Lite,Electronics,127
Umber Keyboard Pro,Electronics,119
Cobalt UPS Battery 100,Electronics,663
Xenon NAS Enclosure S1,Electronics,405
Fjord Power Bank 300,Electronics,111
Granite Shoe Rack 200,Furniture,107
Granite Bench Plus,Furniture,415
Xenon Keyboard S2,Electronics,171
Xenon Storage Cube Max,Furniture,149
Zephyr Conference Camera Lite,Electronics,1075
Xenon Chair X,Furniture,512
Beacon Headphones Pro,Electronics,296
Beacon Cabinet S2,Furniture,245
Ember Speaker 100,Electronics,228
Cedar Graphics Card 300,Electronics,1391
Nova Graphics Tablet 200,Electronics,289
Fjord Power Bank Plus,Electronics,90
Nimbus Coffee Table S2,Furniture,159
Quill Conference Chair S2,Furniture,221
Helio Dresser Max,Furniture,810
Slate Office Lamp Lite,Furniture,165
Beacon Scanner Plus,Electronics,289
Helio Headphones Max,Electronics,69
Delta Filing Cabinet Lite,Furniture,465
Fjord Projector Max,Electronics,1214
Cedar Whiteboard 100,Furniture,290
Lumen Power Bank 300,Electronics,68
Indigo Standing Desk S1,Furniture,1152
Tundra Label Printer Lite,Electronics,112
Cobalt Bookshelf 300,Furniture,215
Nimbus Laptop Max,Electronics,831
Kestrel SSD Drive 300,Electronics,610
Quartz Label Printer S1,Electronics,162
Ridge Network Switch 200,Electronics,458
Indigo Mouse S1,Electronics,50
Helio Power Bank 300,Electronics,62
Kestrel Dresser Max,Furniture,722
Vertex SSD Drive Lite,Electronics,454
Delta Filing Cabinet S2,Furniture,140
Zenith Standing Desk Max,Furniture,673
Zenith Drawer Unit X,Furniture,99
Ridge Tablet Plus,Electronics,262
Rowan Meeting Table Max,Furniture,1991
Umber Filing Cabinet Plus,Furniture,362
Pioneer Lounge Chair Lite,Furniture,323
Verdant Drawer Unit 200,Furniture,341
Nimbus Office Lamp 100,Furniture,149
Nimbus TV Stand 200,Furniture,104
Verdant Printer Pro,Electronics,442
Zenith Conference Camera S1,Electronics,545
Aurora Scanner Max,Electronics,91
Summit Power Bank S2,Electronics,108
Aurora Lounge Chair Max,Furniture,412
Cobalt Bar Stool Lite,Furniture,66
Basalt Meeting Table Max,Furniture,748
Yarrow Graphics Card S2,Electronics,1656
Harbor Bench Max,Furniture,375
Nimbus Chair S2,Furniture,332
Granite Label Printer X,Electronics,100
Summit Bookshelf Pro,Furniture,310
Maple Label Printer X,Electronics,358
Lumen Laptop S2,Electronics,1612
Orion Meeting Table 100,Furniture,1385
Harbor Smartwatch 100,Electronics,587
Verdant Shoe Rack Pro,Furniture,38
Nimbus Chair Max,Furniture,157
Granite Coffee Table Max,Furniture,341
Willow Smartphone Pro,Electronics,572
Delta Office Lamp Max,Furniture,94
Umber Console Table 100,Furniture,390
Helio Mouse S1,Electronics,71
Helio Smartphone S1,Electronics,1136
Nimbus Monitor Stand 200,Furniture,142
Pioneer Router 300,Electronics,82
Atlas Desk Pro,Furniture,339
Cedar Meeting Table Lite,Furniture,609
Granite Storage Cube Pro,Furniture,133
Quartz Tablet X,Electronics,1009
Summit Smartwatch S1,Electronics,746
Kestrel Monitor 200,Electronics,608
Indigo UPS Battery Plus,Electronics,591
Harbor Wardrobe Pro,Furniture,504
Lumen Laptop Lite,Electronics,2340
Beacon Wardrobe 100,Furniture,759
Indigo Bookshelf S2,Furniture,510
Tundra Room Divider 100,Furniture,497
Maple Tablet 100,Electronics,260
Nova Sofa Plus,Furniture,2023
Zephyr Printer Max,Electronics,621
Fjord Docking Station X,Electronics,181
Slate Headphones Pro,Electronics,327
Zephyr Drawer Unit X,Furniture,109
Umber Recliner Pro,Furniture,1007
Rowan Side Table Lite,Furniture,45
Juniper Capture Card 300,Electronics,454
Beacon Webcam Lite,Electronics,170
Orion Whiteboard 100,Furniture,143
Beacon Office Lamp S1,Furniture,114
Aurora Lounge Chair S2,Furniture,1035
Umber Dresser Max,Furniture,304
Granite Sofa Pro,Furniture,899
Pioneer Recliner S2,Furniture,1597
Atlas Whiteboard 100,Furniture,132
Xenon Filing Cabinet 100,Furniture,355
Maple Tablet 300,Electronics,1021
Larch Smartwatch X,Electronics,736
Harbor Graphics Tablet Lite,Electronics,77
Basalt Console Table Max,Furniture,505
Atlas Wireless Presenter Lite,Electronics,61
Pioneer Headphones 300,Electronics,413
Summit Network Switch S2,Electronics,394
Quill Power Bank Lite,Electronics,54
Tundra Monitor Max,Electronics,794
Cobalt Speaker Lite,Electronics,510
Meridian Dining Table Pro,Furniture,578
Lumen Headphones S2,Electronics,370
Ember Dresser S1,Furniture,581
Juniper Printer S1,Electronics,317
Nova Office Lamp Lite,Furniture,62
Xenon Wireless Presenter S1,Electronics,101
Verdant Barcode Scanner Max,Electronics,85
Maple Graphics Card Max,Electronics,1168
Ridge Desk X,Furniture,339
Harbor Chair S1,Furniture,171
Harbor Sofa S1,Furniture,1562
Pioneer Side Table 300,Furniture,67
Juniper Bar Stool 100,Furniture,74
Helio Laptop S2,Electronics,1049
Granite Cabinet 100,Furniture,720
Vertex Nightstand 300,Furniture,66
Indigo Console Table Pro,Furniture,593
Quartz Laptop Pro,Electronics,1839
Granite Microphone X,Electronics,157
Indigo Side Table Lite,Furniture,211
Onyx NAS Enclosure 300,Electronics,377
Ridge Conference Chair Pro,Furniture,562
Helio Shoe Rack Max,Furniture,46
Ember Conference Chair S1,Furniture,524
Nimbus Wireless Presenter Lite,Electronics,50
Ember Nightstand 300,Furniture,177
Juniper Desk Lite,Furniture,588
Ridge Smartphone Pro,Electronics,1236
Zenith Recliner 200,Furniture,907
Juniper Graphics Card 300,Electronics,1370
Granite Conference Chair Pro,Furniture,146
Zenith Monitor S1,Electronics,698
Summit Speaker Plus,Electronics,261
Cobalt Sofa S1,Furniture,2426
Aurora SSD Drive 200,Electronics,144
Onyx Speaker Lite,Electronics,180
Slate Power Bank Lite,Electronics,73
Slate Standing Desk X,Furniture,1083
Zephyr Laptop Pro,Electronics,2153
Maple Desk 200,Furniture,832
Lumen Shoe Rack Max,Furniture,175
Harbor Sofa 100,Furniture,1751
Indigo Label Printer S1,Electronics,86
Verdant Reception Desk Pro,Furniture,786
Slate Filing Cabinet S1,Furniture,193
Maple Router 300,Electronics,73
Atlas Coffee Table Plus,Furniture,158
Kestrel Room Divider X,Furniture,243
Basalt Chair Max,Furniture,268
Ember Speaker 300,Electronics,240
Aster Wardrobe 300,Furniture,1249
Zenith Standing Desk Pro,Furniture,640
Ridge Graphics Card 100,Electronics,1158
Harbor TV Stand Max,Furniture,268
Zenith Router Pro,Electronics,237
Tundra Whiteboard S2,Furniture,42
Lumen Graphics Tablet Plus,Electronics,844
Slate Router S2,Electronics,164
Kestrel Graphics Tablet S2,Electronics,732
Tundra Speaker 200,Electronics,220
Zenith TV Stand X,Furniture,144
Umber Chair 200,Furniture,192
Ember Lounge Chair X,Furniture,903
Cobalt Office Lamp Lite,Furniture,72
Vertex SSD Drive S1,Electronics,296
Quill Footrest S1,Furniture,125
Umber Reception Desk 300,Furniture,768
Atlas Dining Table 100,Furniture,1174
Atlas Projector Plus,Electronics,1567
Slate Bar Stool X,Furniture,194
Maple Shoe Rack Plus,Furniture,152
Umber Cabinet S2,Furniture,513
Granite Nightstand X,Furniture,85
Juniper Docking Station 300,Electronics,253
Helio Conference Chair S1,Furniture,402
Kestrel Bench Plus,Furniture,164
Zenith Whiteboard Plus,Furniture,167
Helio Dining Table 100,Furniture,1343
Willow Chair S2,Furniture,217
Onyx Drawer Unit S1,Furniture,178
Nimbus Capture Card 100,Electronics,351
Helio Tablet S2,Electronics,1248
Umber Coffee Table 200,Furniture,418
Kestrel Side Table Max,Furniture,233
Aurora Conference Camera Pro,Electronics,785
Kestrel Storage Cube Lite,Furniture,43
Verdant Projector X,Electronics,447
Nova Laptop Pro,Electronics,1237
Helio Conference Chair 100,Furniture,115
Larch Docking Station Pro,Electronics,207
Ember Coffee Table S2,Furniture,119
Ridge TV Stand Lite,Furniture,163
Fjord Footrest 100,Furniture,159
Helio Printer Plus,Electronics,131
Lumen Bookshelf Lite,Furniture,176
Yarrow Sofa Plus,Furniture,1226
Summit Shoe Rack S1,Furniture,100
Fjord Label Printer Lite,Electronics,124
Delta UPS Battery Plus,Electronics,669
Delta Side Table X,Furniture,76
Quartz Storage Cube 300,Furniture,59
Xenon Wireless Presenter 300,Electronics,32
Ridge Meeting Table 300,Furniture,737
Umber Whiteboard Lite,Furniture,351
Delta Filing Cabinet Max,Furniture,347
Delta Side Table S1,Furniture,129
Nimbus Network Switch Pro,Electronics,451
Nimbus Laptop 200,Electronics,1787
Zephyr Microphone S1,Electronics,163
Willow Keyboard Plus,Electronics,126
Basalt Barcode Scanner Pro,Electronics,364
Willow Meeting Table 100,Furniture,1083
Beacon Meeting Table S2,Furniture,899
Beacon Recliner Lite,Furniture,793
Cedar Power Bank Pro,Electronics,24
Aurora Conference Chair S2,Furniture,581
Lumen Footrest Lite,Furniture,128
Larch Smartphone X,Electronics,314
Aster Bar Stool X,Furniture,64
Basalt Power Bank Lite,Electronics,59
Tundra Conference Camera 200,Electronics,1194
Cobalt Coffee Table Lite,Furniture,166
Nova SSD Drive 200,Electronics,289
Rowan Cabinet Lite,Furniture,768
Umber Side Table 100,Furniture,204
Tundra Docking Station S2,Electronics,300
Kestrel Bookshelf Lite,Furniture,242
Aurora Drawer Unit Max,Furniture,160
Indigo External HDD Max,Electronics,99
Nova Reception Desk X,Furniture,620
Meridian Room Divider Pro,Furniture,389
Helio Lounge Chair Pro,Furniture,661
Atlas TV Stand Pro,Furniture,96
Juniper UPS Battery 200,Electronics,655
Cedar Standing Desk Lite,Furniture,999
Meridian Keyboard 100,Electronics,63
Fjord Cabinet Plus,Furniture,485
Yarrow Bookshelf Plus,Furniture,111
Aster Office Lamp 200,Furniture,70
Summit Network Switch X,Electronics,43
Ember Bookshelf X,Furniture,426
Indigo Docking Station Pro,Electronics,193
Delta Dresser 200,Furniture,803
Rowan Shoe Rack Lite,Furniture,106
Willow Smartwatch S1,Electronics,210
Ridge Mouse S1,Electronics,40
Slate Monitor Stand Max,Furniture,150
Granite Console Table 200,Furniture,604
Yarrow Nightstand Pro,Furniture,114
Onyx Coffee Table Pro,Furniture,480
Juniper USB Hub 300,Electronics,57
Nimbus Storage Cube 300,Furniture,142
Orion Laptop S1,Electronics,1033
Indigo Monitor 100,Electronics,899
Helio Conference Camera Lite,Electronics,541
Aurora Scanner S1,Electronics,399
Xenon Desk 300,Furniture,747
Larch Capture Card X,Electronics,460
Lumen Meeting Table Lite,Furniture,1726
Zenith Drawer Unit S2,Furniture,345
Yarrow UPS Battery Pro,Electronics,657
Delta Smartwatch S2,Electronics,90
Maple Projector S2,Electronics,406
Meridian Lounge Chair S2,Furniture,416
Umber Bar Stool Plus,Furniture,280
Slate Projector S1,Electronics,646
Harbor Printer 200,Electronics,239
Vertex Reception Desk Max,Furniture,1039
Atlas Bookshelf Max,Furniture,338
Basalt Headphones X,Electronics,219
Summit UPS Battery 100,Electronics,302
Umber Dresser 100,Furniture,535
Orion Drawer Unit 300,Furniture,249
Orion Barcode Scanner Lite,Electronics,406
Ridge Bench Pro,Furniture,389
Aster Lounge Chair 100,Furniture,1021
Meridian Standing Desk 100,Furniture,414
Aurora Tablet S2,Electronics,1187
Vertex Desk 300,Furniture,459
Orion Bar Stool 100,Furniture,148
Pioneer Smartwatch Max,Electronics,539
Umber Microphone 200,Electronics,426
Cedar Graphics Tablet X,Electronics,456
Tundra Meeting Table Plus,Furniture,977
Tundra Cabinet S2,Furniture,561
Delta Bar Stool X,Furniture,71
Harbor Whiteboard S1,Furniture,181
Juniper Barcode Scanner Lite,Electronics,282
Cobalt Recliner Pro,Furniture,788
Delta Tablet 100,Electronics,609
Helio Docking Station 300,Electronics,98
Indigo Laptop Plus,Electronics,1857
Orion Mouse Plus,Electronics,25
Lumen Wardrobe Plus,Furniture,780
Cedar External HDD Max,Electronics,328
Vertex Label Printer S1,Electronics,359
Verdant Console Table 300,Furniture,359
Quill Sofa X,Furniture,2576
Harbor Whiteboard X,Furniture,191
Juniper Bookshelf X,Furniture,301
Granite Network Switch 200,Electronics,235
Zenith Label Printer 200,Electronics,298
Beacon Whiteboard Max,Furniture,177
Meridian Whiteboard 300,Furniture,261
Cedar Reception Desk S1,Furniture,1306
Nimbus Projector 300,Electronics,376
Maple Cabinet X,Furniture,156
Helio USB Hub S2,Electronics,89
Xenon Smartphone 100,Electronics,1000
Meridian Printer Pro,Electronics,446
Lumen Graphics Tablet Pro,Electronics,385
Harbor Docking Station 300,Electronics,325
Kestrel Recliner Plus,Furniture,1084
Cobalt Router 100,Electronics,187
Verdant Headphones Plus,Electronics,121
Fjord Footrest Lite,Furniture,120
Umber Bar Stool X,Furniture,79
Helio Capture Card 300,Electronics,230
Tundra Footrest Pro,Furniture,37
Aurora Keyboard 300,Electronics,64
Beacon Filing Cabinet Pro,Furniture,444
Quartz Tablet Pro,Electronics,378
Cobalt Recliner 300,Furniture,989
Cedar Standing Desk 300,Furniture,1292
Maple Mouse 300,Electronics,85
Helio TV Stand 100,Furniture,530
Delta Coffee Table Lite,Furniture,156
Larch Side Table 200,Furniture,50
Helio Monitor Stand Plus,Furniture,97
Basalt Recliner Plus,Furniture,975
Aster Docking Station 200,Electronics,193
Cedar Conference Camera Lite,Electronics,716
Pioneer Graphics Card 100,Electronics,1219
Quill Docking Station 200,Electronics,181
Maple Recliner 300,Furniture,822
Willow Conference Camera S2,Electronics,1075
Juniper Dining Table 300,Furniture,201
Nova Headphones Plus,Electronics,38
Basalt UPS Battery S1,Electronics,177
Yarrow Drawer Unit X,Furniture,92
Ridge Barcode Scanner X,Electronics,368
Rowan Wardrobe Max,Furniture,704
Kestrel Meeting Table 200,Furniture,1951
Nova Printer 100,Electronics,261
Tundra Cabinet Pro,Furniture,743
Aster Bar Stool Lite,Furniture,193
Lumen Footrest S2,Furniture,105
Pioneer Graphics Card X,Electronics,567
Summit Keyboard 100,Electronics,67
Aster Wireless Presenter 300,Electronics,28
Fjord Network Switch Plus,Electronics,502
Yarrow Microphone 300,Electronics,478
Summit Docking Station S2,Electronics,245
Aster TV Stand Max,Furniture,223
Summit Microphone 100,Electronics,156
Nimbus Router 200,Electronics,319
Ridge Monitor Stand Lite,Furniture,32
Atlas Monitor Stand 200,Furniture,144
Granite Wireless Presenter S2,Electronics,59
Nimbus Storage Cube Lite,Furniture,152
Slate Barcode Scanner Plus,Electronics,82
Willow Reception Desk 100,Furniture,1129
Harbor Scanner X,Electronics,592
Juniper Tablet Plus,Electronics,1244
Xenon Conference Chair Max,Furniture,145
Granite Shoe Rack S2,Furniture,209
Tundra Monitor Lite,Electronics,413
Harbor External HDD S1,Electronics,183
Tundra Meeting Table Pro,Furniture,473
Delta Keyboard 100,Electronics,100
Zenith Laptop 300,Electronics,1486
Juniper Bookshelf 300,Furniture,259
Cobalt UPS Battery Max,Electronics,358
Yarrow Conference Camera 100,Electronics,417
Quill Keyboard Max,Electronics,78
Zephyr Monitor Stand 100,Furniture,116
Cedar Smartwatch Pro,Electronics,747
Rowan Room Divider 200,Furniture,106
Nimbus Chair 100,Furniture,537
Harbor External HDD 300,Electronics,320
Umber Wireless Presenter S2,Electronics,45
Willow Router S1,Electronics,101
Larch UPS Battery 100,Electronics,116
Willow Console Table 200,Furniture,246
Aster UPS Battery Lite,Electronics,368
Atlas Tablet X,Electronics,331
Verdant Meeting Table S2,Furniture,1845
Slate Network Switch 100,Electronics,226
Basalt Filing Cabinet Pro,Furniture,399
Zenith Network Switch Pro,Electronics,120
Verdant Power Bank 300,Electronics,77
Willow Graphics Card 100,Electronics,1549
Juniper Wireless Presenter S1,Electronics,82
Aurora Side Table 300,Furniture,197
Quill Whiteboard Plus,Furniture,300
Cobalt Webcam Plus,Electronics,71
Rowan Bench S1,Furniture,101
Maple Side Table Lite,Furniture,250
Nova Sofa S2,Furniture,1957
Indigo Standing Desk 100,Furniture,485
Verdant Laptop Max,Electronics,1203
Quill SSD Drive Lite,Electronics,440
Atlas NAS Enclosure 200,Electronics,579
Nimbus Mouse X,Electronics,31
Lumen Capture Card Max,Electronics,286
Juniper Smartwatch Lite,Electronics,682
Juniper TV Stand Max,Furniture,507
Vertex Label Printer S2,Electronics,345
Quartz Docking Station Pro,Electronics,134
Verdant Printer 100,Electronics,206
Helio Console Table Plus,Furniture,444
Cedar Speaker X,Electronics,184
Delta Dining Table Plus,Furniture,737
Meridian Laptop Max,Electronics,938
Zephyr Meeting Table S2,Furniture,1311
Kestrel Graphics Tablet S1,Electronics,77
Willow Bar Stool 100,Furniture,182
Indigo Printer Max,Electronics,477
Harbor Bar Stool 300,Furniture,118
Zenith Desk Lite,Furniture,410
Juniper Bookshelf 100,Furniture,265
Xenon TV Stand 100,Furniture,148
Zenith Scanner Lite,Electronics,518
Rowan Wireless Presenter S2,Electronics,91
Cobalt Smartwatch 200,Electronics,366
Beacon Label Printer S2,Electronics,299
Fjord Office Lamp 200,Furniture,30
Granite Standing Desk 100,Furniture,591
Basalt Webcam Lite,Electronics,89
Maple Barcode Scanner S1,Electronics,392
Helio Nightstand S1,Furniture,179
Helio Graphics Tablet 100,Electronics,684
Rowan Footrest 100,Furniture,89
Verdant Graphics Card S1,Electronics,1020
Nimbus Drawer Unit Lite,Furniture,188
Umber Meeting Table Plus,Furniture,1092
Granite NAS Enclosure S1,Electronics,561
Fjord Power Bank S2,Electronics,56
Harbor Console Table 200,Furniture,271
Indigo Monitor S1,Electronics,509
Zephyr Laptop 100,Electronics,1961
Delta USB Hub 200,Electronics,31
Helio NAS Enclosure 300,Electronics,371
Harbor Printer Max,Electronics,547
Zephyr Power Bank Pro,Electronics,54
Indigo Microphone S1,Electronics,381
Onyx Speaker Plus,Electronics,79
Helio Nightstand S2,Furniture,138
Yarrow Footrest 100,Furniture,126
Granite Shoe Rack Max,Furniture,183
Juniper TV Stand S1,Furniture,239
Kestrel Barcode Scanner X,Electronics,239
Lumen Printer 300,Electronics,678
Summit Wireless Presenter Lite,Electronics,90
Yarrow Projector X,Electronics,1407
Orion Smartphone 100,Electronics,287
Nimbus Speaker Lite,Electronics,233
Quartz Drawer Unit X,Furniture,156
Quartz Cabinet S1,Furniture,604
Quartz Drawer Unit S1,Furniture,136
Xenon Chair Pro,Furniture,371
Juniper Graphics Tablet Max,Electronics,183
Aster Wireless Presenter X,Electronics,35
Tundra Printer S1,Electronics,286
Quartz Wardrobe Plus,Furniture,721
Xenon Label Printer S2,Electronics,359
Rowan Nightstand Pro,Furniture,250
Nova Storage Cube X,Furniture,62
Fjord Capture Card 300,Electronics,129
Quartz Shoe Rack Lite,Furniture,145
Quartz Chair Max,Furniture,520
Cedar Standing Desk S2,Furniture,1396
Indigo Tablet Plus,Electronics,213
Kestrel Smartwatch Pro,Electronics,404
Vertex NAS Enclosure Pro,Electronics,405
Aster SSD Drive 100,Electronics,600
Fjord Bench Pro,Furniture,140
Pioneer Label Printer Plus,Electronics,158
Pioneer Tablet S1,Electronics,505
Rowan Router Lite,Electronics,324
Granite Headphones S1,Electronics,312
Verdant Whiteboard S1,Furniture,176
Orion Printer Plus,Electronics,170
Lumen Coffee Table Max,Furniture,435
Vertex Headphones Pro,Electronics,184
Quartz Chair Pro,Furniture,383
Umber Bench Plus,Furniture,199
Meridian Conference Camera 200,Electronics,1146
Slate Graphics Tablet X,Electronics,501
Ember Smartphone 200,Electronics,854
Willow Coffee Table S1,Furniture,90
Pioneer Webcam 300,Electronics,181
Nimbus Conference Camera S2,Electronics,624
Kestrel Lounge Chair S1,Furniture,541
Cedar Nightstand S2,Furniture,187
Onyx Docking Station X,Electronics,172
Lumen Docking Station Plus,Electronics,285
Beacon Docking Station 300,Electronics,114
Zephyr Graphics Tablet X,Electronics,707
Aster Storage Cube 100,Furniture,83
Meridian Wardrobe 100,Furniture,931
Xenon Tablet 300,Electronics,847
Yarrow Nightstand S1,Furniture,284
Tundra Storage Cube Lite,Furniture,144
Aster Barcode Scanner S2,Electronics,141
Aurora Desk 100,Furniture,628
Xenon Docking Station S1,Electronics,218
Kestrel Standing Desk Pro,Furniture,1200
Yarrow Dresser 100,Furniture,547
Delta Drawer Unit X,Furniture,267
Ridge Microphone 100,Electronics,135
Nimbus Coffee Table Plus,Furniture,143
Quartz Capture Card S2,Electronics,304
Umber Office Lamp S1,Furniture,109
Basalt Monitor Plus,Electronics,256
Maple Office Lamp Plus,Furniture,54
Onyx Graphics Tablet Lite,Electronics,827
Onyx Dining Table S2,Furniture,755
Umber Webcam Max,Electronics,225
Nimbus Desk 300,Furniture,397
Orion Whiteboard 300,Furniture,164
Nimbus Tablet S2,Electronics,823
Delta Bench S1,Furniture,278
Umber Projector 100,Electronics,1494
Nimbus Sofa 200,Furniture,1090
Quartz UPS Battery Plus,Electronics,709
Atlas Sofa Pro,Furniture,2550
Orion Wireless Presenter S2,Electronics,46
Lumen Graphics Tablet 300,Electronics,893
Aster Scanner X,Electronics,517
Fjord Printer Lite,Electronics,676
Aurora Drawer Unit Plus,Furniture,264
Tundra Room Divider Lite,Furniture,286
Harbor Meeting Table S2,Furniture,708
Yarrow Capture Card Lite,Electronics,388
Aurora Recliner Plus,Furniture,864
Tundra Headphones 100,Electronics,279
Fjord Printer Pro,Electronics,304
Granite Docking Station Max,Electronics,282
Nimbus Whiteboard S2,Furniture,161
Aster Mouse Lite,Electronics,56
Indigo Reception Desk Lite,Furniture,1047
Pioneer Wireless Presenter 100,Electronics,36
Maple Headphones X,Electronics,175
Pioneer Cabinet Pro,Furniture,517
Helio Chair Max,Furniture,124
Vertex External HDD Lite,Electronics,228
Delta Room Divider X,Furniture,320
Maple Standing Desk S2,Furniture,1242
Zenith Lounge Chair Pro,Furniture,302
Zephyr Scanner S1,Electronics,334
Verdant Wireless Presenter 100,Electronics,89
Orion Power Bank 300,Electronics,63
Slate Wardrobe Plus,Furniture,773
Willow Power Bank S2,Electronics,78
Ridge Smartwatch Plus,Electronics,278
Aurora Headphones Lite,Electronics,375
Nimbus Network Switch X,Electronics,252
Willow Bar Stool S2,Furniture,80
Granite Headphones Plus,Electronics,347
Atlas Conference Camera Lite,Electronics,1113
Basalt Footrest S1,Furniture,92
Juniper Bookshelf Plus,Furniture,105
Willow UPS Battery S2,Electronics,515
Cedar Bench S2,Furniture,450
Zenith Cabinet Lite,Furniture,698
Xenon Scanner Pro,Electronics,379
Atlas Graphics Card 200,Electronics,1211
Umber Monitor Stand Plus,Furniture,70
Cedar Printer S2,Electronics,688
Fjord Nightstand 300,Furniture,61
Rowan Console Table Lite,Furniture,384
Zenith USB Hub 300,Electronics,83
Delta Room Divider 200,Furniture,456
Cedar Network Switch S2,Electronics,406
Cedar Mouse Max,Electronics,55
Cedar Lounge Chair Lite,Furniture,738
Juniper Room Divider S1,Furniture,367
Cedar Recliner 300,Furniture,1204
Quill Room Divider 300,Furniture,122
Ridge Recliner Plus,Furniture,715
Tundra Monitor 100,Electronics,687
Umber Conference Camera Pro,Electronics,1090
Yarrow Drawer Unit Plus,Furniture,139
Quartz Graphics Tablet X,Electronics,763
Maple Capture Card 300,Electronics,263
Onyx Shoe Rack 200,Furniture,87
Yarrow Network Switch S2,Electronics,335
Vertex Microphone S1,Electronics,144
Lumen Drawer Unit S1,Furniture,81
Helio Projector 300,Electronics,1714
Harbor Microphone 100,Electronics,404
Juniper Tablet 200,Electronics,607
Umber Conference Camera 100,Electronics,924
Xenon External HDD Max,Electronics,65
Cobalt Graphics Card Plus,Electronics,1747
Atlas Conference Chair Pro,Furniture,647
Yarrow Meeting Table 300,Furniture,897
Lumen Barcode Scanner Lite,Electronics,328
Harbor Drawer Unit Lite,Furniture,144
Fjord Desk Pro,Furniture,615
Granite Keyboard Lite,Electronics,205
Indigo External HDD X,Electronics,279
Cobalt Sofa 300,Furniture,433
Tundra Graphics Tablet S1,Electronics,451
Ridge TV Stand 300,Furniture,282
Quartz Label Printer X,Electronics,109
Quartz Footrest Lite,Furniture,127
Quartz Dresser X,Furniture,728
Nimbus Label Printer X,Electronics,278
Aster Speaker 200,Electronics,72
Willow Recliner S2,Furniture,1496
Vertex Keyboard Pro,Electronics,199
Onyx Webcam Pro,Electronics,95
Meridian Storage Cube Pro,Furniture,57
Yarrow Bench Max,Furniture,335
Cobalt Label Printer X,Electronics,262
Atlas Printer S2,Electronics,185
Indigo Room Divider Lite,Furniture,220
Harbor Mouse Plus,Electronics,74
Quartz Shoe Rack Max,Furniture,69
Rowan Tablet 300,Electronics,324
Indigo Desk 200,Furniture,685
Aster External HDD 100,Electronics,157
Atlas Whiteboard 200,Furniture,288
Harbor Smartphone 200,Electronics,1435
Cedar Barcode Scanner S1,Electronics,290
Harbor Bookshelf Plus,Furniture,347
Slate Capture Card S2,Electronics,254
Nimbus Bookshelf 300,Furniture,324
Larch External HDD Pro,Electronics,90
Nimbus Room Divider 300,Furniture,420
Willow Mouse 200,Electronics,73
Summit Dining Table S1,Furniture,1228
Delta Meeting Table 100,Furniture,841
Harbor Drawer Unit S1,Furniture,389
Pioneer Bench 100,Furniture,174
Xenon Monitor S2,Electronics,721
Vertex Chair Max,Furniture,344
Nimbus Smartwatch S2,Electronics,129
Kestrel Router S1,Electronics,297
Slate USB Hub 300,Electronics,86
Quartz Dining Table S2,Furniture,1275
Aurora Chair 300,Furniture,519
Umber Tablet S2,Electronics,1126
Tundra Console Table Pro,Furniture,256
Verdant Side Table S2,Furniture,70
Rowan Chair X,Furniture,449
Summit Capture Card X,Electronics,305
Zephyr Meeting Table 200,Furniture,1450
Beacon Power Bank S2,Electronics,51
Maple Sofa X,Furniture,650
Zephyr Nightstand 300,Furniture,105
Tundra UPS Battery Plus,Electronics,242
Fjord Wardrobe Pro,Furniture,1079
Quartz Barcode Scanner 100,Electronics,375
Granite Smartphone 200,Electronics,1335
Onyx Dresser S2,Furniture,381
Indigo Monitor 300,Electronics,350
Helio Label Printer Plus,Electronics,163
Meridian Router X,Electronics,244
Harbor Wireless Presenter S2,Electronics,108
Granite Office Lamp Max,Furniture,88
Onyx Router Lite,Electronics,307
Maple Smartphone 300,Electronics,678
Larch Wardrobe S1,Furniture,344
Delta Scanner 200,Electronics,421
Tundra Office Lamp X,Furniture,90
Vertex Nightstand 200,Furniture,62
Indigo Meeting Table Lite,Furniture,1333
Kestrel Monitor Stand S1,Furniture,54
Meridian Graphics Card S2,Electronics,855
Fjord Microphone X,Electronics,138
Quill Smartwatch 100,Electronics,118
Beacon Conference Camera 300,Electronics,367
Slate Meeting Table 100,Furniture,1844
Larch Scanner 300,Electronics,231
Orion Keyboard S2,Electronics,191
Ember Router 300,Electronics,137
Verdant Conference Chair Pro,Furniture,312
Summit Recliner Max,Furniture,871
Kestrel Wardrobe Max,Furniture,1466
Granite Mouse S1,Electronics,45
Zenith Speaker S2,Electronics,223
Indigo Smartwatch X,Electronics,527
Summit Dresser 200,Furniture,539
Zephyr Smartphone S1,Electronics,575
Juniper Whiteboard S2,Furniture,195
Rowan Graphics Card Plus,Electronics,518
Xenon Reception Desk Pro,Furniture,1565
Larch Smartwatch Pro,Electronics,140
Quartz Whiteboard 200,Furniture,197
Fjord Conference Chair Lite,Furniture,230
Juniper Conference Chair 200,Furniture,256
Atlas Room Divider Plus,Furniture,364
Quartz Dresser S2,Furniture,728
Atlas External HDD 100,Electronics,241
Umber Network Switch Plus,Electronics,245
Cedar Chair Lite,Furniture,584
Vertex Network Switch 200,Electronics,151
Willow Scanner Lite,Electronics,185
Slate Graphics Tablet Lite,Electronics,837
Zephyr Keyboard Lite,Electronics,35
Yarrow Barcode Scanner Pro,Electronics,153
Rowan NAS Enclosure Plus,Electronics,251
Summit Smartphone Max,Electronics,774
Yarrow Network Switch 200,Electronics,421
Aster Label Printer 200,Electronics,357
Granite Power Bank S1,Electronics,103
Nova Projector X,Electronics,1575
Nimbus Room Divider Lite,Furniture,217
Tundra Graphics Card 300,Electronics,1602
Quill Headphones 200,Electronics,94
Tundra Router 300,Electronics,289
Harbor TV Stand S1,Furniture,305
Harbor Footrest Max,Furniture,67
Indigo Drawer Unit Lite,Furniture,134
Basalt Reception Desk X,Furniture,1476
Granite Router 300,Electronics,316
Cobalt Whiteboard Lite,Furniture,380
Orion Desk X,Furniture,142
Beacon Conference Camera S1,Electronics,160
Umber Wardrobe Pro,Furniture,372
Quill Filing Cabinet Plus,Furniture,506
Basalt Network Switch S1,Electronics,482
Orion Conference Camera 100,Electronics,826
Zenith TV Stand 300,Furniture,160
Maple Whiteboard S2,Furniture,266
Verdant Drawer Unit 300,Furniture,365
Slate USB Hub X,Electronics,25
Zephyr Filing Cabinet Max,Furniture,413
Lumen Smartwatch 300,Electronics,185
Nova Graphics Card 300,Electronics,496
Aurora Monitor Stand 300,Furniture,190
Kestrel Webcam S2,Electronics,81
Cedar External HDD 200,Electronics,143
Zenith Nightstand 200,Furniture,52
Aster Storage Cube 200,Furniture,82
Aster Coffee Table S2,Furniture,294
Rowan Power Bank Pro,Electronics,56
Yarrow External HDD S1,Electronics,132
Beacon Wireless Presenter 200,Electronics,122
Cobalt Shoe Rack Plus,Furniture,113
Maple Dresser Max,Furniture,654
Summit Docking Station X,Electronics,309
Quill Docking Station Max,Electronics,226
Maple Graphics Card S1,Electronics,448
Indigo Barcode Scanner X,Electronics,370
Nova Headphones 200,Electronics,345
Fjord Mouse S2,Electronics,52
Basalt Tablet 200,Electronics,453
Verdant Desk 300,Furniture,272
Aster Shoe Rack 200,Furniture,131
Zephyr TV Stand S2,Furniture,192
Delta Coffee Table S1,Furniture,286
Vertex Bench 300,Furniture,138
Fjord Microphone Lite,Electronics,108
Kestrel Conference Chair Pro,Furniture,454
Ridge Filing Cabinet S2,Furniture,333
Cedar Cabinet Lite,Furniture,159
Maple Graphics Tablet X,Electronics,429
Larch Mouse S1,Electronics,79
Indigo Dresser S1,Furniture,721
Summit Graphics Tablet X,Electronics,154
Vertex Whiteboard 300,Furniture,204
Juniper Office Lamp 300,Furniture,66
Kestrel Side Table X,Furniture,157
Quartz Room Divider 300,Furniture,245
Vertex External HDD Pro,Electronics,108
Indigo Printer 300,Electronics,317
Quartz Conference Chair Lite,Furniture,658
Nova TV Stand Pro,Furniture,271
Aurora Graphics Tablet 200,Electronics,206
Ember Drawer Unit 100,Furniture,354
Vertex Recliner S2,Furniture,1425
Quill Filing Cabinet S1,Furniture,283
Kestrel Bench 100,Furniture,204
Nimbus Cabinet Plus,Furniture,258
Beacon Smartwatch S2,Electronics,575
Lumen Wardrobe Max,Furniture,1525
Ridge Smartwatch S1,Electronics,665
Quartz Tablet Max,Electronics,933
Rowan Desk X,Furniture,483
Delta Standing Desk 300,Furniture,1192
Fjord NAS Enclosure Plus,Electronics,414
Nova Smartwatch 100,Electronics,151
Beacon Headphones S1,Electronics,225
Pioneer Wireless Presenter Lite,Electronics,98
Summit Coffee Table S2,Furniture,116
Umber NAS Enclosure 300,Electronics,856
Quartz Office Lamp X,Furniture,88
Quartz Headphones Max,Electronics,395
Zephyr Capture Card Lite,Electronics,391
Juniper Reception Desk 100,Furniture,1977
Delta Router 100,Electronics,371
Cobalt Reception Desk Plus,Furniture,656
Juniper Monitor 300,Electronics,382
Cobalt Sofa 200,Furniture,1104
Ember Filing Cabinet Plus,Furniture,517
Slate Dresser 200,Furniture,653
Harbor Coffee Table Lite,Furniture,213
Rowan Bar Stool S1,Furniture,143
Summit Monitor Stand S2,Furniture,131
Onyx Dresser Max,Furniture,390
Basalt Meeting Table 300,Furniture,1428
Aster Wardrobe 200,Furniture,626
Quill Docking Station Pro,Electronics,167
Helio Microphone 200,Electronics,281
Cedar Console Table S1,Furniture,191
Cedar Chair 200,Furniture,601
Summit Standing Desk Pro,Furniture,847
Aster Desk Pro,Furniture,621
Umber UPS Battery Pro,Electronics,111
Ember Shoe Rack S1,Furniture,72
Slate Bar Stool S2,Furniture,203
Kestrel Office Lamp S1,Furniture,38
Yarrow Smartphone X,Electronics,1071
Helio Microphone Pro,Electronics,444
Tundra Printer 300,Electronics,231
Quartz Filing Cabinet 200,Furniture,227
Beacon Side Table Max,Furniture,82
Ridge Smartwatch X,Electronics,144
Delta Conference Chair Max,Furniture,242
Zenith Smartphone S2,Electronics,1267
Aster Cabinet 100,Furniture,663
Xenon Lounge Chair 100,Furniture,566
Nimbus Storage Cube Plus,Furniture,61
Quartz Footrest Plus,Furniture,50
Quartz Capture Card 200,Electronics,145
Beacon Room Divider Pro,Furniture,509
Beacon Sofa Max,Furniture,701
Quartz Conference Chair 200,Furniture,218
Cobalt USB Hub S2,Electronics,58
Quill SSD Drive Pro,Electronics,565
Pioneer Shoe Rack 100,Furniture,49
Tundra Dining Table 300,Furniture,1216
Zenith Printer X,Electronics,312
Fjord Mouse Max,Electronics,35
Verdant Side Table Max,Furniture,246
Summit Projector 100,Electronics,478
Willow Wardrobe Lite,Furniture,536
Indigo Storage Cube 200,Furniture,78
Ember Microphone S2,Electronics,255
Xenon Wardrobe Pro,Furniture,1364
Aurora Meeting Table 100,Furniture,1408
Indigo Recliner 100,Furniture,648
Vertex Filing Cabinet 300,Furniture,223
Granite Graphics Tablet Lite,Electronics,286
Lumen Mouse Pro,Electronics,86
Helio Label Printer S1,Electronics,94
Maple Dining Table S2,Furniture,377
Slate Reception Desk 100,Furniture,1535
Ember Laptop X,Electronics,2337
Verdant TV Stand 100,Furniture,254
Fjord Barcode Scanner Lite,Electronics,139
Helio Smartphone 200,Electronics,946
Cedar Nightstand Plus,Furniture,113
Zenith Graphics Card Pro,Electronics,499
Onyx Room Divider Lite,Furniture,435
Juniper Speaker X,Electronics,130
Quill UPS Battery Plus,Electronics,491
Juniper Sofa 100,Furniture,1678
Granite Speaker 200,Electronics,421
Lumen Tablet 200,Electronics,844
Zenith Side Table 200,Furniture,224
Orion Label Printer Plus,Electronics,252
Willow Coffee Table Max,Furniture,400
Summit Dining Table 100,Furniture,954
Cedar Console Table 300,Furniture,420
Granite Graphics Tablet S1,Electronics,675
Fjord Wireless Presenter 200,Electronics,59
Vertex Room Divider 300,Furniture,85
Beacon NAS Enclosure X,Electronics,282
Umber Webcam Lite,Electronics,213
Beacon Sofa S2,Furniture,1095
Nimbus Sofa S2,Furniture,2177
Tundra Chair 300,Furniture,495
Nimbus Console Table X,Furniture,463
Atlas Monitor Lite,Electronics,379
Zenith Conference Camera Plus,Electronics,962
Zephyr Coffee Table S2,Furniture,232
Granite Monitor Stand Plus,Furniture,44
Quill Desk Max,Furniture,656
Onyx Smartphone 200,Electronics,1233
Summit Mouse 100,Electronics,52
Fjord Keyboard Pro,Electronics,180
Summit Barcode Scanner Plus,Electronics,101
Zenith Graphics Tablet Pro,Electronics,134
Cedar Shoe Rack 200,Furniture,95
Indigo Conference Chair X,Furniture,529
Onyx Bench 200,Furniture,347
Xenon External HDD S1,Electronics,325
Tundra Keyboard 200,Electronics,130
Aurora Bench 300,Furniture,429
Aster Shoe Rack Plus,Furniture,108
Cobalt Storage Cube 200,Furniture,31
Orion TV Stand Plus,Furniture,319
Xenon Label Printer X,Electronics,351
Fjord Dresser X,Furniture,817
Slate Dining Table Pro,Furniture,911
Cobalt SSD Drive X,Electronics,423
Tundra Webcam Pro,Electronics,42
Pioneer Label Printer Lite,Electronics,333
Cedar Laptop Plus,Electronics,1046
Meridian Room Divider S1,Furniture,335
Slate Footrest Max,Furniture,55
Pioneer Bar Stool X,Furniture,297
Zephyr Tablet X,Electronics,500
Nimbus Mouse 200,Electronics,16
Aurora Power Bank S1,Electronics,80
Aster Bench 200,Furniture,124
Zenith Side Table Lite,Furniture,229
Onyx Conference Chair Pro,Furniture,229
Zenith Scanner X,Electronics,437
Tundra Dresser 300,Furniture,819
Indigo Projector S1,Electronics,303
Aster External HDD Plus,Electronics,238
Yarrow Console Table S2,Furniture,446
Pioneer Shoe Rack Plus,Furniture,119
Yarrow Side Table 100,Furniture,159
Basalt Bookshelf 200,Furniture,451
Xenon Storage Cube Lite,Furniture,170
Indigo Meeting Table Plus,Furniture,953
Juniper Dresser 100,Furniture,680
Cedar Footrest S1,Furniture,112
Granite Whiteboard Pro,Furniture,324
Umber TV Stand Plus,Furniture,378
Juniper Smartphone X,Electronics,1002
Quartz Speaker S2,Electronics,63
Ember Speaker X,Electronics,359
Xenon Smartwatch X,Electronics,326
Rowan Projector Pro,Electronics,512
Aster USB Hub S1,Electronics,50
Delta Console Table Pro,Furniture,114
Granite Chair 300,Furniture,183
Rowan Console Table S2,Furniture,413
Larch Webcam Pro,Electronics,238
Pioneer USB Hub Pro,Electronics,61
Pioneer Reception Desk Max,Furniture,1477
Zephyr Power Bank 300,Electronics,25
Kestrel Conference Chair S2,Furniture,636
Verdant Wireless Presenter 200,Electronics,93
Nova Docking Station S2,Electronics,89
Indigo Whiteboard 200,Furniture,346
Quartz Reception Desk Pro,Furniture,1552
Xenon Sofa 200,Furniture,1401
Juniper Webcam 100,Electronics,122
Cobalt UPS Battery S2,Electronics,179
Zenith SSD Drive S1,Electronics,252
Cedar Whiteboard S2,Furniture,222
Harbor Monitor Stand 100,Furniture,169
Slate NAS Enclosure Plus,Electronics,878
Granite Wireless Presenter Lite,Electronics,22
Atlas Room Divider 100,Furniture,480
Nova Graphics Card Max,Electronics,1554
Vertex Office Lamp Pro,Furniture,133
Nimbus Smartphone X,Electronics,368
Slate Reception Desk S2,Furniture,1721
Slate Speaker Max,Electronics,501
Slate Recliner Plus,Furniture,328
Yarrow Barcode Scanner 200,Electronics,248
Xenon Printer Plus,Electronics,456
Indigo External HDD 300,Electronics,245
Tundra Dining Table X,Furniture,1052
Harbor Headphones 200,Electronics,73
Orion Console Table Lite,Furniture,103
Quartz SSD Drive Plus,Electronics,378
Granite Headphones X,Electronics,418
Basalt Projector S2,Electronics,1805
Quartz Drawer Unit S2,Furniture,294
Meridian Standing Desk X,Furniture,911
Atlas Storage Cube 100,Furniture,116
Delta Graphics Card 100,Electronics,1398
Orion Dresser X,Furniture,365
Umber Drawer Unit S1,Furniture,201
Granite Smartwatch Plus,Electronics,719
Willow Keyboard Pro,Electronics,100
Zephyr Cabinet 300,Furniture,814
Indigo Sofa Pro,Furniture,1873
Helio Reception Desk Max,Furniture,1253
Summit Side Table 200,Furniture,211
Xenon SSD Drive S2,Electronics,509
Orion NAS Enclosure Lite,Electronics,721
Cobalt Webcam Lite,Electronics,157
Ridge Side Table Plus,Furniture,155
Beacon USB Hub S1,Electronics,25
Granite Laptop X,Electronics,1277
Basalt Bar Stool X,Furniture,190
Meridian Bar Stool Max,Furniture,151
Rowan Smartphone Pro,Electronics,1102
Verdant Standing Desk S1,Furniture,915
Zenith TV Stand 100,Furniture,390
Xenon Headphones 100,Electronics,215
Kestrel Barcode Scanner Pro,Electronics,98
Umber Power Bank Pro,Electronics,77
Cobalt Keyboard Pro,Electronics,136
Onyx Nightstand S1,Furniture,148
Nova Printer Plus,Electronics,340
Aurora Standing Desk Max,Furniture,1290
Delta Network Switch 200,Electronics,359
Lumen External HDD S1,Electronics,61
Pioneer Graphics Card Lite,Electronics,1460
Aurora UPS Battery 100,Electronics,186
Indigo Capture Card 100,Electronics,185
Beacon Smartwatch 300,Electronics,244
Ember Conference Camera 100,Electronics,1378
Ember Side Table S1,Furniture,221
Harbor Sofa S2,Furniture,2016
Willow Wireless Presenter X,Electronics,71
Meridian Shoe Rack X,Furniture,39
Nova Meeting Table S1,Furniture,1296
Cobalt Wireless Presenter 200,Electronics,118
Quill Barcode Scanner 300,Electronics,149
Helio Drawer Unit S2,Furniture,271
Helio Webcam Plus,Electronics,55
Orion Network Switch 300,Electronics,443
Lumen Lounge Chair 300,Furniture,261
Kestrel Power Bank S1,Electronics,68
Nova External HDD 100,Electronics,250
Aurora Reception Desk 100,Furniture,1777
Verdant Dresser Pro,Furniture,392
Nova USB Hub 300,Electronics,52
Umber Router 300,Electronics,86
Lumen Bookshelf 100,Furniture,434
Quartz Router Lite,Electronics,145
Aurora USB Hub Pro,Electronics,75
Ridge Capture Card S1,Electronics,385
Quill Footrest Pro,Furniture,125
Rowan USB Hub 300,Electronics,69
Harbor Printer X,Electronics,259
Yarrow Shoe Rack Max,Furniture,118
Nimbus Footrest 100,Furniture,161
Juniper Smartphone Plus,Electronics,529
Nova Filing Cabinet Plus,Furniture,479
Nova TV Stand S1,Furniture,369
Orion Nightstand Pro,Furniture,258
Cedar Bar Stool S2,Furniture,246
Larch Cabinet Plus,Furniture,794
Granite Projector S1,Electronics,1869
Nimbus USB Hub Lite,Electronics,44
Aster Monitor Stand Max,Furniture,68
Tundra Keyboard X,Electronics,197
Meridian Bar Stool 300,Furniture,92
Ember Shoe Rack Max,Furniture,108
Xenon Graphics Card 200,Electronics,519
Meridian Monitor Stand 100,Furniture,178
Helio Projector Plus,Electronics,1618
Nimbus SSD Drive 200,Electronics,604
Maple Capture Card X,Electronics,311
Cedar Whiteboard X,Furniture,215
Lumen Monitor Stand 300,Furniture,121
Juniper Printer Lite,Electronics,408
Aurora Power Bank 100,Electronics,31
Larch TV Stand 300,Furniture,115
Granite Sofa S1,Furniture,1330
Willow Keyboard 300,Electronics,157
Orion Dining Table Pro,Furniture,756
Slate Dining Table 200,Furniture,568
Meridian Reception Desk S2,Furniture,686
Meridian Conference Camera Plus,Electronics,601
Verdant Network Switch S1,Electronics,132
Kestrel Bench Pro,Furniture,342
Ridge Meeting Table 200,Furniture,1808
Maple Shoe Rack 200,Furniture,72
Basalt Sofa X,Furniture,1367
Maple Smartwatch 100,Electronics,444
Orion Laptop Max,Electronics,879
Kestrel Filing Cabinet 300,Furniture,103
Maple Docking Station Plus,Electronics,209
Orion Capture Card 300,Electronics,349
Aurora Room Divider S2,Furniture,225
Basalt Meeting Table S1,Furniture,1087
Fjord NAS Enclosure 100,Electronics,1067
Juniper Printer 300,Electronics,117
Beacon Shoe Rack X,Furniture,63
Verdant Conference Camera 300,Electronics,1307
Umber Capture Card Pro,Electronics,416
Xenon Projector Lite,Electronics,1211
Beacon Speaker Lite,Electronics,507
Kestrel Monitor 100,Electronics,633
Rowan Desk Plus,Furniture,483
Cobalt Speaker Max,Electronics,100
Harbor Drawer Unit Plus,Furniture,192
Ember Dining Table S2,Furniture,233
Juniper Storage Cube X,Furniture,94
Vertex Desk 100,Furniture,473
Atlas Projector Lite,Electronics,1123
Zephyr Desk Lite,Furniture,413
Beacon Coffee Table 300,Furniture,132
Willow USB Hub X,Electronics,65
Zenith Capture Card Max,Electronics,456
Onyx Drawer Unit 200,Furniture,255
Xenon Conference Chair Plus,Furniture,455
Summit Graphics Card Pro,Electronics,406
Summit Smartwatch 100,Electronics,657
Rowan Smartphone S1,Electronics,923
Willow Conference Camera S1,Electronics,892
Slate Laptop X,Electronics,2239
Ember Bookshelf 200,Furniture,538
Larch Printer S1,Electronics,214
Quill Chair 200,Furniture,123
Slate Power Bank Max,Electronics,121
Harbor Bench Pro,Furniture,196
Vertex Scanner 100,Electronics,454
Aster Power Bank Max,Electronics,118
Onyx Keyboard S1,Electronics,89
Zephyr Bench Plus,Furniture,281
Granite Side Table 200,Furniture,146
Pioneer Bench Max,Furniture,248
Rowan Conference Camera Plus,Electronics,1249
Zenith Bench S2,Furniture,316
Kestrel Reception Desk Max,Furniture,572
Kestrel Shoe Rack Plus,Furniture,147
Meridian Chair S2,Furniture,555
Aurora Bench 100,Furniture,178
Xenon Laptop 300,Electronics,933
Summit Sofa Pro,Furniture,862
Basalt Chair X,Furniture,350
Cedar Scanner 200,Electronics,622
Delta Footrest S2,Furniture,42
Yarrow Coffee Table Plus,Furniture,229
Cobalt Dining Table Max,Furniture,674
Vertex Tablet Pro,Electronics,365
Juniper Storage Cube Lite,Furniture,107
Granite Bar Stool 200,Furniture,126
Tundra Smartphone Max,Electronics,930
Zenith NAS Enclosure 300,Electronics,340
Fjord Graphics Card 200,Electronics,951
Beacon Bookshelf Lite,Furniture,174
Beacon Dresser Pro,Furniture,218
Umber Dining Table Max,Furniture,1053
Tundra Desk Plus,Furniture,318
Verdant Router Pro,Electronics,180
Aster Chair Pro,Furniture,176
Ember Chair S1,Furniture,488
Nimbus Reception Desk X,Furniture,1197
Beacon Label Printer X,Electronics,192
Harbor Smartwatch Max,Electronics,717
Ember Barcode Scanner S2,Electronics,361
Cedar UPS Battery 300,Electronics,690
Helio Sofa Lite,Furniture,1867
Pioneer Graphics Card 200,Electronics,1354
Cobalt Wardrobe S2,Furniture,915
Beacon Dresser S1,Furniture,284
Summit Barcode Scanner S2,Electronics,190
Yarrow NAS Enclosure Lite,Electronics,604
Delta Headphones Pro,Electronics,81
Maple Coffee Table 300,Furniture,125
Willow Recliner Lite,Furniture,1018
Atlas Office Lamp 100,Furniture,88
Summit Lounge Chair S1,Furniture,452
Orion Filing Cabinet X,Furniture,291
Quill Coffee Table Pro,Furniture,464
Aurora Conference Chair S1,Furniture,479
Ember Webcam Pro,Electronics,163
Helio UPS Battery S1,Electronics,106
Nimbus Scanner X,Electronics,113
Pioneer Graphics Tablet 200,Electronics,476
Slate Chair 200,Furniture,141
Cedar Headphones Plus,Electronics,197
Juniper Speaker 100,Electronics,89
Nova Smartwatch S1,Electronics,152
Basalt Bar Stool S2,Furniture,284
Zephyr Reception Desk Max,Furniture,1447
Umber Meeting Table 100,Furniture,1702
Xenon Dining Table Lite,Furniture,205
Verdant Recliner Pro,Furniture,919
Quartz Headphones X,Electronics,310
Verdant Laptop Lite,Electronics,999
Delta Bookshelf X,Furniture,511
Indigo Network Switch Plus,Electronics,516
Indigo Wireless Presenter 300,Electronics,26
Rowan Cabinet X,Furniture,363
Harbor Graphics Card S2,Electronics,1545
Rowan Reception Desk Plus,Furniture,763
Ridge Speaker Pro,Electronics,74
Vertex NAS Enclosure S2,Electronics,743
Larch Dresser 100,Furniture,854
Harbor Drawer Unit S2,Furniture,83
Aster Label Printer Pro,Electronics,235
Lumen Scanner S1,Electronics,320
Beacon Graphics Tablet 100,Electronics,514
Verdant Office Lamp 200,Furniture,133
Onyx Nightstand X,Furniture,118
Kestrel Bookshelf 100,Furniture,276
Verdant Laptop Pro,Electronics,2212
Verdant Tablet 200,Electronics,196
Cobalt Bench Pro,Furniture,337
Pioneer Network Switch Plus,Electronics,456
Basalt Footrest 300,Furniture,135
Granite Scanner 100,Electronics,159
Orion Monitor Lite,Electronics,167
Onyx Smartwatch Max,Electronics,343
Rowan Recliner 100,Furniture,1051
Umber Bar Stool Max,Furniture,152
Aster Room Divider 100,Furniture,453
Xenon Room Divider S1,Furniture,518
Delta Speaker S2,Electronics,67
Orion Wardrobe X,Furniture,540
Nova Monitor 100,Electronics,802
Xenon Footrest Plus,Furniture,76
Kestrel Nightstand Lite,Furniture,197
Umber Conference Chair Max,Furniture,574
Ridge Coffee Table X,Furniture,83
Yarrow Tablet Lite,Electronics,1089
Xenon Footrest X,Furniture,155
Tundra Barcode Scanner S1,Electronics,181
Cedar Label Printer X,Electronics,324
Vertex Cabinet X,Furniture,368
Ridge Drawer Unit S1,Furniture,135
Summit Graphics Card 200,Electronics,1035
Helio Side Table X,Furniture,222
Yarrow TV Stand Max,Furniture,444
Maple Smartphone Pro,Electronics,258
Helio Dining Table S1,Furniture,1174
Ridge Coffee Table S1,Furniture,184
Aster Scanner 300,Electronics,297
Meridian Console Table Plus,Furniture,589
Nimbus Docking Station Pro,Electronics,198
Fjord Bookshelf Lite,Furniture,186
Aurora Room Divider X,Furniture,127
Harbor Desk S2,Furniture,265
Delta Bookshelf Pro,Furniture,214
Willow Side Table 300,Furniture,208
Helio Cabinet 300,Furniture,707
Ridge Dining Table X,Furniture,1169
Pioneer NAS Enclosure Max,Electronics,1083
Umber Webcam X,Electronics,145
Meridian Headphones 300,Electronics,341
Lumen Wireless Presenter 200,Electronics,20
Willow Capture Card 200,Electronics,128
Kestrel Lounge Chair Pro,Furniture,696
Helio Footrest S1,Furniture,68
Basalt Dining Table Plus,Furniture,1263
Summit Keyboard X,Electronics,83
Zenith Laptop S1,Electronics,1460
Cedar Reception Desk Plus,Furniture,1151
Pioneer Graphics Card S2,Electronics,934
Meridian Label Printer Lite,Electronics,250
Slate Conference Camera Lite,Electronics,742
Basalt Barcode Scanner S2,Electronics,73
Zephyr Smartwatch X,Electronics,112
Kestrel Cabinet Plus,Furniture,676
Yarrow Reception Desk 200,Furniture,1388
Verdant Nightstand Plus,Furniture,225
Indigo Whiteboard X,Furniture,155
Larch Desk S2,Furniture,435
Ember Office Lamp Pro,Furniture,71
Harbor Projector X,Electronics,663
Meridian Reception Desk Plus,Furniture,1898
Vertex External HDD X,Electronics,117
Atlas Speaker 200,Electronics,349
Meridian Bench Plus,Furniture,267
Umber Tablet S1,Electronics,733
Xenon Monitor 300,Electronics,380
Rowan Bar Stool Plus,Furniture,213
Atlas Lounge Chair X,Furniture,853
Ember Bench Lite,Furniture,242
Xenon Label Printer S1,Electronics,150
Aurora Bar Stool Pro,Furniture,283
Beacon Meeting Table Lite,Furniture,1650
Xenon Conference Camera 100,Electronics,638
Granite UPS Battery 200,Electronics,572
Cedar Drawer Unit Plus,Furniture,329
Verdant Footrest Lite,Furniture,56
Harbor TV Stand S2,Furniture,547
Verdant Bench Plus,Furniture,163
Summit Drawer Unit 100,Furniture,234
Zenith Mouse 300,Electronics,27
Quartz Label Printer 200,Electronics,344
Orion Microphone S2,Electronics,326
Beacon Sofa 300,Furniture,1781
Ember Chair 200,Furniture,229
Tundra Sofa Lite,Furniture,2192
Rowan Capture Card Pro,Electronics,272
Quartz Microphone Max,Electronics,75
Lumen Recliner 200,Furniture,550
Slate External HDD S2,Electronics,144
Orion Lounge Chair Max,Furniture,304
Nimbus USB Hub 200,Electronics,71
Cedar Sofa 200,Furniture,1084
Nimbus Meeting Table S2,Furniture,1602
Rowan Bar Stool Pro,Furniture,274
Delta Bookshelf Plus,Furniture,283
Lumen Shoe Rack S1,Furniture,195
Granite Graphics Tablet X,Electronics,304
Beacon Storage Cube X,Furniture,144
Meridian Projector S2,Electronics,528
Lumen Projector X,Electronics,1068
Nimbus Cabinet Lite,Furniture,363
Larch Projector X,Electronics,1349
Vertex Projector 200,Electronics,1132
Orion Recliner S2,Furniture,859
Lumen Webcam Pro,Electronics,35
Kestrel Drawer Unit Plus,Furniture,205
Cobalt Whiteboard Plus,Furniture,223
Orion Tablet S2,Electronics,687
Atlas UPS Battery Pro,Electronics,275
Willow Scanner 200,Electronics,590
Basalt Monitor Max,Electronics,197
Zephyr SSD Drive 100,Electronics,259
Beacon Label Printer Lite,Electronics,77
Onyx Microphone Pro,Electronics,94
Rowan Cabinet Pro,Furniture,471
Aster Headphones Max,Electronics,296
Beacon Coffee Table 100,Furniture,89
Cobalt Conference Camera X,Electronics,986
Rowan Lounge Chair X,Furniture,727
Quartz Barcode Scanner Plus,Electronics,122
Atlas Barcode Scanner 200,Electronics,231
Pioneer Router Plus,Electronics,43
Aurora Smartphone 100,Electronics,282
Fjord Sofa S1,Furniture,2318
Kestrel Smartphone 300,Electronics,347
Cedar Wireless Presenter 100,Electronics,119
Xenon Scanner Plus,Electronics,289
Cobalt Recliner Max,Furniture,1440
Quill Console Table Max,Furniture,124
Larch Coffee Table 200,Furniture,323
Cobalt Drawer Unit Max,Furniture,306
Atlas Shoe Rack Lite,Furniture,200
Quartz Tablet 100,Electronics,971
Ember Conference Camera Max,Electronics,1185
Aurora UPS Battery Lite,Electronics,105
Cedar Whiteboard S1,Furniture,349
Tundra USB Hub 100,Electronics,88
Lumen Room Divider 100,Furniture,304
Harbor Speaker 300,Electronics,448
Granite Filing Cabinet 100,Furniture,330
Lumen Headphones X,Electronics,308
Aurora Office Lamp Pro,Furniture,99
Zenith Office Lamp Plus,Furniture,90
Zephyr Shoe Rack Pro,Furniture,85
Summit Monitor 300,Electronics,435
Lumen Laptop X,Electronics,1271
Atlas Reception Desk 100,Furniture,429
Xenon USB Hub X,Electronics,60
Helio Tablet X,Electronics,684
Beacon Wardrobe 200,Furniture,1055
Vertex Dining Table 100,Furniture,421
Nova Label Printer 100,Electronics,73
Cedar NAS Enclosure Pro,Electronics,633
Onyx Shoe Rack 100,Furniture,107
Verdant Reception Desk Plus,Furniture,2038
Basalt Whiteboard Pro,Furniture,109
Zephyr Laptop 200,Electronics,1316
Lumen External HDD Lite,Electronics,300
Meridian Microphone X,Electronics,65
Juniper Standing Desk 200,Furniture,387
Pioneer Wireless Presenter 200,Electronics,58
Quartz Standing Desk 200,Furniture,355
Pioneer Chair Plus,Furniture,295
Nimbus Mouse Pro,Electronics,57
Basalt Dresser Max,Furniture,345
Harbor Conference Chair 100,Furniture,272
Aster Graphics Tablet 300,Electronics,128
Tundra Nightstand 200,Furniture,225
Pioneer Meeting Table 300,Furniture,675
Cobalt Keyboard Lite,Electronics,30
Meridian Desk S1,Furniture,376
Pioneer Capture Card S1,Electronics,369
Vertex Office Lamp Lite,Furniture,140
Summit Storage Cube 200,Furniture,53
Basalt Network Switch Lite,Electronics,454
Cobalt Footrest 300,Furniture,175
Tundra UPS Battery Lite,Electronics,247
Beacon Room Divider S1,Furniture,157
Quill UPS Battery 200,Electronics,489
Pioneer Label Printer Max,Electronics,82
Helio USB Hub Lite,Electronics,72
Aster Tablet Plus,Electronics,1112
Kestrel Drawer Unit Lite,Furniture,118
Zephyr Footrest Plus,Furniture,76
Maple Lounge Chair Plus,Furniture,347
Granite Laptop S1,Electronics,1137
Delta Recliner 200,Furniture,399
Nova Console Table Plus,Furniture,513
Aurora Graphics Tablet Plus,Electronics,70
Willow USB Hub S1,Electronics,75
Basalt Bench 100,Furniture,436
Aurora TV Stand S1,Furniture,542
Tundra Graphics Tablet S2,Electronics,534
Yarrow Lounge Chair Plus,Furniture,446
Delta Mouse 200,Electronics,70
Tundra Mouse Plus,Electronics,39
Meridian Monitor Lite,Electronics,394
Fjord Lounge Chair 100,Furniture,1026
Zenith Sofa X,Furniture,2383
Quartz Mouse 300,Electronics,29
Tundra Monitor Pro,Electronics,197
Zephyr Graphics Tablet 200,Electronics,298
Ember SSD Drive X,Electronics,222
Zenith Smartwatch 300,Electronics,510
Aurora Microphone Max,Electronics,238
Cedar Reception Desk 300,Furniture,1639
Cedar Barcode Scanner Plus,Electronics,363
Indigo Whiteboard Plus,Furniture,239
Maple Laptop Lite,Electronics,2133
Aster Power Bank X,Electronics,133
Yarrow Room Divider X,Furniture,323
Orion Sofa Lite,Furniture,1280
Zenith Speaker S1,Electronics,215
Juniper Console Table X,Furniture,141
Xenon Whiteboard Pro,Furniture,118
Granite Console Table S1,Furniture,448
Aster Dresser Max,Furniture,629
Orion Printer S1,Electronics,504
Quill Graphics Card X,Electronics,1025
Larch Dresser S1,Furniture,607
Delta Bar Stool S2,Furniture,132
Basalt Sofa S1,Furniture,1654
Meridian Footrest 300,Furniture,122
Slate Dresser Plus,Furniture,176
Zenith Power Bank S2,Electronics,123
Granite Speaker Max,Electronics,489
Quill Monitor Plus,Electronics,602
Verdant Bar Stool 300,Furniture,216
Fjord Tablet Plus,Electronics,473
Granite Wardrobe Plus,Furniture,698
Orion Network Switch X,Electronics,136
Kestrel Dining Table 100,Furniture,284
Lumen Standing Desk Lite,Furniture,548
Umber Capture Card X,Electronics,158
Summit Console Table Pro,Furniture,555
Slate Graphics Tablet 100,Electronics,249
Onyx Graphics Tablet S1,Electronics,347
Vertex External HDD S2,Electronics,108
Cobalt Projector S2,Electronics,843
Aster Tablet Lite,Electronics,222
Zenith Dining Table Plus,Furniture,1297
Pioneer Conference Camera 100,Electronics,457
Slate Standing Desk S2,Furniture,1052
Fjord Scanner 100,Electronics,92
Slate Bar Stool 100,Furniture,246
Meridian Conference Camera S2,Electronics,871
Meridian Dining Table 200,Furniture,610
Cedar Tablet X,Electronics,351
Verdant Whiteboard 200,Furniture,278
Nimbus Office Lamp S1,Furniture,132
Summit Sofa Max,Furniture,2312
Basalt Graphics Card Max,Electronics,1643
Willow Network Switch 300,Electronics,233
Nimbus Footrest S1,Furniture,115
Basalt Recliner Max,Furniture,810
Rowan Filing Cabinet Lite,Furniture,312
Meridian Wardrobe Lite,Furniture,466
Maple Webcam Lite,Electronics,162
Pioneer Coffee Table 100,Furniture,280
Willow Monitor Stand X,Furniture,98
Slate Room Divider Lite,Furniture,390
Tundra External HDD Plus,Electronics,198
Atlas UPS Battery 100,Electronics,414
Vertex Conference Chair S2,Furniture,567
Delta Printer Max,Electronics,550
Harbor Recliner Plus,Furniture,1641
Granite Graphics Card Max,Electronics,306
Quill Smartphone 300,Electronics,1232
Rowan Lounge Chair 200,Furniture,937
Indigo Webcam Plus,Electronics,49
Tundra Nightstand Max,Furniture,216
Quartz Footrest Max,Furniture,74
Cobalt Storage Cube Max,Furniture,81
Nimbus Docking Station S2,Electronics,106
Aster Smartwatch Pro,Electronics,208
Lumen Network Switch S2,Electronics,487
Beacon USB Hub 300,Electronics,45
Nimbus Headphones Pro,Electronics,240
Ridge Whiteboard 300,Furniture,251
Fjord Graphics Card Lite,Electronics,329
Nimbus TV Stand 100,Furniture,286
Beacon Barcode Scanner 100,Electronics,94
Umber Filing Cabinet Lite,Furniture,247
Delta USB Hub S2,Electronics,39
Atlas Bookshelf Plus,Furniture,241
Slate Monitor Stand X,Furniture,74
Cedar Graphics Tablet 200,Electronics,426
Slate Docking Station Lite,Electronics,254
Atlas Sofa 100,Furniture,717
Meridian Bookshelf Plus,Furniture,255
Aster Standing Desk S2,Furniture,514
Helio Speaker S2,Electronics,100
Xenon Smartphone S2,Electronics,390
Zenith Console Table 200,Furniture,342
Zephyr Standing Desk 300,Furniture,427
Aurora Monitor Plus,Electronics,819
Verdant Smartwatch 100,Electronics,615
Helio Projector S2,Electronics,909
Rowan Scanner Plus,Electronics,640
Kestrel Whiteboard 200,Furniture,331
Atlas Smartwatch S1,Electronics,143
Umber USB Hub 300,Electronics,37
Orion Keyboard 100,Electronics,108
Willow Headphones Lite,Electronics,239
Ridge Lounge Chair S2,Furniture,814
Ridge Mouse X,Electronics,31
Ridge Network Switch Pro,Electronics,381
Vertex Dining Table Max,Furniture,777
Umber Network Switch Max,Electronics,454
Aster Webcam Pro,Electronics,209
Zephyr Lounge Chair X,Furniture,242
Rowan Reception Desk Max,Furniture,438
Maple Webcam S2,Electronics,172
Quill Desk 100,Furniture,498
Lumen Docking Station Lite,Electronics,308
Ridge Dresser Plus,Furniture,768
Zenith Monitor Lite,Electronics,776
Umber Projector 300,Electronics,1835
Atlas Meeting Table Plus,Furniture,1005
Kestrel Printer Max,Electronics,223
Vertex Coffee Table Pro,Furniture,465
Onyx Footrest 100,Furniture,183
Xenon Monitor Pro,Electronics,776
Nimbus Graphics Tablet X,Electronics,101
Orion Network Switch Lite,Electronics,36
Umber Speaker S1,Electronics,153
Indigo Barcode Scanner Lite,Electronics,287
Granite Coffee Table 300,Furniture,311
Beacon Speaker S1,Electronics,347
Maple Dresser S2,Furniture,688
Granite Console Table Max,Furniture,432
Zephyr Reception Desk 300,Furniture,2134
Larch UPS Battery S2,Electronics,276
Aurora Graphics Tablet 300,Electronics,141
Willow Sofa Lite,Furniture,1565
Quartz Monitor S1,Electronics,441
Granite Speaker S1,Electronics,104
Xenon Conference Camera Pro,Electronics,1364
Harbor Dining Table Plus,Furniture,233
Pioneer Shoe Rack 300,Furniture,129
Pioneer Barcode Scanner Plus,Electronics,245
Quill Power Bank 200,Electronics,74
Lumen Console Table S1,Furniture,208
Zephyr Mouse Pro,Electronics,72
Willow Coffee Table Plus,Furniture,223
Aurora Capture Card Lite,Electronics,102
Vertex Room Divider Pro,Furniture,182
Pioneer Lounge Chair Plus,Furniture,995
Willow Reception Desk S2,Furniture,1180
Ember Footrest Plus,Furniture,64
Summit SSD Drive S2,Electronics,502
Slate Network Switch S2,Electronics,438
Helio Barcode Scanner Max,Electronics,257
Lumen Barcode Scanner Max,Electronics,433
Fjord Bookshelf X,Furniture,244
Ridge Docking Station Lite,Electronics,71
Meridian Smartwatch 200,Electronics,636
Quartz Chair Plus,Furniture,384
Summit Wardrobe X,Furniture,1537
Aurora Filing Cabinet Max,Furniture,193
Nova Router S2,Electronics,212
Atlas External HDD Pro,Electronics,110
Verdant Storage Cube 300,Furniture,59
Tundra Storage Cube Plus,Furniture,48
Pioneer Shoe Rack S2,Furniture,201
Nova Projector Lite,Electronics,867
Nova Footrest Pro,Furniture,80
Ridge Cabinet 200,Furniture,863
Beacon Sofa S1,Furniture,440
Lumen Shoe Rack 200,Furniture,200
Beacon UPS Battery S1,Electronics,316
Delta Projector 200,Electronics,998
Quartz Webcam 100,Electronics,63
Lumen Bench 300,Furniture,106
Beacon Bench X,Furniture,165
Nova USB Hub Plus,Electronics,36
Verdant Cabinet S2,Furniture,575
Rowan Network Switch X,Electronics,65
Juniper Chair Plus,Furniture,577
Ridge Projector Plus,Electronics,1417
Meridian Chair Max,Furniture,301
Lumen Side Table 300,Furniture,135
Meridian Smartwatch Pro,Electronics,635
Xenon Reception Desk S1,Furniture,485
Beacon Bench 200,Furniture,186
Granite Filing Cabinet Plus,Furniture,103
Quartz Drawer Unit 100,Furniture,291
Ridge Laptop S1,Electronics,1187
Cedar Capture Card 200,Electronics,253
Quill Docking Station S2,Electronics,320
Quartz Console Table S2,Furniture,371
Nimbus Mouse 300,Electronics,77
Tundra UPS Battery 300,Electronics,726
Ember Reception Desk Max,Furniture,1937
Tundra Monitor Stand Lite,Furniture,61
Fjord NAS Enclosure Max,Electronics,843
Quartz Wireless Presenter Pro,Electronics,119
Larch Label Printer 200,Electronics,261
Slate Router Max,Electronics,315
Juniper Lounge Chair 200,Furniture,1008
Pioneer Power Bank Plus,Electronics,85
Aurora Coffee Table Lite,Furniture,375
Helio Network Switch 200,Electronics,425
Fjord Office Lamp X,Furniture,66
Juniper Bookshelf 200,Furniture,444
Ember Footrest X,Furniture,118
Willow Room Divider S1,Furniture,293
Meridian Footrest X,Furniture,48
Vertex Desk Max,Furniture,615
Verdant Capture Card Lite,Electronics,331
Nimbus Side Table 300,Furniture,189
Cobalt Monitor Stand Plus,Furniture,127
Vertex Lounge Chair 200,Furniture,665
Beacon SSD Drive Pro,Electronics,222
Cobalt Conference Chair Pro,Furniture,537
Beacon Console Table Plus,Furniture,600
Cobalt Conference Camera S2,Electronics,165
Zenith Router Lite,Electronics,103
Slate Keyboard S1,Electronics,190
Slate Smartphone S2,Electronics,660
Helio Dresser S1,Furniture,534
Quill Router S2,Electronics,287
Rowan Desk 300,Furniture,288
Vertex Keyboard 200,Electronics,139
Atlas NAS Enclosure S2,Electronics,459
Zephyr Whiteboard Plus,Furniture,260
Meridian NAS Enclosure X,Electronics,638
Delta Barcode Scanner Lite,Electronics,115
Indigo Desk 100,Furniture,158
Tundra Bookshelf 100,Furniture,114
Juniper External HDD 300,Electronics,325
Zenith Coffee Table Max,Furniture,384
Quartz SSD Drive X,Electronics,560
Cedar Coffee Table 200,Furniture,278
Cedar Desk Plus,Furniture,262
Yarrow Recliner 100,Furniture,1060
Granite Desk 100,Furniture,705
Fjord Projector Plus,Electronics,1438
Cobalt Footrest Pro,Furniture,97
Meridian Footrest S2,Furniture,157
Ridge Bar Stool 100,Furniture,246
Meridian Filing Cabinet 300,Furniture,388
Pioneer Projector Lite,Electronics,1855
Delta UPS Battery X,Electronics,432
Ridge Dresser 200,Furniture,670
Vertex Desk X,Furniture,719
Maple Dresser S1,Furniture,180
Helio Microphone 100,Electronics,432
Yarrow USB Hub Plus,Electronics,34
Harbor NAS Enclosure Pro,Electronics,764
Larch Side Table Max,Furniture,233
Basalt Conference Chair Plus,Furniture,407
Rowan Smartwatch Lite,Electronics,589
Tundra Bar Stool 100,Furniture,60
Delta Smartphone Pro,Electronics,688
Willow Wardrobe Pro,Furniture,542
Ridge Shoe Rack X,Furniture,43
Orion Smartwatch 100,Electronics,217
Pioneer External HDD 300,Electronics,144
Indigo Mouse S2,Electronics,58
Zephyr Reception Desk S1,Furniture,1035
Zenith Shoe Rack X,Furniture,70
Vertex Desk Plus,Furniture,618
Nova Footrest 100,Furniture,79
Aurora Smartphone 200,Electronics,351
Helio Mouse Lite,Electronics,66
Cedar Scanner S1,Electronics,185
Larch External HDD 100,Electronics,112
Atlas Dining Table S1,Furniture,395
Yarrow Power Bank 300,Electronics,33
Larch Chair 200,Furniture,421
Granite Office Lamp 300,Furniture,138
Vertex UPS Battery 200,Electronics,213
Harbor Printer Plus,Electronics,369
Maple Conference Chair Lite,Furniture,459
Nova Laptop 200,Electronics,1520
Larch Conference Camera Max,Electronics,1277
Onyx Chair Max,Furniture,467
Helio Barcode Scanner S2,Electronics,336
Aster Nightstand Plus,Furniture,122
Indigo Lounge Chair Plus,Furniture,435
Summit TV Stand Pro,Furniture,246
Larch Drawer Unit 100,Furniture,413
Basalt External HDD 300,Electronics,69
Tundra Network Switch Lite,Electronics,221
Juniper Recliner 100,Furniture,1699
Cobalt External HDD S2,Electronics,191
Basalt UPS Battery 100,Electronics,764
Umber Standing Desk 300,Furniture,1470
Verdant Smartphone S2,Electronics,428
Nova Recliner 100,Furniture,508
Lumen Network Switch S1,Electronics,370
Indigo Desk Max,Furniture,207
Kestrel Bookshelf 300,Furniture,217
Ridge Filing Cabinet S1,Furniture,340
Summit Dining Table Plus,Furniture,718
Vertex Shoe Rack 100,Furniture,47
Aster Barcode Scanner Max,Electronics,128
Juniper Barcode Scanner 200,Electronics,440
Onyx Projector S1,Electronics,1274
Harbor Graphics Card Lite,Electronics,1153
Onyx TV Stand X,Furniture,139
Beacon Network Switch 200,Electronics,194
Atlas Recliner 200,Furniture,1646
Ember Standing Desk X,Furniture,1247
Rowan NAS Enclosure Pro,Electronics,952
Larch Conference Chair 100,Furniture,483
Cedar Recliner 100,Furniture,803
Nimbus Lounge Chair Max,Furniture,190
Verdant Desk 100,Furniture,278
Aster Conference Camera 200,Electronics,626
Tundra Monitor 300,Electronics,741
Ember Router S2,Electronics,64
Harbor Standing Desk S1,Furniture,1350
Willow Printer Max,Electronics,648
Willow Whiteboard 100,Furniture,258
Umber Projector Max,Electronics,1433
Zephyr Office Lamp 100,Furniture,135
Ridge Bench 300,Furniture,256
Maple Chair S2,Furniture,423
Meridian Nightstand 100,Furniture,61
Ember Webcam 200,Electronics,211
Helio Smartphone S2,Electronics,1228
Granite NAS Enclosure 200,Electronics,767
Fjord Coffee Table Max,Furniture,363
Onyx Desk 300,Furniture,726
Cedar Smartphone 200,Electronics,819
Larch Room Divider X,Furniture,291
Quill Capture Card Pro,Electronics,153
Slate USB Hub Plus,Electronics,34
Tundra NAS Enclosure X,Electronics,1143
Delta Console Table Max,Furniture,262
Cobalt Microphone 200,Electronics,261
Onyx Conference Camera 300,Electronics,647
Zephyr TV Stand 300,Furniture,134
Harbor Bar Stool 200,Furniture,102
Lumen Webcam Max,Electronics,65
Kestrel Reception Desk Plus,Furniture,1893
Xenon Whiteboard 300,Furniture,223
Kestrel Keyboard 300,Electronics,199
Orion Reception Desk Plus,Furniture,1573
Juniper Webcam S2,Electronics,82
Fjord Laptop Plus,Electronics,1950
Quill Standing Desk Max,Furniture,1188
Ridge TV Stand S2,Furniture,294
Cobalt Docking Station 300,Electronics,302
Beacon Mouse Pro,Electronics,89
Atlas Bookshelf Pro,Furniture,137
Larch Console Table Lite,Furniture,252
Cedar Mouse Plus,Electronics,15
Slate Shoe Rack 200,Furniture,189
Pioneer Wireless Presenter S2,Electronics,29
Yarrow Printer S1,Electronics,509
Kestrel Keyboard Lite,Electronics,105
Nimbus Nightstand S1,Furniture,58
Ember Label Printer 200,Electronics,298
Nimbus Standing Desk Max,Furniture,1147
Aurora Cabinet Max,Furniture,610
Quill Smartwatch Lite,Electronics,506
Vertex Scanner 200,Electronics,606
Atlas Tablet S2,Electronics,670
Ember Storage Cube Lite,Furniture,142
Pioneer Office Lamp Plus,Furniture,89
Orion USB Hub Pro,Electronics,42
Zephyr Conference Camera 200,Electronics,1210
Meridian Router Max,Electronics,75
Slate Console Table S2,Furniture,248
Zenith Capture Card Plus,Electronics,128
Nova Bookshelf Lite,Furniture,510
Meridian Chair Pro,Furniture,379
Fjord Reception Desk 300,Furniture,722
Lumen Coffee Table Lite,Furniture,312
Zenith NAS Enclosure S1,Electronics,334
Beacon Capture Card Plus,Electronics,310
Xenon Scanner 200,Electronics,543
Helio Lounge Chair S1,Furniture,1065
Atlas Router Lite,Electronics,365
Rowan Network Switch 200,Electronics,158
Nimbus Projector Lite,Electronics,1276
Juniper Wardrobe Pro,Furniture,273
Juniper SSD Drive S1,Electronics,73
Verdant Label Printer Lite,Electronics,262
Lumen Printer S1,Electronics,255
Orion Recliner 200,Furniture,1108
Xenon Meeting Table S2,Furniture,1659
Onyx Tablet 200,Electronics,605
Delta Dining Table X,Furniture,1330
Cobalt Capture Card Plus,Electronics,388
Delta Chair 200,Furniture,105
Willow Docking Station Plus,Electronics,106
Granite Scanner Lite,Electronics,464
Atlas Standing Desk 100,Furniture,780
Xenon Meeting Table Pro,Furniture,1520
Cobalt Smartwatch Plus,Electronics,391
Delta Standing Desk S1,Furniture,843
Helio SSD Drive Pro,Electronics,140
Ridge Conference Camera 200,Electronics,660
Willow Graphics Tablet Pro,Electronics,467
Cedar Network Switch 200,Electronics,318
Umber SSD Drive Pro,Electronics,549
Atlas Printer X,Electronics,164
Meridian Printer 100,Electronics,527
Quill Dining Table X,Furniture,1276
Beacon Console Table S2,Furniture,577
Slate SSD Drive Lite,Electronics,275
Orion Headphones Lite,Electronics,162
Quill Smartphone Lite,Electronics,1157
Delta Mouse 100,Electronics,74
Willow Graphics Card S2,Electronics,263
Cobalt Power Bank 200,Electronics,77
Meridian Microphone Lite,Electronics,344
Zephyr Drawer Unit 100,Furniture,247
Maple Drawer Unit X,Furniture,93
Umber Network Switch S2,Electronics,184
Harbor Graphics Card Max,Electronics,711
Larch Side Table Pro,Furniture,155
Nimbus Headphones X,Electronics,315
Helio Smartphone 100,Electronics,1372
Quill TV Stand 300,Furniture,149
Aster Console Table 100,Furniture,454
Rowan Whiteboard Pro,Furniture,50
Kestrel Coffee Table 100,Furniture,386
Ember Bar Stool S2,Furniture,107
Onyx Filing Cabinet 100,Furniture,209
Orion Footrest S1,Furniture,157
Yarrow Monitor Pro,Electronics,304
Larch Conference Chair 300,Furniture,262
Aster Wireless Presenter Pro,Electronics,52
Onyx Printer Lite,Electronics,188
Orion Room Divider 300,Furniture,123
Zenith Recliner S1,Furniture,668
Ember Dresser 100,Furniture,897
Zenith Bar Stool X,Furniture,170
Basalt Reception Desk Plus,Furniture,2136
Meridian Headphones 200,Electronics,107
Indigo Scanner X,Electronics,245
Granite Projector 200,Electronics,1671
Delta Conference Chair Lite,Furniture,698
Yarrow Storage Cube Max,Furniture,137
Yarrow Recliner S1,Furniture,358
Fjord Headphones S2,Electronics,240
Cedar Whiteboard Max,Furniture,140
Aster Conference Chair Pro,Furniture,344
Nimbus USB Hub 300,Electronics,78
Willow Nightstand S2,Furniture,286
Yarrow Conference Chair S2,Furniture,201
Larch Bookshelf Pro,Furniture,110
Onyx Mouse 200,Electronics,69
Xenon Power Bank Max,Electronics,103
Tundra Smartwatch S1,Electronics,135
Nimbus Chair S1,Furniture,143
Delta Desk Pro,Furniture,737
Maple Side Table 100,Furniture,75
Rowan Storage Cube Pro,Furniture,125
Rowan Bench 100,Furniture,372
Quartz Console Table 300,Furniture,209
Delta Microphone 100,Electronics,111
Maple TV Stand S1,Furniture,354
Atlas Scanner S1,Electronics,351
Slate Lounge Chair 200,Furniture,230
Aurora Storage Cube Max,Furniture,86
Fjord Dining Table 200,Furniture,902
Beacon Dining Table Pro,Furniture,670
Aster Monitor Stand 200,Furniture,98
Basalt Mouse 100,Electronics,61
Kestrel Side Table 200,Furniture,172
Umber Dresser Lite,Furniture,168
Vertex Coffee Table S2,Furniture,254
Atlas Console Table Plus,Furniture,325
Beacon Room Divider 300,Furniture,281
Zephyr Mouse 300,Electronics,13
Delta Dining Table 100,Furniture,881
Slate Standing Desk 100,Furniture,644
Tundra Printer Max,Electronics,562
Granite Whiteboard Plus,Furniture,77
Quartz Reception Desk 100,Furniture,1287
Zenith Cabinet X,Furniture,346
Summit Standing Desk 200,Furniture,850
Lumen Graphics Card Pro,Electronics,1229
Juniper Side Table S1,Furniture,70
Larch Mouse 300,Electronics,49
Nova Graphics Card S1,Electronics,960
Orion Conference Camera S2,Electronics,1190
Delta SSD Drive 100,Electronics,112
Kestrel Conference Chair Max,Furniture,289
Verdant Laptop X,Electronics,1138
Zephyr Office Lamp Plus,Furniture,49
Lumen USB Hub S1,Electronics,21
Rowan Conference Chair S2,Furniture,302
Granite Bench 200,Furniture,255
Basalt External HDD S2,Electronics,163
Yarrow Printer Plus,Electronics,429
Umber Office Lamp Max,Furniture,142
Zephyr Label Printer Lite,Electronics,176
Atlas Graphics Card X,Electronics,959
Helio Bar Stool X,Furniture,159
Vertex Sofa 200,Furniture,792
Maple Scanner S1,Electronics,544
Meridian Bookshelf Lite,Furniture,498
Fjord USB Hub S1,Electronics,69
Zenith UPS Battery Max,Electronics,172
Umber Network Switch 300,Electronics,412
Quartz NAS Enclosure Lite,Electronics,604
Delta Network Switch Max,Electronics,76
Lumen Projector Pro,Electronics,1141
Quill Power Bank S1,Electronics,127
Slate Console Table Lite,Furniture,321
Ember Shoe Rack Plus,Furniture,100
Summit Coffee Table 200,Furniture,97
Meridian Mouse S2,Electronics,27
Xenon Printer 200,Electronics,514
Maple Conference Chair S1,Furniture,413
Cobalt USB Hub 200,Electronics,23
Pioneer Dresser S2,Furniture,615
Delta Smartwatch Lite,Electronics,702
Nova Network Switch 300,Electronics,246
Vertex Drawer Unit X,Furniture,261
Tundra Console Table S1,Furniture,519
Beacon Shoe Rack Pro,Furniture,195
Aurora Printer Lite,Electronics,692
Vertex Docking Station X,Electronics,169
Nimbus Conference Chair X,Furniture,345
Ember Dining Table Lite,Furniture,1021
Quill Reception Desk Max,Furniture,1567
Zenith Drawer Unit 100,Furniture,237
Onyx Capture Card 200,Electronics,457
Orion Reception Desk Max,Furniture,918
Ember Wardrobe 300,Furniture,620
Yarrow Standing Desk 100,Furniture,1300
Orion Chair Plus,Furniture,359
Indigo Scanner Pro,Electronics,157
Vertex Bar Stool Lite,Furniture,115
Juniper Docking Station S2,Electronics,131
Orion Printer Max,Electronics,197
Juniper Smartphone 100,Electronics,754
Aster Dining Table Plus,Furniture,1200
Onyx Capture Card Pro,Electronics,411
Orion Graphics Tablet 300,Electronics,338
Larch Wireless Presenter 200,Electronics,64
Kestrel Console Table Plus,Furniture,193
Tundra Graphics Tablet 300,Electronics,95
Cedar Storage Cube S2,Furniture,59
Fjord Filing Cabinet S1,Furniture,503
Atlas Footrest Plus,Furniture,182
Aster Storage Cube S2,Furniture,50
Kestrel Docking Station S2,Electronics,86
Vertex Barcode Scanner Max,Electronics,388
Yarrow Storage Cube 200,Furniture,143
Indigo Bench 100,Furniture,97
Summit Recliner X,Furniture,678
Granite USB Hub Plus,Electronics,58
Orion Dining Table 100,Furniture,1272
Cedar SSD Drive S1,Electronics,495
Aster Smartphone 300,Electronics,1022
Zenith Monitor Stand 100,Furniture,170
Umber Dining Table 200,Furniture,1170
Maple Graphics Tablet Plus,Electronics,616
Aurora Conference Camera 100,Electronics,1266
Rowan Conference Chair X,Furniture,401
Umber Recliner 100,Furniture,1690
Larch Network Switch S1,Electronics,501
Ember Room Divider Plus,Furniture,360
Juniper TV Stand 100,Furniture,556
Umber SSD Drive X,Electronics,276
Helio Keyboard S2,Electronics,172
Quartz Bar Stool 300,Furniture,275
Juniper Conference Camera S2,Electronics,1216
Meridian Graphics Card Lite,Electronics,1484
Indigo Drawer Unit Max,Furniture,332
Kestrel Capture Card S1,Electronics,293
Rowan Bench X,Furniture,286
Summit Microphone Max,Electronics,335
Meridian Reception Desk 300,Furniture,618
Xenon Nightstand 200,Furniture,202
Vertex SSD Drive Max,Electronics,241
Tundra TV Stand 100,Furniture,121
Quartz Footrest X,Furniture,45
Quill UPS Battery Lite,Electronics,204
Meridian UPS Battery Max,Electronics,334
Maple Network Switch Max,Electronics,62
Slate Capture Card Plus,Electronics,273
Rowan Office Lamp Plus,Furniture,98
Granite Laptop Plus,Electronics,1688
Larch SSD Drive Pro,Electronics,521
Fjord Whiteboard S1,Furniture,111
Ridge Projector X,Electronics,579
Yarrow Shoe Rack 100,Furniture,167
Nimbus Graphics Card S1,Electronics,580
Atlas Keyboard 100,Electronics,73
Vertex Standing Desk 200,Furniture,1170
Meridian USB Hub X,Electronics,20
Cobalt Meeting Table S1,Furniture,1030
Pioneer Storage Cube X,Furniture,28
Ridge Bench S1,Furniture,173
Atlas Headphones Plus,Electronics,253
Beacon Reception Desk S1,Furniture,884
Yarrow Sofa Lite,Furniture,2596
Cobalt Mouse Pro,Electronics,62
Xenon TV Stand Lite,Furniture,537
Zephyr Conference Chair 100,Furniture,571
Summit Cabinet Max,Furniture,440
Zenith Wireless Presenter Max,Electronics,76
Quill Smartphone S1,Electronics,797
Zephyr Microphone 200,Electronics,366
Helio Tablet 100,Electronics,1018
Summit Projector Pro,Electronics,1331
Nova Webcam Max,Electronics,70
Ember Monitor Stand Pro,Furniture,194
Granite Webcam Lite,Electronics,213
Larch Headphones Pro,Electronics,385
Granite Label Printer S1,Electronics,271
Nimbus Sofa 300,Furniture,2571
Orion Conference Chair S2,Furniture,592
Xenon Coffee Table X,Furniture,215
Juniper Barcode Scanner 300,Electronics,385
Helio Keyboard 200,Electronics,144
Vertex Speaker Plus,Electronics,349
Cedar Barcode Scanner X,Electronics,225
Atlas Conference Camera Max,Electronics,338
Quill Barcode Scanner Plus,Electronics,234
Lumen Room Divider X,Furniture,501
Juniper Headphones S1,Electronics,170
Verdant Webcam 300,Electronics,68
Harbor Smartwatch Plus,Electronics,335
Aster Graphics Tablet Pro,Electronics,132
Maple Smartwatch Plus,Electronics,692
Zenith Label Printer Lite,Electronics,241
Helio Bar Stool Lite,Furniture,150
Orion Bookshelf S2,Furniture,90
Orion Desk S2,Furniture,822
Aster Dining Table S1,Furniture,577
Ember Keyboard Max,Electronics,206
Nimbus Reception Desk S2,Furniture,1454
Umber Coffee Table Max,Furniture,205
Juniper Tablet 300,Electronics,211
Delta Cabinet X,Furniture,708
Verdant Dining Table S2,Furniture,578
Helio Reception Desk Plus,Furniture,1598
Pioneer Bookshelf Pro,Furniture,412
Zenith Mouse 200,Electronics,31
Meridian Wardrobe X,Furniture,980
Onyx Whiteboard S1,Furniture,157
Fjord Barcode Scanner Plus,Electronics,307
Cedar Lounge Chair Pro,Furniture,1018
Cedar Side Table 200,Furniture,120
Umber Bar Stool Lite,Furniture,231
Delta Office Lamp Lite,Furniture,108
Slate Cabinet Lite,Furniture,408
Yarrow Graphics Tablet 200,Electronics,437
Helio External HDD S2,Electronics,159
Indigo Recliner 300,Furniture,1280
Atlas Tablet 300,Electronics,1100
Pioneer Conference Camera Plus,Electronics,639
Ember Bench X,Furniture,361
Rowan Capture Card Lite,Electronics,422
Kestrel Graphics Card S1,Electronics,303
Quartz Coffee Table X,Furniture,346
Cobalt Projector S1,Electronics,816
Beacon Capture Card 200,Electronics,118
Aurora UPS Battery X,Electronics,270
Verdant NAS Enclosure 100,Electronics,906
Ridge Power Bank Pro,Electronics,98
Willow UPS Battery 100,Electronics,734
Yarrow Lounge Chair Max,Furniture,311
Maple Keyboard Lite,Electronics,69
Vertex Dresser X,Furniture,730
Granite Shoe Rack Plus,Furniture,143
Pioneer External HDD 100,Electronics,119
Verdant Dining Table Lite,Furniture,1393
Delta Monitor Stand S1,Furniture,176
Atlas Cabinet S2,Furniture,841
Quartz Laptop X,Electronics,1733
Onyx Reception Desk Lite,Furniture,1913
Granite Bookshelf Lite,Furniture,199
Pioneer Drawer Unit S2,Furniture,120
Harbor Webcam S1,Electronics,214
Juniper Shoe Rack Lite,Furniture,134
Aurora UPS Battery S2,Electronics,347
Nimbus Conference Camera Pro,Electronics,1123
Atlas Speaker 100,Electronics,190
Delta Keyboard S2,Electronics,79
Nimbus Bar Stool 200,Furniture,67
Verdant Footrest X,Furniture,49
Meridian Console Table 100,Furniture,600
Rowan Dining Table X,Furniture,596
Delta Projector Lite,Electronics,695
Verdant Conference Chair S1,Furniture,130
Umber Meeting Table Lite,Furniture,1837
Cedar Bookshelf 100,Furniture,535
Pioneer Barcode Scanner 200,Electronics,101
Zephyr USB Hub Pro,Electronics,54
Ember Keyboard Plus,Electronics,89
Cobalt Cabinet X,Furniture,755
Aster Meeting Table X,Furniture,1813
Zenith Barcode Scanner Pro,Electronics,445
Willow Speaker Plus,Electronics,462
Xenon Nightstand S1,Furniture,290
Juniper Conference Camera 100,Electronics,1365
Umber Filing Cabinet X,Furniture,312
Orion Coffee Table Lite,Furniture,365
Onyx Storage Cube Lite,Furniture,138
Harbor Dining Table Pro,Furniture,1339
Tundra Desk X,Furniture,144
Umber Nightstand Lite,Furniture,107
Meridian Graphics Tablet S2,Electronics,153
Basalt Router S1,Electronics,196
Kestrel Cabinet Pro,Furniture,758
Cedar Storage Cube Max,Furniture,104
Nova Filing Cabinet 200,Furniture,247
Quartz Router Plus,Electronics,263
Zephyr Printer 100,Electronics,681
Ridge Nightstand 300,Furniture,184
Slate Cabinet X,Furniture,427
Helio Label Printer 200,Electronics,234
Maple Bench X,Furniture,222
Aster Conference Camera Lite,Electronics,955
Aurora Monitor 200,Electronics,480
Vertex Smartwatch S2,Electronics,569
Indigo Dining Table Max,Furniture,542
Slate SSD Drive Pro,Electronics,548
Lumen Graphics Card 300,Electronics,605
Ridge Footrest S1,Furniture,72
Atlas Coffee Table X,Furniture,103
Yarrow Meeting Table S1,Furniture,875
Maple Graphics Tablet 100,Electronics,506
Ember Office Lamp Lite,Furniture,180
Slate Smartwatch S1,Electronics,571
Orion Side Table Max,Furniture,154
Aster SSD Drive 200,Electronics,344
Rowan Console Table Pro,Furniture,449
Ridge Smartwatch 300,Electronics,451
Maple External HDD 200,Electronics,233
Zenith Chair S2,Furniture,258
Harbor Room Divider Max,Furniture,301
Maple Console Table Lite,Furniture,432
Zephyr Chair Lite,Furniture,112
Ember Console Table 100,Furniture,523
Ridge Wireless Presenter Lite,Electronics,81
Quill Mouse Lite,Electronics,76
Meridian Chair Plus,Furniture,455
Yarrow Meeting Table 200,Furniture,1369
Meridian Microphone S1,Electronics,199
Verdant Coffee Table 100,Furniture,393
Indigo Keyboard Max,Electronics,87
Quartz UPS Battery S1,Electronics,289
Ridge Projector 200,Electronics,1216
Willow Room Divider 200,Furniture,266
Aster Dining Table Lite,Furniture,707
Xenon Capture Card Max,Electronics,430
Lumen Lounge Chair Max,Furniture,573
Zenith Scanner 200,Electronics,498
Lumen Smartwatch 200,Electronics,425
Vertex Network Switch X,Electronics,293
Yarrow Monitor Stand 200,Furniture,108
Cedar Graphics Card Max,Electronics,1738
Ridge Network Switch 100,Electronics,249
Lumen Laptop Max,Electronics,1608
Zenith Wardrobe Pro,Furniture,324
Beacon Laptop Lite,Electronics,2130
Rowan Capture Card X,Electronics,326
Helio Bookshelf Lite,Furniture,345
Quill Laptop 300,Electronics,1854
Zenith Filing Cabinet 300,Furniture,154
Onyx Conference Chair Max,Furniture,282
Zephyr Reception Desk X,Furniture,638
Summit Lounge Chair S2,Furniture,859
Summit Network Switch Pro,Electronics,329
Granite Room Divider 300,Furniture,185
Helio Router 100,Electronics,117
Nimbus Webcam Pro,Electronics,68
Nimbus Storage Cube 100,Furniture,161
Cedar Conference Chair S2,Furniture,402
Quartz Shoe Rack 100,Furniture,204
Meridian Headphones 100,Electronics,273
Onyx Whiteboard Lite,Furniture,216
Slate Docking Station 300,Electronics,151
Nimbus Router S2,Electronics,74
Indigo Tablet 300,Electronics,751
Quartz Conference Chair S1,Furniture,272
Beacon Shoe Rack S2,Furniture,103
Quill Graphics Tablet Max,Electronics,707
Kestrel Monitor Stand 300,Furniture,56
Umber Wireless Presenter 100,Electronics,43
Nimbus Storage Cube X,Furniture,158
Yarrow Sofa Max,Furniture,855
Granite Room Divider S1,Furniture,137
Quartz Capture Card 100,Electronics,430
Indigo Projector Plus,Electronics,570
Summit Chair X,Furniture,199
Ridge Drawer Unit Max,Furniture,251
Umber Cabinet 100,Furniture,533
Ridge TV Stand X,Furniture,570
Slate Sofa 300,Furniture,1896
Delta Conference Chair Plus,Furniture,145
Indigo Chair X,Furniture,434
Orion Lounge Chair S1,Furniture,1023
Summit Sofa Plus,Furniture,2556
Lumen Capture Card S1,Electronics,117
Cobalt Router 300,Electronics,218
Xenon Label Printer 200,Electronics,218
Atlas Microphone Lite,Electronics,333
Yarrow Footrest 200,Furniture,47
Slate Mouse 300,Electronics,75
Verdant External HDD 200,Electronics,131
Summit Recliner S1,Furniture,1485
Xenon USB Hub Pro,Electronics,45
Maple Footrest 200,Furniture,119
Lumen Power Bank Lite,Electronics,22
Harbor Power Bank 200,Electronics,137
Larch Standing Desk Max,Furniture,1223
Basalt Monitor Pro,Electronics,775
Onyx Dresser 300,Furniture,358
Ridge Office Lamp 100,Furniture,108
Cedar Dining Table S1,Furniture,742
Xenon External HDD Pro,Electronics,114
Pioneer Network Switch 100,Electronics,448
Orion Bookshelf S1,Furniture,325
Maple Label Printer S2,Electronics,112
Ridge Desk 300,Furniture,838
Beacon Docking Station Pro,Electronics,181
Lumen Sofa S1,Furniture,420
Vertex Capture Card Max,Electronics,234
Zephyr Filing Cabinet 100,Furniture,397
Summit Meeting Table S1,Furniture,1352
Summit TV Stand Max,Furniture,210
Juniper Wardrobe S2,Furniture,430
Summit Office Lamp 100,Furniture,146
Atlas SSD Drive S1,Electronics,488
Xenon Nightstand Lite,Furniture,120
Tundra Monitor S1,Electronics,159
Indigo Network Switch S1,Electronics,93
Quartz Printer Lite,Electronics,106
Onyx Bar Stool Max,Furniture,241
Zephyr Dresser X,Furniture,790
Summit Printer Lite,Electronics,264
Fjord Recliner S1,Furniture,613
Indigo Mouse Plus,Electronics,23
Willow Office Lamp S2,Furniture,53
Nova Keyboard S1,Electronics,209
Meridian UPS Battery 200,Electronics,409
Larch Shoe Rack 300,Furniture,173
Verdant Microphone Lite,Electronics,60
Fjord Bookshelf 200,Furniture,432
Aster Tablet 300,Electronics,1176
Basalt Room Divider Max,Furniture,220
Slate Microphone 100,Electronics,454
Atlas Filing Cabinet Plus,Furniture,325
Ridge External HDD 300,Electronics,234
Orion Coffee Table Max,Furniture,475
Nova Desk 100,Furniture,225
Harbor Microphone 300,Electronics,448
Slate Lounge Chair X,Furniture,818
Tundra Filing Cabinet 100,Furniture,470
Pioneer Bench S1,Furniture,321
Lumen Router Max,Electronics,367
Beacon Nightstand Max,Furniture,276
Kestrel Barcode Scanner S2,Electronics,389
Vertex Whiteboard 100,Furniture,69
Meridian TV Stand X,Furniture,480
Umber Graphics Tablet Lite,Electronics,670
Xenon Coffee Table Plus,Furniture,142
Indigo Smartphone 200,Electronics,674
Lumen Coffee Table 300,Furniture,175
Granite Wardrobe 300,Furniture,920
Harbor Wireless Presenter Max,Electronics,24
Zenith Reception Desk S1,Furniture,430
Zephyr Microphone Plus,Electronics,465
Kestrel Projector Lite,Electronics,1093
Umber NAS Enclosure 100,Electronics,403
Helio Nightstand 200,Furniture,69
Indigo Shoe Rack 300,Furniture,78
Quartz Mouse Plus,Electronics,25
Helio TV Stand S2,Furniture,553
Harbor Office Lamp S1,Furniture,54
Harbor Dresser Lite,Furniture,833
Cedar Recliner S1,Furniture,1093
Xenon UPS Battery 200,Electronics,763
Yarrow Chair S2,Furniture,573
Lumen Chair S1,Furniture,361
Basalt Speaker X,Electronics,309
Orion Whiteboard Plus,Furniture,170
Ember Filing Cabinet Lite,Furniture,170
Atlas Bookshelf S1,Furniture,198
Helio Drawer Unit Plus,Furniture,415
Indigo Graphics Card Max,Electronics,566
Fjord Bench 200,Furniture,270
Juniper NAS Enclosure Lite,Electronics,322
Beacon Wardrobe Pro,Furniture,971
Ridge Laptop Pro,Electronics,1684
Rowan Smartwatch X,Electronics,498
Zenith Smartphone 300,Electronics,310
Harbor Smartphone X,Electronics,463
Granite Nightstand Pro,Furniture,165
Larch Console Table S2,Furniture,556
Willow Headphones Pro,Electronics,46
Maple Conference Chair Pro,Furniture,580
Lumen Desk 200,Furniture,760
Nova Cabinet 200,Furniture,374
Slate Reception Desk Pro,Furniture,1939
Fjord Barcode Scanner S2,Electronics,70
Kestrel Shoe Rack Pro,Furniture,36
Lumen USB Hub 200,Electronics,23
Quill Docking Station Lite,Electronics,172
Vertex Drawer Unit Plus,Furniture,390
Juniper Network Switch Pro,Electronics,439
Orion Coffee Table S1,Furniture,327
Onyx Capture Card Plus,Electronics,353
Quill Shoe Rack S1,Furniture,72
Granite Smartwatch 100,Electronics,365
Zephyr USB Hub S1,Electronics,65
Aster Webcam X,Electronics,194
Helio Conference Camera Max,Electronics,940
Beacon Smartphone 100,Electronics,1490
Pioneer SSD Drive 100,Electronics,135
Lumen Monitor Pro,Electronics,788
Basalt Capture Card 200,Electronics,273
Basalt Drawer Unit Lite,Furniture,250
Verdant External HDD Pro,Electronics,222
Willow Printer Pro,Electronics,374
Zephyr Console Table 200,Furniture,370
Slate Chair Pro,Furniture,499
Harbor Smartphone Max,Electronics,1111
Meridian Footrest 100,Furniture,131
Fjord Network Switch 300,Electronics,99
Willow Desk 100,Furniture,428
Quartz Headphones Pro,Electronics,411
Quill Network Switch Pro,Electronics,104
Helio Speaker Pro,Electronics,58
Onyx Conference Chair Plus,Furniture,571
Umber Label Printer 300,Electronics,62
Zephyr External HDD S2,Electronics,192
Cedar Wireless Presenter S1,Electronics,49
Slate Mouse 100,Electronics,58
Granite Cabinet 200,Furniture,209
Maple TV Stand Lite,Furniture,498
Onyx Smartwatch 200,Electronics,223
Umber Bench 100,Furniture,384
Lumen Scanner X,Electronics,257
Indigo Filing Cabinet 200,Furniture,259
Aurora Lounge Chair 100,Furniture,280
Kestrel Capture Card S2,Electronics,160
Nimbus Scanner Pro,Electronics,313
Yarrow Dining Table X,Furniture,740
Fjord Coffee Table S1,Furniture,292
Zephyr Nightstand S2,Furniture,261
Cobalt Label Printer Plus,Electronics,268
Ridge Reception Desk S2,Furniture,1660
Tundra USB Hub Lite,Electronics,43
Larch Speaker S1,Electronics,330
Basalt Dining Table Lite,Furniture,1242
Indigo Footrest Plus,Furniture,36
Quill Scanner 300,Electronics,498
Yarrow Storage Cube Pro,Furniture,162
Kestrel Label Printer Pro,Electronics,151
Basalt Monitor Stand 300,Furniture,91
Summit Coffee Table Lite,Furniture,301
Meridian Sofa X,Furniture,837
Helio Headphones Plus,Electronics,340
Quartz Network Switch 100,Electronics,76
Ridge Whiteboard Lite,Furniture,243
Delta External HDD S2,Electronics,172
Aster Graphics Card 300,Electronics,921
Verdant Recliner 200,Furniture,1656
Yarrow Graphics Tablet Plus,Electronics,431
Juniper Headphones 100,Electronics,190
Ember Wardrobe Pro,Furniture,1335
Atlas Office Lamp Lite,Furniture,99
Summit Graphics Card Plus,Electronics,1670
Nova Dining Table Max,Furniture,278
Harbor Bookshelf X,Furniture,222
Nimbus Monitor 200,Electronics,201
Nova Laptop Lite,Electronics,2397
Umber Meeting Table Max,Furniture,1135
Kestrel Nightstand Pro,Furniture,256
Basalt Whiteboard Lite,Furniture,264
Meridian Capture Card 200,Electronics,323
Cobalt Shoe Rack 200,Furniture,89
Basalt Monitor Stand 100,Furniture,172
Larch Barcode Scanner 300,Electronics,224
Basalt Nightstand Max,Furniture,75
Pioneer Cabinet Plus,Furniture,417
Helio Meeting Table 200,Furniture,1414
Yarrow Power Bank X,Electronics,31
Orion Webcam Lite,Electronics,73
Indigo Monitor Pro,Electronics,834
Xenon Network Switch Pro,Electronics,495
Quill Footrest S2,Furniture,175
Juniper UPS Battery 100,Electronics,406
Cedar Room Divider 200,Furniture,351
Aurora TV Stand 100,Furniture,384
Basalt Monitor Lite,Electronics,235
Tundra TV Stand Plus,Furniture,385
Zenith Lounge Chair 100,Furniture,219
Lumen Tablet 300,Electronics,962
Basalt Nightstand 100,Furniture,177
Xenon Bookshelf S1,Furniture,355
Onyx Monitor Stand S1,Furniture,65
Kestrel Conference Camera X,Electronics,939
Beacon UPS Battery S2,Electronics,432
Cedar Chair X,Furniture,323
Orion Bar Stool S2,Furniture,125
Delta Desk 300,Furniture,649
Nimbus Meeting Table Lite,Furniture,1770
Pioneer Sofa 100,Furniture,1731
Vertex Speaker S2,Electronics,547
Ember Capture Card Max,Electronics,446
Basalt Network Switch S2,Electronics,425
Verdant Wireless Presenter Pro,Electronics,97
Rowan Side Table X,Furniture,54
Harbor Wardrobe 200,Furniture,911
Orion Office Lamp Plus,Furniture,96
Kestrel Bar Stool S2,Furniture,152
Larch Side Table S1,Furniture,62
Verdant Wardrobe 200,Furniture,1453
Zephyr Tablet S1,Electronics,1219
Cobalt Webcam 200,Electronics,79
Aurora Network Switch Lite,Electronics,177
Beacon Cabinet 300,Furniture,473
Slate TV Stand Max,Furniture,292
Meridian Graphics Tablet Pro,Electronics,485
Nova External HDD 200,Electronics,87
Aster Smartphone Pro,Electronics,955
Slate SSD Drive 200,Electronics,334
Granite Label Printer 100,Electronics,209
Xenon Scanner S2,Electronics,114
Verdant TV Stand 200,Furniture,485
Helio Desk Plus,Furniture,202
Meridian Sofa Lite,Furniture,1875
Ember Conference Camera S1,Electronics,556
Atlas Bar Stool S2,Furniture,270
Beacon Laptop 300,Electronics,1838
Quill Graphics Card S1,Electronics,796
Summit Mouse Max,Electronics,54
Zenith Storage Cube Max,Furniture,49
Quill Power Bank Plus,Electronics,18
Granite Printer S1,Electronics,447
Xenon USB Hub 300,Electronics,75
Meridian Tablet Pro,Electronics,1196
Ember TV Stand Lite,Furniture,424
Ridge Power Bank 100,Electronics,117
Rowan Power Bank 100,Electronics,98
Orion Graphics Card S2,Electronics,290
Maple Speaker 300,Electronics,468
Delta TV Stand Max,Furniture,296
Lumen Tablet 100,Electronics,397
Helio Router Lite,Electronics,158
Harbor Bookshelf Pro,Furniture,427
Summit Room Divider 300,Furniture,384
Nova Tablet Pro,Electronics,1280
Indigo Printer X,Electronics,281
Zenith Smartphone Pro,Electronics,694
Vertex Network Switch Pro,Electronics,266
Zenith Wireless Presenter S2,Electronics,109
Nova Keyboard 300,Electronics,98
Xenon Monitor Stand Max,Furniture,36
Willow Room Divider 100,Furniture,338
Summit Chair S1,Furniture,282
Zephyr Barcode Scanner Plus,Electronics,354
Cedar Dresser Pro,Furniture,741
Kestrel Console Table 100,Furniture,271
Harbor Desk Pro,Furniture,279
Granite Room Divider Max,Furniture,446
Ridge Projector 300,Electronics,1864
Quill Mouse S2,Electronics,81
Aster Footrest S2,Furniture,182
Quill UPS Battery 100,Electronics,196
Cedar Router 100,Electronics,187
Xenon Sofa 100,Furniture,633
Atlas Docking Station 100,Electronics,143
Nova Graphics Tablet Lite,Electronics,540
Harbor Capture Card Plus,Electronics,225
Ember Desk 100,Furniture,206
Summit Cabinet 300,Furniture,471
Willow Microphone 100,Electronics,124
Meridian Meeting Table 200,Furniture,1446
Nimbus Chair Lite,Furniture,362
Umber Wireless Presenter Max,Electronics,71
Meridian Graphics Card 300,Electronics,528
Basalt Filing Cabinet 200,Furniture,318
Slate Wireless Presenter 100,Electronics,115
Beacon Drawer Unit 200,Furniture,234
Meridian Console Table S2,Furniture,542
Basalt Scanner 300,Electronics,493
Kestrel Capture Card Lite,Electronics,424
Zephyr Standing Desk Lite,Furniture,1182
Xenon Printer Lite,Electronics,453
Cedar Power Bank S2,Electronics,121
Quartz Network Switch S2,Electronics,366
Juniper Printer S2,Electronics,677
Helio Speaker X,Electronics,51
Aster Recliner Lite,Furniture,363
Aurora USB Hub 100,Electronics,15
Yarrow Label Printer Plus,Electronics,121
Rowan Standing Desk 200,Furniture,878
Lumen Keyboard Pro,Electronics,85
Helio Mouse Max,Electronics,77
Pioneer Projector Pro,Electronics,1127
Quill Scanner S1,Electronics,453
Quill Nightstand S1,Furniture,148
Onyx Label Printer 300,Electronics,198
Willow Chair Max,Furniture,414
Granite Wardrobe S1,Furniture,1367
Kestrel Console Table 200,Furniture,595
Beacon Barcode Scanner 200,Electronics,297
Atlas Graphics Card Pro,Electronics,391
Lumen Mouse Lite,Electronics,66
Onyx Capture Card S2,Electronics,138
Onyx Dresser S1,Furniture,519
Beacon Bookshelf S1,Furniture,259
Fjord External HDD Pro,Electronics,263
Onyx Keyboard X,Electronics,87
Quartz Lounge Chair Pro,Furniture,206
Willow Bookshelf Pro,Furniture,261
Fjord Tablet X,Electronics,1136
Nova Smartwatch Lite,Electronics,521
Larch SSD Drive S2,Electronics,177
Helio TV Stand Pro,Furniture,308
Xenon Recliner X,Furniture,1693
Harbor Side Table X,Furniture,251
Xenon Wireless Presenter X,Electronics,20
Zenith Standing Desk 300,Furniture,1400
Larch Nightstand S2,Furniture,190
Cedar Office Lamp S2,Furniture,79
Atlas Office Lamp S2,Furniture,35
Orion Tablet S1,Electronics,199
Tundra Conference Camera X,Electronics,441
Fjord Chair 300,Furniture,255
Cobalt Bookshelf Plus,Furniture,378
Xenon Laptop 200,Electronics,1631
Cobalt Reception Desk 100,Furniture,1587
Lumen Monitor X,Electronics,521
Aster Speaker 300,Electronics,460
Willow Recliner Plus,Furniture,569
Onyx Monitor Stand Plus,Furniture,166
Cobalt Wireless Presenter S1,Electronics,34
Yarrow Office Lamp S2,Furniture,90
Meridian TV Stand Plus,Furniture,469
Larch Microphone 200,Electronics,236
Verdant Graphics Card 200,Electronics,717
Lumen Storage Cube Plus,Furniture,169
Kestrel Smartwatch Max,Electronics,735
Fjord USB Hub 200,Electronics,80
Delta Shoe Rack S1,Furniture,162
Helio Standing Desk S2,Furniture,1414
Umber Dining Table Lite,Furniture,262
Granite Webcam Max,Electronics,206
Atlas Scanner 100,Electronics,361
Fjord Storage Cube 100,Furniture,80
Ember Side Table Lite,Furniture,110
Zephyr Barcode Scanner S1,Electronics,361
Cobalt Smartphone S1,Electronics,1240
Nimbus Office Lamp Pro,Furniture,33
Maple Side Table S1,Furniture,118
Meridian Monitor Stand 300,Furniture,139
Lumen Barcode Scanner S1,Electronics,382
Fjord Nightstand Lite,Furniture,93
Yarrow USB Hub S2,Electronics,31
Aster Tablet 100,Electronics,784
Pioneer Side Table Pro,Furniture,160
Lumen Dining Table Max,Furniture,412
Umber Dining Table 100,Furniture,1009
Juniper Bookshelf S1,Furniture,331
Slate Docking Station Plus,Electronics,274
Nova Conference Camera X,Electronics,282
Nova Nightstand Pro,Furniture,61
Aurora Dresser Plus,Furniture,947
Delta Keyboard Max,Electronics,29
Helio USB Hub Plus,Electronics,82
Delta Graphics Card 300,Electronics,942
Verdant Laptop 300,Electronics,1419
Cedar Lounge Chair Max,Furniture,295
Nova Graphics Tablet S1,Electronics,498
Pioneer Scanner S1,Electronics,589
Quartz Footrest Pro,Furniture,33
Aurora Sofa 200,Furniture,1958
Zephyr Storage Cube Pro,Furniture,87
Aster Filing Cabinet S2,Furniture,342
Nova Storage Cube Plus,Furniture,28
Delta Router X,Electronics,298
Maple Chair Max,Furniture,138
Slate Label Printer 200,Electronics,356
Helio Lounge Chair S2,Furniture,517
Aster Chair 100,Furniture,483
Vertex Webcam Max,Electronics,147
Atlas Printer S1,Electronics,197
Granite Desk S2,Furniture,238
Beacon Webcam Max,Electronics,87
Orion SSD Drive S1,Electronics,563
Helio Printer Lite,Electronics,139
Indigo Microphone Lite,Electronics,426
Maple Drawer Unit S1,Furniture,114
Aster Bookshelf X,Furniture,431
Juniper Storage Cube S1,Furniture,131
Verdant Whiteboard X,Furniture,131
Verdant Drawer Unit X,Furniture,259
Maple Power Bank S2,Electronics,38
Nimbus Drawer Unit Pro,Furniture,299
Helio Sofa X,Furniture,663
Yarrow Graphics Card Lite,Electronics,1122
Meridian Desk Lite,Furniture,382
Beacon Recliner 300,Furniture,468
Juniper Chair Pro,Furniture,303
Aster Bookshelf 200,Furniture,466
Yarrow Nightstand Plus,Furniture,51
Nova Wardrobe 200,Furniture,788
Aurora Chair 200,Furniture,394
Kestrel Graphics Card Max,Electronics,1200
Cobalt Graphics Card Max,Electronics,876
Cobalt Headphones Pro,Electronics,161
Rowan Desk 100,Furniture,773
Umber Docking Station Max,Electronics,81
Quill Console Table S1,Furniture,366
Pioneer Docking Station S1,Electronics,311
Zephyr Drawer Unit Max,Furniture,236
Rowan Recliner X,Furniture,1678
Beacon Power Bank 100,Electronics,110
Delta Console Table S2,Furniture,541
Maple Recliner Plus,Furniture,596
Quartz Barcode Scanner Max,Electronics,351
Summit Bar Stool Lite,Furniture,172
Granite Reception Desk 200,Furniture,1127
Willow Label Printer 100,Electronics,78
Slate Webcam X,Electronics,224
Tundra Speaker X,Electronics,89
Beacon Projector Plus,Electronics,1175
Meridian Monitor S1,Electronics,211
Orion Reception Desk Pro,Furniture,523
Kestrel Webcam Lite,Electronics,114
Zenith Storage Cube S2,Furniture,76
Zenith Barcode Scanner 300,Electronics,318
Tundra Projector S1,Electronics,1684
Willow Tablet Pro,Electronics,813
Fjord Reception Desk S1,Furniture,783
Verdant Dresser 300,Furniture,474
Cedar Monitor Stand Max,Furniture,57
Kestrel Whiteboard 100,Furniture,379
Fjord Shoe Rack 300,Furniture,131
Lumen NAS Enclosure Lite,Electronics,939
Zephyr Capture Card 300,Electronics,320
Aurora Cabinet 100,Furniture,619
Tundra Smartphone Lite,Electronics,664
Lumen Filing Cabinet 300,Furniture,106
Slate Coffee Table S2,Furniture,415
Zenith Dining Table Lite,Furniture,573
Zenith SSD Drive Max,Electronics,205
Pioneer Smartphone Max,Electronics,1125
Nova Reception Desk S2,Furniture,568
Indigo Printer S2,Electronics,315
Granite Reception Desk S2,Furniture,1903
Xenon Desk Max,Furniture,158
Juniper Headphones Plus,Electronics,203
Nimbus Router Pro,Electronics,43
Delta Storage Cube S2,Furniture,148
Meridian Console Table Pro,Furniture,443
Basalt Whiteboard 200,Furniture,276
Xenon Printer 100,Electronics,297
Meridian Power Bank Pro,Electronics,103
Larch TV Stand Pro,Furniture,506
Aurora External HDD Max,Electronics,226
Maple Conference Chair 200,Furniture,294
Delta Lounge Chair S2,Furniture,933
Harbor Drawer Unit 200,Furniture,98
Slate Microphone Lite,Electronics,80
Onyx Scanner Lite,Electronics,167
Granite Capture Card X,Electronics,222
Ridge Headphones Plus,Electronics,171
Harbor USB Hub S2,Electronics,16
Onyx USB Hub Pro,Electronics,72
Rowan Conference Chair S1,Furniture,509
Rowan TV Stand 100,Furniture,504
Atlas Lounge Chair S1,Furniture,851
Delta Graphics Tablet Max,Electronics,80
Meridian Mouse Plus,Electronics,56
Verdant SSD Drive 100,Electronics,82
Quill Coffee Table Max,Furniture,343
Basalt NAS Enclosure Pro,Electronics,1094
Atlas Keyboard X,Electronics,62
Delta Docking Station 100,Electronics,107
Cedar Projector Pro,Electronics,736
Cedar Keyboard Pro,Electronics,99
Summit Footrest Plus,Furniture,74
Rowan Sofa 100,Furniture,2012
Willow Label Printer 300,Electronics,243
Cedar Cabinet 100,Furniture,529
Kestrel TV Stand 300,Furniture,282
Granite Power Bank X,Electronics,87
Beacon Label Printer 200,Electronics,189
Aster Router Pro,Electronics,338
Aster Printer Lite,Electronics,195
Juniper Power Bank Pro,Electronics,61
Umber Barcode Scanner 200,Electronics,168
Atlas Scanner S2,Electronics,355
Meridian Whiteboard Max,Furniture,273
Umber Office Lamp Lite,Furniture,115
Summit Graphics Card Lite,Electronics,634
Zephyr Printer Lite,Electronics,280
Helio Graphics Tablet Max,Electronics,122
Cedar Capture Card Max,Electronics,273
Yarrow Recliner S2,Furniture,761
Atlas Smartwatch 300,Electronics,454
Lumen Graphics Card Max,Electronics,989
Aurora Network Switch Max,Electronics,224
Maple USB Hub Pro,Electronics,67
Maple Wardrobe 100,Furniture,1409
Ember NAS Enclosure Max,Electronics,911
Nova Wardrobe 100,Furniture,1131
Nova Network Switch S2,Electronics,296
Maple Label Printer S1,Electronics,87
Granite Footrest 300,Furniture,90
Aurora Speaker Pro,Electronics,531
Aurora Footrest Plus,Furniture,60
Maple Bar Stool S1,Furniture,293
Nova Headphones Lite,Electronics,312
Tundra Monitor Stand Pro,Furniture,112
Maple Laptop Plus,Electronics,2221
Helio Wardrobe Pro,Furniture,1310
Beacon Drawer Unit Plus,Furniture,292
Willow Shoe Rack Max,Furniture,139
Nova Projector 100,Electronics,1647
Atlas Bar Stool S1,Furniture,163
Quill Dining Table S2,Furniture,1340
Cedar Lounge Chair 200,Furniture,213
Beacon Conference Camera 100,Electronics,1260
Slate Cabinet Plus,Furniture,831
Granite TV Stand Max,Furniture,482
Umber Lounge Chair Plus,Furniture,265
Pioneer Coffee Table 200,Furniture,253
Rowan Coffee Table Pro,Furniture,420
Larch Bar Stool Pro,Furniture,263
Basalt Keyboard X,Electronics,173
Willow Scanner S2,Electronics,94
Larch TV Stand Max,Furniture,502
Cobalt Printer S2,Electronics,107
Xenon Monitor Stand X,Furniture,71
Ridge Network Switch Plus,Electronics,168
Ridge Lounge Chair S1,Furniture,808
Cedar Reception Desk 200,Furniture,411
Harbor Projector 100,Electronics,1371
Beacon SSD Drive 300,Electronics,305
Harbor Laptop 300,Electronics,2164
Nimbus Dining Table 100,Furniture,624
Juniper Tablet S2,Electronics,232
Tundra Room Divider 200,Furniture,413
Basalt Dresser 300,Furniture,653
Indigo External HDD Lite,Electronics,181
Aurora Dining Table Pro,Furniture,1313
Nimbus Filing Cabinet X,Furniture,490
Aurora USB Hub 300,Electronics,84
Umber Whiteboard Max,Furniture,57
Indigo Nightstand 300,Furniture,266
Helio Desk 200,Furniture,429
Kestrel Printer 200,Electronics,193
Rowan Footrest 200,Furniture,62
Aurora Webcam Lite,Electronics,67
Aurora Sofa S1,Furniture,783
Slate Whiteboard 100,Furniture,290
Atlas Reception Desk Plus,Furniture,1317
Vertex Dresser 300,Furniture,339
Umber Projector 200,Electronics,1108
Maple Coffee Table Max,Furniture,332
Orion Storage Cube Max,Furniture,60
Pioneer Sofa Max,Furniture,2384
Umber Graphics Tablet S1,Electronics,738
Zephyr Monitor Stand 300,Furniture,187
Zenith NAS Enclosure 100,Electronics,370
Harbor Reception Desk Pro,Furniture,1668
Slate Projector Pro,Electronics,1294
Umber Filing Cabinet 200,Furniture,264
Yarrow Smartwatch 300,Electronics,178
Zenith Whiteboard S1,Furniture,176
Basalt Capture Card Pro,Electronics,226
Zephyr Wardrobe Plus,Furniture,266
Verdant Sofa X,Furniture,1637
Maple Lounge Chair 300,Furniture,1057
Cobalt Footrest Plus,Furniture,66
Nova Projector S1,Electronics,1597
Meridian Room Divider 300,Furniture,219
Yarrow Scanner S1,Electronics,246
Juniper Monitor Stand 300,Furniture,145
Nimbus Capture Card 300,Electronics,365
Maple NAS Enclosure S2,Electronics,1123
Zephyr NAS Enclosure 200,Electronics,1126
Nimbus Bookshelf X,Furniture,183
Pioneer Office Lamp Pro,Furniture,36
Aurora Bookshelf S1,Furniture,434
Aster Smartwatch 200,Electronics,122
Onyx Graphics Card 200,Electronics,995
Maple Side Table X,Furniture,223
Rowan Mouse Lite,Electronics,42
Atlas Recliner 300,Furniture,1006
Pioneer Cabinet X,Furniture,544
Ember Whiteboard Lite,Furniture,169
Willow Graphics Tablet S1,Electronics,216
Beacon Power Bank Max,Electronics,58
Helio Bar Stool 100,Furniture,116
Larch Monitor 300,Electronics,222
Basalt Monitor X,Electronics,361
Zenith Monitor Stand S1,Furniture,58
Beacon Standing Desk 200,Furniture,492
Ridge Room Divider S1,Furniture,492
Indigo Sofa S2,Furniture,2198
Kestrel Wireless Presenter X,Electronics,38
Cobalt Keyboard 200,Electronics,43
Xenon Projector Pro,Electronics,1844
Willow Tablet Max,Electronics,1128
Vertex Barcode Scanner 200,Electronics,397
Delta Microphone 200,Electronics,422
Harbor Projector Max,Electronics,1835
Atlas Dresser 100,Furniture,371
Delta Dresser Lite,Furniture,363
Verdant Keyboard Pro,Electronics,30
Lumen Bar Stool Max,Furniture,263
Helio NAS Enclosure 200,Electronics,1171
Willow Chair X,Furniture,530
Rowan Dresser Pro,Furniture,792
Umber TV Stand Max,Furniture,465
Zephyr Console Table S2,Furniture,384
Aurora Side Table Pro,Furniture,175
Onyx Bookshelf Plus,Furniture,397
Ember Router 200,Electronics,139
Yarrow Shoe Rack S2,Furniture,90
Larch Scanner Max,Electronics,562
Atlas Smartphone Lite,Electronics,943
Kestrel Docking Station Max,Electronics,320
Juniper Dining Table Lite,Furniture,1294
Tundra Drawer Unit S2,Furniture,286
Willow Sofa S2,Furniture,572
Helio Dresser 100,Furniture,173
Nova Footrest S1,Furniture,185
Zenith Microphone Plus,Electronics,469
Aster Webcam Max,Electronics,42
Nimbus UPS Battery 200,Electronics,221
Onyx Filing Cabinet S2,Furniture,421
Maple Chair 200,Furniture,399
Indigo Dresser Max,Furniture,449
Aster Dining Table Max,Furniture,1349
Delta Monitor Stand Lite,Furniture,138
Aster Monitor S2,Electronics,468
Cobalt Meeting Table Max,Furniture,1738
Willow UPS Battery Plus,Electronics,523
Meridian Office Lamp S1,Furniture,41
Atlas Microphone Pro,Electronics,245
Onyx USB Hub Max,Electronics,74
Cobalt Speaker Plus,Electronics,195
Harbor Console Table S1,Furniture,155
Onyx Monitor X,Electronics,430
Verdant Bench Max,Furniture,328
Aurora NAS Enclosure Lite,Electronics,1061
Lumen Laptop S1,Electronics,1387
Maple SSD Drive S1,Electronics,340
Delta Smartphone 100,Electronics,745
Delta TV Stand Plus,Furniture,447
Quill Wardrobe Lite,Furniture,1222
Harbor Power Bank S1,Electronics,98
Fjord Bookshelf S2,Furniture,192
Delta Smartphone S2,Electronics,919
Vertex Monitor Stand S2,Furniture,59
Tundra Barcode Scanner 100,Electronics,293
Zenith Chair Pro,Furniture,371
Summit Nightstand Lite,Furniture,235
Umber Tablet Lite,Electronics,1291
Cobalt Webcam X,Electronics,127
Kestrel Side Table Lite,Furniture,175
Yarrow Desk S2,Furniture,647
Larch Storage Cube S1,Furniture,107
Indigo Graphics Card 100,Electronics,1204
Tundra Console Table 300,Furniture,608
Maple Cabinet Lite,Furniture,359
Fjord Console Table Pro,Furniture,617
Quartz Laptop Max,Electronics,2157
Beacon Footrest Lite,Furniture,132
Pioneer Laptop 100,Electronics,1630
Indigo Keyboard S2,Electronics,183
Aurora Reception Desk Pro,Furniture,1463
Nimbus Graphics Card 100,Electronics,359
Fjord Whiteboard 100,Furniture,107
Zenith Label Printer 100,Electronics,123
Umber Keyboard Plus,Electronics,125
Aurora Dining Table X,Furniture,354
Tundra Nightstand 300,Furniture,221
Aurora Smartphone Max,Electronics,869
Basalt USB Hub Max,Electronics,43
Umber Cabinet Lite,Furniture,406
Granite Bar Stool Pro,Furniture,252
Meridian Drawer Unit Lite,Furniture,412
Yarrow Lounge Chair 200,Furniture,466
Delta Meeting Table 300,Furniture,1611
Harbor NAS Enclosure 200,Electronics,1025
Meridian Webcam 300,Electronics,42
Helio Bookshelf Max,Furniture,308
Zephyr Headphones Pro,Electronics,309
Rowan Whiteboard X,Furniture,45
Ridge Sofa Pro,Furniture,845
Fjord Printer 300,Electronics,577
Cedar UPS Battery S2,Electronics,115
Tundra Dining Table Pro,Furniture,1000
Verdant Mouse 300,Electronics,29
Cobalt Smartwatch S2,Electronics,558
Meridian Laptop S1,Electronics,1160
Quill NAS Enclosure 300,Electronics,905
Kestrel Smartwatch 200,Electronics,377
Willow Coffee Table 200,Furniture,473
Juniper Filing Cabinet Pro,Furniture,520
Meridian UPS Battery S2,Electronics,292
Slate Microphone S1,Electronics,208
Willow Dining Table Lite,Furniture,1198
Orion Mouse Lite,Electronics,43
Umber Laptop 100,Electronics,2056
Quill Meeting Table Lite,Furniture,849
Meridian Speaker Max,Electronics,395
Harbor Lounge Chair S2,Furniture,338
Zephyr Office Lamp 200,Furniture,154
Larch Meeting Table S2,Furniture,577
Maple Dining Table S1,Furniture,981
Ridge Graphics Tablet Lite,Electronics,94
Zenith Bar Stool 300,Furniture,102
Helio Conference Camera Plus,Electronics,638
Meridian Smartwatch S1,Electronics,147
Juniper Monitor Stand S1,Furniture,29
Kestrel Wireless Presenter 100,Electronics,63
Xenon Graphics Card 100,Electronics,1061
Indigo Keyboard 100,Electronics,125
Granite Desk Plus,Furniture,378
Verdant TV Stand 300,Furniture,133
Rowan Room Divider 300,Furniture,221
Fjord Power Bank Lite,Electronics,120
Ridge Docking Station 300,Electronics,329
Nova Dresser Lite,Furniture,205
Beacon Standing Desk Plus,Furniture,329
Cedar Storage Cube Plus,Furniture,40
Ridge Microphone Max,Electronics,416
Xenon Drawer Unit 300,Furniture,88
Juniper Side Table Max,Furniture,213
Cedar Whiteboard Pro,Furniture,221
Beacon Bookshelf Pro,Furniture,279
Verdant Monitor Stand X,Furniture,153
Harbor UPS Battery S1,Electronics,499
Zephyr Graphics Card Pro,Electronics,225
Vertex Lounge Chair S2,Furniture,296
Pioneer Filing Cabinet Pro,Furniture,345
Willow Docking Station Max,Electronics,157
Xenon Standing Desk 300,Furniture,1328
Kestrel Monitor Stand S2,Furniture,191
Nova Conference Camera S2,Electronics,414
Pioneer Speaker Lite,Electronics,239
Yarrow Office Lamp Pro,Furniture,34
Beacon Console Table Max,Furniture,426
Slate Filing Cabinet 300,Furniture,135
Umber Microphone S1,Electronics,87
Zenith Dining Table S1,Furniture,852
Helio Recliner Lite,Furniture,1548
Orion Speaker 100,Electronics,180
Pioneer Label Printer X,Electronics,200
Pioneer Graphics Card 300,Electronics,753
Atlas Coffee Table Pro,Furniture,279
Tundra Whiteboard 300,Furniture,244
Nimbus Conference Camera 300,Electronics,234
Larch Wireless Presenter Plus,Electronics,82
Rowan Monitor Stand 300,Furniture,152
Lumen Filing Cabinet 200,Furniture,395
Atlas Speaker S2,Electronics,198
Cobalt Docking Station S2,Electronics,272
Meridian Bench 100,Furniture,96
Aster Standing Desk Lite,Furniture,653
Tundra Chair Plus,Furniture,396
Orion Label Printer Max,Electronics,164
Lumen Printer Lite,Electronics,570
Juniper Scanner Lite,Electronics,403
Tundra External HDD 200,Electronics,101
Lumen Printer 100,Electronics,265
Orion Cabinet Lite,Furniture,820
Quill Tablet Max,Electronics,422
Meridian Printer S1,Electronics,482
Verdant Meeting Table X,Furniture,1094
Pioneer Smartwatch Plus,Electronics,648
Ridge Console Table Lite,Furniture,587
Slate Power Bank S1,Electronics,33
Kestrel Side Table S2,Furniture,151
Beacon Filing Cabinet Plus,Furniture,514
Beacon Laptop Max,Electronics,896
Ridge Storage Cube X,Furniture,152
Fjord Printer 100,Electronics,234
Maple Whiteboard 300,Furniture,342
Verdant Coffee Table Plus,Furniture,210
Zenith Monitor Stand Pro,Furniture,124
Nimbus TV Stand Max,Furniture,239
Helio Barcode Scanner X,Electronics,195
Indigo Office Lamp S2,Furniture,170
Aurora Headphones 300,Electronics,243
Ridge Nightstand Plus,Furniture,183
Ember Lounge Chair S2,Furniture,665
Umber Webcam S1,Electronics,113
Cedar Bench 200,Furniture,430
Granite Conference Camera Plus,Electronics,670
Fjord SSD Drive 300,Electronics,444
Indigo Reception Desk 200,Furniture,1026
Umber Console Table S1,Furniture,259
Vertex Side Table S2,Furniture,121
Cedar Smartwatch 200,Electronics,204
Atlas Coffee Table 300,Furniture,300
Aurora Dining Table 300,Furniture,1207
Summit Sofa S1,Furniture,2048
Orion SSD Drive 300,Electronics,563
Willow NAS Enclosure Max,Electronics,306
Ember Sofa Plus,Furniture,1338
Juniper Tablet Pro,Electronics,434
Larch Console Table Plus,Furniture,234
Meridian Laptop Lite,Electronics,1690
Tundra Smartphone S1,Electronics,677
Pioneer Nightstand 200,Furniture,200
Maple Lounge Chair 200,Furniture,910
Pioneer Headphones S1,Electronics,156
Slate Network Switch S1,Electronics,494
Atlas Console Table 300,Furniture,112
Fjord Webcam X,Electronics,173
Helio Cabinet S2,Furniture,508
Ridge Smartwatch 100,Electronics,545
Orion Scanner Lite,Electronics,408
Tundra Cabinet Plus,Furniture,573
Ember Smartphone Plus,Electronics,694
Aster Capture Card 300,Electronics,299
Larch Coffee Table S1,Furniture,87
Atlas External HDD Max,Electronics,87
Kestrel Barcode Scanner 200,Electronics,428
Aster Dining Table Pro,Furniture,453
Helio Tablet Plus,Electronics,1151
Cobalt UPS Battery Pro,Electronics,604
Willow Desk S1,Furniture,726
Cobalt Graphics Card S1,Electronics,456
Fjord Network Switch S2,Electronics,219
Juniper Docking Station 100,Electronics,326
Pioneer Room Divider X,Furniture,489
Ember Power Bank Pro,Electronics,82
Ember Room Divider Lite,Furniture,191
Zephyr TV Stand Max,Furniture,395
Summit Recliner Lite,Furniture,1194
Aurora TV Stand Plus,Furniture,351
Nova Mouse 300,Electronics,40
Ridge Smartphone S2,Electronics,561
Slate Footrest S1,Furniture,98
Rowan Power Bank S2,Electronics,95
Zephyr Graphics Card 300,Electronics,1013
Harbor Power Bank Lite,Electronics,50
Yarrow Drawer Unit Pro,Furniture,302
Cobalt Side Table 300,Furniture,153
Kestrel Coffee Table S2,Furniture,462
Pioneer Laptop 200,Electronics,1557
Granite Lounge Chair Lite,Furniture,561
Pioneer Monitor Max,Electronics,474
Yarrow Chair 300,Furniture,402
Nimbus Footrest Plus,Furniture,50
Onyx Smartphone Lite,Electronics,1449
Juniper Meeting Table X,Furniture,1593
Helio Wireless Presenter S1,Electronics,45
Beacon Network Switch 100,Electronics,233
Quill Console Table X,Furniture,300
Yarrow Network Switch Max,Electronics,54
Larch Recliner S1,Furniture,427
Zenith Footrest Lite,Furniture,105
Zephyr Monitor Max,Electronics,405
Nimbus Cabinet Max,Furniture,720
Beacon Mouse S2,Electronics,76
Yarrow Laptop Max,Electronics,1395
Umber Side Table Plus,Furniture,240
Larch Webcam X,Electronics,58
Indigo Coffee Table S2,Furniture,331
Lumen Smartphone Plus,Electronics,1029
Aurora Coffee Table 100,Furniture,398
Xenon Room Divider Max,Furniture,432
Zenith Room Divider Max,Furniture,379
Tundra Cabinet S1,Furniture,159
Fjord Room Divider Lite,Furniture,129
Ridge UPS Battery Pro,Electronics,391
Aurora Router 300,Electronics,162
Verdant Graphics Card X,Electronics,328
Tundra NAS Enclosure Max,Electronics,886
Aurora Monitor Stand X,Furniture,60
Umber Footrest Plus,Furniture,110
Nova Speaker X,Electronics,193
Onyx TV Stand Lite,Furniture,510
Fjord Label Printer X,Electronics,329
Ridge Monitor 200,Electronics,882
Aster Cabinet S1,Furniture,582
Delta SSD Drive Max,Electronics,317
Ember Sofa X,Furniture,1471
Meridian Drawer Unit Plus,Furniture,213
Aster USB Hub Max,Electronics,38
Quartz Office Lamp S1,Furniture,137
Umber SSD Drive 100,Electronics,595
Indigo Power Bank X,Electronics,129
Zenith Graphics Tablet 200,Electronics,352
Fjord External HDD S2,Electronics,158
Umber Mouse Plus,Electronics,35
Pioneer Headphones Pro,Electronics,189
Rowan Microphone Max,Electronics,152
Aster Microphone S2,Electronics,121
Aurora Bookshelf Plus,Furniture,485
Zenith UPS Battery Lite,Electronics,310
Pioneer Bookshelf S1,Furniture,202
Granite Wireless Presenter Plus,Electronics,52
Maple Drawer Unit Plus,Furniture,345
Slate Laptop S2,Electronics,1665
Slate Power Bank Plus,Electronics,38
Kestrel Headphones Plus,Electronics,276
Nimbus Network Switch 200,Electronics,349
Lumen Meeting Table 200,Furniture,1860
Aster Conference Camera 300,Electronics,1100
Quill Cabinet Max,Furniture,818
Slate Whiteboard S1,Furniture,122
Xenon Graphics Tablet Plus,Electronics,586
Atlas External HDD Plus,Electronics,229
Umber Projector S1,Electronics,869
Yarrow Reception Desk Max,Furniture,661
Lumen Console Table Plus,Furniture,345
Summit Tablet 200,Electronics,1275
Pioneer Microphone 100,Electronics,190
Nimbus Dining Table S2,Furniture,687
Helio Office Lamp S2,Furniture,117
Cobalt Footrest X,Furniture,165
Larch Keyboard Pro,Electronics,56
Orion Capture Card Plus,Electronics,449
Aster Capture Card 100,Electronics,386
Summit Desk S2,Furniture,726
Slate Drawer Unit Lite,Furniture,275
Onyx Bookshelf S2,Furniture,512
Cobalt Wardrobe 300,Furniture,1147
Onyx Laptop Lite,Electronics,2269
Delta Conference Chair S2,Furniture,617
Summit Nightstand 100,Furniture,178
Umber Laptop Plus,Electronics,1678
Meridian Monitor Stand 200,Furniture,130
Delta Dresser Pro,Furniture,879
Beacon Lounge Chair X,Furniture,331
Summit NAS Enclosure 100,Electronics,672
Kestrel Label Printer Lite,Electronics,315
Slate Filing Cabinet 200,Furniture,264
Ridge NAS Enclosure Max,Electronics,462
Nova Bench 200,Furniture,183
Kestrel Smartphone Plus,Electronics,968
Aster Recliner Plus,Furniture,451
Basalt Docking Station Lite,Electronics,323
Quill Bookshelf 100,Furniture,153
Atlas Smartwatch S2,Electronics,390
Nimbus Recliner Lite,Furniture,919
Kestrel Wireless Presenter 200,Electronics,94
Maple Bookshelf X,Furniture,377
Indigo Dining Table Lite,Furniture,669
Quill Filing Cabinet 100,Furniture,408
Orion Tablet Pro,Electronics,482
Maple Microphone X,Electronics,120
Cobalt NAS Enclosure S2,Electronics,1079
Zenith Graphics Tablet Plus,Electronics,797
Indigo Recliner Max,Furniture,465
Xenon SSD Drive S1,Electronics,335
Cobalt Laptop 300,Electronics,1875
Verdant Shoe Rack Max,Furniture,207
Willow USB Hub 300,Electronics,74
Ember Power Bank X,Electronics,97
Harbor Printer Lite,Electronics,213
Verdant Graphics Tablet X,Electronics,883
Basalt Console Table Pro,Furniture,155
Nova External HDD Plus,Electronics,268
Delta Headphones Lite,Electronics,130
Nova Standing Desk X,Furniture,1176
Larch Microphone Max,Electronics,207
Yarrow Sofa X,Furniture,1319
Harbor Console Table S2,Furniture,476
Cedar Conference Chair 200,Furniture,466
Rowan Storage Cube S1,Furniture,118
Fjord Filing Cabinet Lite,Furniture,352
Onyx Monitor S2,Electronics,462
Ember Filing Cabinet 100,Furniture,194
Aster Mouse 100,Electronics,50
Willow Side Table X,Furniture,159
Lumen Projector Max,Electronics,1780
Aster Tablet Pro,Electronics,588
Orion Cabinet S2,Furniture,597
Ember Recliner S1,Furniture,666
Kestrel Scanner 100,Electronics,158
Meridian SSD Drive X,Electronics,475
Summit Webcam Pro,Electronics,112
Umber External HDD S1,Electronics,228
Rowan Wardrobe Plus,Furniture,1139
Cedar Webcam Max,Electronics,151
Kestrel Drawer Unit 300,Furniture,352
Cobalt Monitor Stand 100,Furniture,118
Zephyr Side Table S2,Furniture,223
Beacon Tablet X,Electronics,309
Xenon Filing Cabinet Max,Furniture,429
Onyx Mouse Pro,Electronics,73
Yarrow Wireless Presenter Plus,Electronics,108
Delta Drawer Unit 100,Furniture,226
Onyx Wireless Presenter Pro,Electronics,118
Larch Speaker Max,Electronics,187
Indigo Standing Desk S2,Furniture,1293
Orion Network Switch Max,Electronics,334
Indigo Graphics Card S2,Electronics,569
Xenon Standing Desk 200,Furniture,1253
Rowan Capture Card S1,Electronics,373
Tundra SSD Drive 300,Electronics,264
Granite External HDD Max,Electronics,243
Nova Scanner 200,Electronics,316
Tundra Label Printer Pro,Electronics,342
Meridian Projector 100,Electronics,1876
Juniper Meeting Table 300,Furniture,1067
Fjord Router 200,Electronics,156
Beacon Chair S1,Furniture,233
Cedar Footrest S2,Furniture,100
Quill Network Switch S2,Electronics,178
Verdant Wireless Presenter X,Electronics,58
Harbor Docking Station X,Electronics,134
Slate Scanner S2,Electronics,393
Rowan Scanner Lite,Electronics,358
Juniper Chair 200,Furniture,599
Willow Wireless Presenter Max,Electronics,60
Cobalt Office Lamp Pro,Furniture,156
Ember Docking Station S2,Electronics,314
Maple Lounge Chair Max,Furniture,668
Zephyr Projector 300,Electronics,1078
Quartz Barcode Scanner S2,Electronics,341
Aurora Graphics Card Lite,Electronics,1314
Fjord Power Bank X,Electronics,60
Ember Room Divider Max,Furniture,173
Nova Reception Desk 200,Furniture,658
Onyx Filing Cabinet S1,Furniture,487
Ridge Capture Card 200,Electronics,333
Cedar Tablet 200,Electronics,851
Helio Headphones 100,Electronics,345
Zenith Whiteboard Lite,Furniture,341
Ridge Label Printer Plus,Electronics,351
Rowan USB Hub S2,Electronics,91
Summit Meeting Table 200,Furniture,1573
Quartz Nightstand 200,Furniture,50
Pioneer Speaker Max,Electronics,441
Xenon Shoe Rack Max,Furniture,63
Rowan Nightstand Plus,Furniture,136
Cedar Filing Cabinet Pro,Furniture,206
Larch Barcode Scanner 100,Electronics,410
Lumen Bookshelf Pro,Furniture,93
Yarrow Bench Plus,Furniture,334
Fjord Reception Desk Plus,Furniture,700
Maple Docking Station 100,Electronics,144
Juniper Chair 100,Furniture,286
Basalt Bench Max,Furniture,358
Ember Bookshelf S1,Furniture,258
Ember TV Stand 300,Furniture,147
Verdant Power Bank 100,Electronics,24
Quartz Office Lamp Lite,Furniture,39
Slate Smartwatch Pro,Electronics,486
Basalt Side Table Plus,Furniture,164
Basalt Console Table 300,Furniture,574
Basalt Office Lamp S2,Furniture,81
Beacon Bench Lite,Furniture,343
Indigo Graphics Tablet Lite,Electronics,493
Summit Chair Lite,Furniture,310
Helio SSD Drive 300,Electronics,528
Granite Scanner X,Electronics,270
Basalt UPS Battery S2,Electronics,691
Summit Shoe Rack X,Furniture,70
Harbor Shoe Rack S1,Furniture,36
Zenith Graphics Card Max,Electronics,911
Willow Laptop Lite,Electronics,2395
Tundra Barcode Scanner S2,Electronics,276
Helio Recliner S2,Furniture,871
Tundra Scanner S1,Electronics,611
Ember Desk Pro,Furniture,712
Indigo Reception Desk S2,Furniture,2014
Ridge Printer S1,Electronics,91
Zenith Dresser 100,Furniture,491
Larch Label Printer S2,Electronics,377
Rowan Keyboard X,Electronics,92
Larch Wireless Presenter S1,Electronics,72
Ridge Coffee Table S2,Furniture,223
Kestrel SSD Drive S2,Electronics,492
Maple Dresser Lite,Furniture,373
Vertex Whiteboard Lite,Furniture,231
Harbor Office Lamp Lite,Furniture,82
Helio Desk S1,Furniture,187
Cedar UPS Battery S1,Electronics,593
Larch SSD Drive Plus,Electronics,368
Verdant Router Lite,Electronics,272
Fjord Console Table 300,Furniture,449
Basalt Recliner 300,Furniture,1186
Indigo Conference Chair Plus,Furniture,414
Aurora Drawer Unit S2,Furniture,80
Cedar Sofa Lite,Furniture,1569
Larch Headphones S2,Electronics,227
Granite Conference Camera S2,Electronics,821
Lumen Docking Station 100,Electronics,325
Larch Graphics Card S1,Electronics,1285
Ridge Drawer Unit Plus,Furniture,290
Atlas TV Stand X,Furniture,273
Ridge Tablet Pro,Electronics,1061
Aurora Console Table Plus,Furniture,577
Rowan Meeting Table Plus,Furniture,1381
Indigo Coffee Table 300,Furniture,182
Delta Projector Plus,Electronics,1130
Lumen USB Hub Lite,Electronics,72
Cobalt Conference Chair X,Furniture,243
Kestrel Scanner X,Electronics,413
Quill Nightstand Lite,Furniture,54
Atlas Laptop Plus,Electronics,2076
Indigo Graphics Tablet 200,Electronics,354
Juniper Filing Cabinet S1,Furniture,193
Quartz Graphics Tablet Pro,Electronics,151
Aster TV Stand Lite,Furniture,490
Juniper Laptop Lite,Electronics,1922
Verdant Filing Cabinet Lite,Furniture,430
Harbor Conference Chair 200,Furniture,345
Aurora Barcode Scanner 100,Electronics,176
Beacon Drawer Unit 300,Furniture,155
Larch Network Switch 100,Electronics,211
Indigo Monitor Max,Electronics,762
Verdant Projector Lite,Electronics,1897
Juniper Conference Chair Max,Furniture,510
Kestrel Conference Chair X,Furniture,198
Harbor Footrest X,Furniture,180
Aster Desk 100,Furniture,822
Slate Footrest Lite,Furniture,38
Aster UPS Battery S1,Electronics,672
Pioneer Keyboard 200,Electronics,66
Juniper Headphones Pro,Electronics,261
Indigo Dining Table 100,Furniture,331
Cedar Console Table Max,Furniture,490
Willow Reception Desk 200,Furniture,690
Xenon Wireless Presenter Lite,Electronics,118
Zenith Console Table S1,Furniture,285
Onyx Conference Camera Pro,Electronics,319
Ember Printer Pro,Electronics,175
Tundra Conference Camera 100,Electronics,484
Vertex Power Bank S1,Electronics,103
Granite Monitor Plus,Electronics,552
Zenith Nightstand Pro,Furniture,257
Slate Barcode Scanner S2,Electronics,370
Aster Webcam 200,Electronics,171
Fjord Console Table Lite,Furniture,157
Harbor Keyboard Pro,Electronics,59
Ember Storage Cube 300,Furniture,97
Maple Desk Plus,Furniture,797
Larch Laptop 200,Electronics,1264
Nova Reception Desk 100,Furniture,1194
Maple Headphones Max,Electronics,367
Granite SSD Drive Plus,Electronics,87
Zephyr Webcam 100,Electronics,163
Cedar Coffee Table 100,Furniture,213
Verdant Reception Desk S1,Furniture,1150
Harbor Smartwatch S2,Electronics,419
Indigo Sofa Plus,Furniture,550
Pioneer Storage Cube Plus,Furniture,76
Rowan Microphone 200,Electronics,234
Larch Laptop Max,Electronics,1043
Cobalt Lounge Chair Max,Furniture,1018
Xenon Keyboard Lite,Electronics,120
Quartz Microphone Lite,Electronics,346
Verdant Sofa 200,Furniture,2502
Zephyr Label Printer X,Electronics,118
Orion Side Table Pro,Furniture,210
Tundra Webcam S2,Electronics,125
Willow Standing Desk Max,Furniture,836
Nimbus Side Table 100,Furniture,98
Delta Projector S1,Electronics,1766
Meridian SSD Drive S1,Electronics,525
Zephyr Conference Camera Pro,Electronics,639
Umber Side Table Lite,Furniture,251
Harbor Coffee Table 200,Furniture,267
Tundra UPS Battery Max,Electronics,375
Tundra Dresser Lite,Furniture,196
Lumen UPS Battery Lite,Electronics,327
Indigo Graphics Card X,Electronics,1222
Quill Monitor Max,Electronics,418
Tundra Meeting Table 300,Furniture,1361
Aurora Network Switch 300,Electronics,214
Granite Mouse 300,Electronics,49
Tundra NAS Enclosure 200,Electronics,309
Atlas Side Table S2,Furniture,165
Ridge Mouse Plus,Electronics,68
Delta Barcode Scanner S1,Electronics,411
Cedar Lounge Chair S2,Furniture,855
Granite Coffee Table Plus,Furniture,312
Larch Wardrobe 300,Furniture,1518
Orion USB Hub Lite,Electronics,90
Helio Monitor 300,Electronics,287
Cedar Webcam S2,Electronics,166
Cedar Office Lamp X,Furniture,172
Basalt Shoe Rack S2,Furniture,130
Xenon Smartwatch 200,Electronics,447
Lumen Wardrobe Lite,Furniture,965
Vertex Conference Camera S1,Electronics,1380
Granite Dining Table Plus,Furniture,1358
Granite Headphones Max,Electronics,47
Aster Bar Stool Pro,Furniture,218
Cedar Storage Cube Pro,Furniture,116
Fjord Filing Cabinet Pro,Furniture,123
Verdant Drawer Unit S1,Furniture,195
Granite Monitor Stand X,Furniture,121
Beacon Standing Desk 300,Furniture,468
Basalt Smartwatch Lite,Electronics,590
Quartz Coffee Table 300,Furniture,205
Basalt Graphics Tablet 200,Electronics,397
Aurora Network Switch Pro,Electronics,255
Summit Desk 200,Furniture,424
Fjord External HDD 300,Electronics,242
Pioneer Bookshelf 200,Furniture,356
Zephyr Smartwatch Max,Electronics,492
Juniper UPS Battery Max,Electronics,759
Delta NAS Enclosure Pro,Electronics,218
Cobalt Side Table S2,Furniture,197
Vertex Monitor 200,Electronics,177
Helio Monitor S2,Electronics,151
Quartz Microphone X,Electronics,46
Quartz Monitor Stand Pro,Furniture,72
Umber Dresser S1,Furniture,824
Quartz Dresser 100,Furniture,417
Ember USB Hub 300,Electronics,61
Quartz USB Hub 100,Electronics,49
Umber Monitor Stand 200,Furniture,157
Vertex Microphone Lite,Electronics,461
Summit Conference Camera 300,Electronics,394
Zenith Barcode Scanner Max,Electronics,298
Harbor Laptop 100,Electronics,2111
Umber Scanner Plus,Electronics,217
Basalt NAS Enclosure Max,Electronics,1099
Harbor Whiteboard Lite,Furniture,219
Quill Whiteboard Pro,Furniture,118
Orion Monitor S1,Electronics,192
Cobalt Mouse S2,Electronics,48
Ember Standing Desk Pro,Furniture,549
Cedar Printer Plus,Electronics,310
Larch Wireless Presenter Max,Electronics,104
Ember Barcode Scanner S1,Electronics,321
Yarrow Wardrobe 200,Furniture,1575
Kestrel Smartwatch X,Electronics,107
Aster Office Lamp S1,Furniture,36
Cobalt Conference Chair Lite,Furniture,218
Rowan Graphics Tablet 100,Electronics,880
Lumen Monitor Stand S1,Furniture,99
Maple Speaker Pro,Electronics,320
Ridge SSD Drive Plus,Electronics,495
Beacon Scanner 300,Electronics,405
Ember Speaker Pro,Electronics,400
Quill Capture Card S2,Electronics,156
Verdant Projector Pro,Electronics,1370
Willow Console Table S1,Furniture,145
Cobalt Network Switch 300,Electronics,262
Juniper Chair Lite,Furniture,393
Meridian Coffee Table X,Furniture,184
Meridian Cabinet 100,Furniture,364
Basalt Footrest X,Furniture,41
Onyx Side Table S2,Furniture,215
Zephyr Headphones X,Electronics,322
Maple Footrest Max,Furniture,151
Granite Sofa Plus,Furniture,2031
Umber Power Bank S2,Electronics,107
Kestrel Bench S2,Furniture,78
Kestrel Whiteboard Plus,Furniture,380
Basalt Office Lamp S1,Furniture,113
Indigo Router Max,Electronics,44
Aster Reception Desk Max,Furniture,2056
Zenith Speaker Plus,Electronics,66
Zenith Sofa 300,Furniture,1287
Juniper Smartwatch S2,Electronics,243
Ridge Graphics Card Lite,Electronics,1429
Orion Headphones 200,Electronics,246
Tundra Smartwatch Plus,Electronics,108
Summit Bench Lite,Furniture,339
Aurora Footrest 100,Furniture,175
Tundra Keyboard Plus,Electronics,25
Summit Storage Cube Pro,Furniture,159
Kestrel Monitor Pro,Electronics,470
Atlas Drawer Unit 300,Furniture,290
Maple Meeting Table X,Furniture,695
Ember Shoe Rack Pro,Furniture,165
Cedar Side Table X,Furniture,196
Verdant Monitor Plus,Electronics,793
Basalt Cabinet 200,Furniture,415
Zephyr Monitor Stand S1,Furniture,56
Granite Wardrobe 200,Furniture,1345
Atlas Nightstand X,Furniture,57
Orion Reception Desk 300,Furniture,981
Beacon SSD Drive Lite,Electronics,235
Harbor Webcam 200,Electronics,150
Maple Desk X,Furniture,238
Zenith Wardrobe X,Furniture,824
Rowan Laptop X,Electronics,773
Cedar Desk Lite,Furniture,810
Zenith Graphics Tablet S1,Electronics,756
Delta USB Hub Lite,Electronics,33
Maple NAS Enclosure 100,Electronics,604
Aurora Microphone 300,Electronics,283
Willow Monitor Stand S1,Furniture,191
Cedar Office Lamp S1,Furniture,79
Willow Wireless Presenter 300,Electronics,118
Basalt Drawer Unit S2,Furniture,404
Quill Recliner X,Furniture,983
Verdant Graphics Tablet S1,Electronics,727
Maple Wardrobe S2,Furniture,935
Onyx Dining Table X,Furniture,540
Slate Sofa Lite,Furniture,448
Maple Barcode Scanner 300,Electronics,410
Aurora Office Lamp X,Furniture,175
Yarrow Whiteboard 300,Furniture,377
Basalt Tablet Lite,Electronics,1108
Vertex Dresser Plus,Furniture,201
Ridge Side Table 100,Furniture,126
Vertex Monitor Stand 200,Furniture,131
Ridge Power Bank Lite,Electronics,67
Aurora Wardrobe Plus,Furniture,1599
Cobalt Keyboard 300,Electronics,72
Kestrel Monitor Lite,Electronics,881
Tundra Webcam 300,Electronics,37
Pioneer SSD Drive Plus,Electronics,73
Nimbus Console Table 100,Furniture,517
Lumen Monitor Plus,Electronics,473
Quartz Printer 200,Electronics,671
Nimbus Graphics Tablet Max,Electronics,700
Beacon Recliner X,Furniture,353
Basalt SSD Drive Lite,Electronics,189
Delta Projector Max,Electronics,662
Pioneer Filing Cabinet S1,Furniture,385
Delta Capture Card S1,Electronics,115
Nimbus Network Switch S1,Electronics,449
Fjord Reception Desk X,Furniture,1216
Orion Lounge Chair 300,Furniture,1078
Orion Conference Camera X,Electronics,1039
Verdant Console Table Lite,Furniture,304
Zenith External HDD Plus,Electronics,289
Aurora Dresser X,Furniture,619
Rowan Barcode Scanner Pro,Electronics,432
Ember Nightstand S2,Furniture,109
Aurora Smartwatch Pro,Electronics,577
Pioneer Console Table Pro,Furniture,575
Beacon Filing Cabinet S2,Furniture,473
Slate Nightstand S2,Furniture,120
Harbor Graphics Card X,Electronics,1213
Zenith Speaker 100,Electronics,261
Fjord Coffee Table S2,Furniture,302
Xenon Power Bank 200,Electronics,126
Aster Footrest 100,Furniture,87
Kestrel Dresser X,Furniture,413
Zenith Keyboard X,Electronics,115
Nimbus Side Table S1,Furniture,222
Fjord Filing Cabinet 100,Furniture,148
Willow Barcode Scanner 100,Electronics,354
Willow Bar Stool Plus,Furniture,179
Beacon Laptop 100,Electronics,869
Willow Bar Stool Pro,Furniture,300
Juniper Side Table 200,Furniture,56
Onyx Reception Desk S2,Furniture,854
Pioneer Filing Cabinet 200,Furniture,366
Nimbus Docking Station S1,Electronics,277
Fjord Dining Table 100,Furniture,243
Delta Coffee Table X,Furniture,278
Maple Wireless Presenter X,Electronics,34
Xenon Microphone Plus,Electronics,130
Zenith Coffee Table S1,Furniture,305
Aster Graphics Card Max,Electronics,1781
Atlas Graphics Card Plus,Electronics,413
Atlas NAS Enclosure S1,Electronics,213
Delta Graphics Card X,Electronics,1078
Indigo Sofa Max,Furniture,2292
Maple Storage Cube X,Furniture,75
Beacon Filing Cabinet Max,Furniture,266
Fjord Smartwatch 300,Electronics,716
Pioneer Chair X,Furniture,95
Slate Nightstand Plus,Furniture,120
Verdant Graphics Tablet Lite,Electronics,287
Yarrow Dresser 300,Furniture,727
Atlas Projector Max,Electronics,1004
Xenon Sofa S1,Furniture,1007
Quartz TV Stand 200,Furniture,424
Summit Standing Desk Lite,Furniture,1313
Indigo Webcam Max,Electronics,175
Ember USB Hub X,Electronics,88
Meridian Lounge Chair S1,Furniture,798
Orion Side Table Lite,Furniture,175
Xenon Capture Card S1,Electronics,411
Juniper Dresser S2,Furniture,238
Larch Cabinet 200,Furniture,138
Ridge Printer 300,Electronics,157
Vertex Standing Desk Pro,Furniture,1109
Maple Whiteboard X,Furniture,235
Rowan Graphics Tablet Pro,Electronics,843
Harbor Wardrobe S2,Furniture,1176
Xenon Barcode Scanner Max,Electronics,317
Beacon Label Printer Plus,Electronics,66
Aster Wireless Presenter Max,Electronics,78
Ember Power Bank 100,Electronics,99
Helio Capture Card Plus,Electronics,305
Yarrow Conference Chair Pro,Furniture,503
Pioneer Headphones S2,Electronics,114
Lumen Standing Desk X,Furniture,872
Willow Sofa 100,Furniture,1854
Slate Webcam Max,Electronics,144
Granite Tablet 300,Electronics,1053
Fjord Chair 100,Furniture,153
Zephyr Nightstand Lite,Furniture,246
Cobalt Room Divider X,Furniture,154
Beacon Conference Chair Plus,Furniture,246
Lumen Side Table Lite,Furniture,213
Ridge Sofa Plus,Furniture,1546
Kestrel Projector S1,Electronics,464
Nova Microphone Pro,Electronics,119
Orion Drawer Unit S2,Furniture,328
Delta Side Table Max,Furniture,67
Verdant Bookshelf S2,Furniture,305
Ridge Projector Lite,Electronics,693
Harbor Cabinet Plus,Furniture,344
Verdant Office Lamp S2,Furniture,103
Ridge Docking Station X,Electronics,152
Atlas Dining Table X,Furniture,1388
Willow Nightstand S1,Furniture,284
Pioneer Standing Desk S1,Furniture,740
Zephyr Shoe Rack S1,Furniture,87
Meridian External HDD Lite,Electronics,144
Helio Room Divider Pro,Furniture,135
Maple Recliner Lite,Furniture,1192
Basalt UPS Battery Max,Electronics,217
Meridian Wireless Presenter Lite,Electronics,105
Nimbus Keyboard Max,Electronics,186
Maple Mouse S1,Electronics,81
Fjord Chair S1,Furniture,429
Fjord Laptop Pro,Electronics,2157
Juniper Projector S1,Electronics,492
Quill Microphone S1,Electronics,47
Indigo Conference Camera Lite,Electronics,1016
Ridge Smartphone 300,Electronics,833
Cobalt Headphones S1,Electronics,259
Summit Whiteboard X,Furniture,41
Slate Whiteboard Plus,Furniture,264
Helio Printer X,Electronics,280
Quill External HDD S2,Electronics,315
Onyx Dresser 200,Furniture,235
Nova Shoe Rack Lite,Furniture,147
Orion Side Table Plus,Furniture,106
Xenon Laptop Pro,Electronics,853
Nimbus Reception Desk 100,Furniture,2198
Maple Monitor S2,Electronics,179
Pioneer Recliner X,Furniture,1064
Harbor Smartphone Pro,Electronics,811
Yarrow Keyboard Lite,Electronics,161
Slate Coffee Table S1,Furniture,230
Quill Office Lamp Pro,Furniture,109
Tundra Bench S1,Furniture,408
Nimbus Label Printer Pro,Electronics,239
Granite Filing Cabinet X,Furniture,194
Slate Office Lamp S1,Furniture,65
Summit Bench S1,Furniture,130
Fjord Footrest Plus,Furniture,34
Basalt Room Divider Lite,Furniture,512
Nimbus Coffee Table Lite,Furniture,475
Tundra Printer Pro,Electronics,252
Pioneer Coffee Table S1,Furniture,113
Zenith Lounge Chair Max,Furniture,662
Juniper Laptop Pro,Electronics,1563
Basalt Headphones Plus,Electronics,256
Cobalt Headphones Lite,Electronics,269
Verdant External HDD X,Electronics,147
Quill Footrest 300,Furniture,164
Aster Bench 100,Furniture,94
Kestrel USB Hub 100,Electronics,45
Beacon Cabinet 100,Furniture,490
Cobalt Bar Stool 200,Furniture,79
Ridge Monitor Stand 200,Furniture,77
Helio Printer S2,Electronics,182
Vertex Projector S1,Electronics,808
Cobalt Lounge Chair 200,Furniture,479
Vertex Reception Desk Lite,Furniture,1448
Yarrow Router 300,Electronics,329
Larch Capture Card Lite,Electronics,424
Fjord Sofa 100,Furniture,1260
Basalt Power Bank 100,Electronics,86
Nova Shoe Rack Pro,Furniture,157
Ridge Coffee Table 200,Furniture,75
Larch Office Lamp 200,Furniture,128
Yarrow Network Switch Plus,Electronics,313
Onyx Graphics Card S2,Electronics,482
Orion Smartphone X,Electronics,865
Ember Footrest Pro,Furniture,96
Tundra Whiteboard Plus,Furniture,368
Lumen Mouse X,Electronics,47
Meridian Dresser 300,Furniture,896
Zenith Meeting Table 200,Furniture,508
Zenith Wardrobe 300,Furniture,732
Juniper Drawer Unit 200,Furniture,387
Helio Projector Max,Electronics,942
Harbor Monitor Stand 300,Furniture,118
Aster Barcode Scanner Lite,Electronics,167
Meridian UPS Battery 300,Electronics,136
Cobalt Smartphone S2,Electronics,1462
Rowan Projector Max,Electronics,389
Willow Storage Cube Max,Furniture,116
Ridge SSD Drive S2,Electronics,311
Maple USB Hub Lite,Electronics,58
Delta Standing Desk S2,Furniture,1169
Harbor Laptop Lite,Electronics,1077
Aster USB Hub S2,Electronics,34
Nova Router 300,Electronics,333
Umber Monitor Stand S2,Furniture,194
Larch Desk 200,Furniture,363
Fjord UPS Battery 100,Electronics,263
Aurora NAS Enclosure X,Electronics,379
Willow Webcam S2,Electronics,49
Cedar Wardrobe 200,Furniture,579
Willow USB Hub Lite,Electronics,56
Quill Printer 100,Electronics,311
Rowan Whiteboard 300,Furniture,342
Atlas Smartphone 200,Electronics,1366
Onyx Network Switch S2,Electronics,125
Onyx Conference Chair S1,Furniture,485
Granite Conference Chair X,Furniture,179
Onyx Keyboard 100,Electronics,68
Helio UPS Battery 100,Electronics,569
Lumen Network Switch Max,Electronics,374
Indigo Smartphone Lite,Electronics,734
Delta Coffee Table Max,Furniture,385
Nimbus Dining Table Lite,Furniture,1125
Aster Monitor Stand 300,Furniture,49
Onyx Headphones Max,Electronics,209
Granite Storage Cube Max,Furniture,118
Umber Scanner 100,Electronics,594
Vertex Dining Table X,Furniture,446
Rowan External HDD S1,Electronics,182
Pioneer Sofa Lite,Furniture,1983
Aster Graphics Card Plus,Electronics,918
Indigo Office Lamp X,Furniture,23
Xenon Side Table Plus,Furniture,72
Pioneer SSD Drive Lite,Electronics,443
Helio Smartwatch Pro,Electronics,446
Aster Nightstand Lite,Furniture,284
Ridge Room Divider 100,Furniture,272
Beacon Whiteboard Plus,Furniture,242
Yarrow Monitor 100,Electronics,615
Kestrel Dresser Plus,Furniture,663
Harbor Side Table S1,Furniture,158
Beacon Keyboard X,Electronics,187
Delta Headphones S2,Electronics,391
Indigo Graphics Tablet 100,Electronics,196
Rowan Laptop 200,Electronics,1563
Xenon Router Pro,Electronics,177
Quartz Bar Stool Max,Furniture,223
Helio Docking Station Lite,Electronics,281
Helio Drawer Unit 100,Furniture,176
Atlas Monitor 300,Electronics,597
Zenith Smartwatch 200,Electronics,565
Beacon Graphics Tablet Plus,Electronics,232
Helio Filing Cabinet S2,Furniture,282
Aurora Nightstand S2,Furniture,259
Summit Room Divider 100,Furniture,403
Zephyr Power Bank X,Electronics,28
Granite Projector 100,Electronics,660
Juniper Room Divider Lite,Furniture,444
Yarrow Wardrobe X,Furniture,1054
Delta Chair 300,Furniture,173
Ridge SSD Drive S1,Electronics,595
Nimbus Graphics Card Lite,Electronics,1198
Harbor Projector Plus,Electronics,367
Delta Label Printer Pro,Electronics,340
Ember Monitor Pro,Electronics,331
Helio Monitor S1,Electronics,884
Nova TV Stand X,Furniture,244
Cobalt Network Switch S2,Electronics,120
Aurora Power Bank Lite,Electronics,111
Lumen Reception Desk 300,Furniture,2022
Helio SSD Drive S1,Electronics,443
Quill Laptop Lite,Electronics,1382
Willow Smartphone S2,Electronics,1195
Xenon Graphics Card Plus,Electronics,690
Aster Chair Lite,Furniture,324
Fjord Filing Cabinet Max,Furniture,297
Granite Headphones 300,Electronics,47
Cedar Router Lite,Electronics,240
Delta Graphics Card Lite,Electronics,746
Xenon Footrest Max,Furniture,153
Nimbus Speaker X,Electronics,211
Larch Wireless Presenter 300,Electronics,108
Indigo Bench Plus,Furniture,135
Rowan Conference Chair Plus,Furniture,640
Granite Bookshelf 300,Furniture,499
Summit Dresser Lite,Furniture,292
Nova Coffee Table Lite,Furniture,366
Quill Printer S1,Electronics,318
Nova Sofa Pro,Furniture,1597
Delta Desk S1,Furniture,734
Aster External HDD S2,Electronics,189
Fjord Chair Pro,Furniture,468
Cobalt Storage Cube 300,Furniture,68
Willow Bar Stool Max,Furniture,258
Cedar Scanner Pro,Electronics,163
Quill Printer 300,Electronics,313
Quill Recliner S2,Furniture,595
Vertex Speaker 200,Electronics,196
Indigo Router Pro,Electronics,213
Slate Filing Cabinet Plus,Furniture,287
Atlas Graphics Tablet Max,Electronics,523
Nova Conference Chair S2,Furniture,652
Pioneer Smartphone 300,Electronics,861
Umber Room Divider 300,Furniture,99
Kestrel Storage Cube Plus,Furniture,59
Cedar Laptop Max,Electronics,2005
Meridian Filing Cabinet 200,Furniture,364
Quartz Headphones S2,Electronics,324
Vertex Tablet Max,Electronics,332
Ember External HDD 300,Electronics,109
Granite Power Bank S2,Electronics,71
Indigo Laptop Pro,Electronics,1112
Delta Scanner Lite,Electronics,370
Maple Whiteboard Plus,Furniture,204
Quartz Headphones S1,Electronics,254
Orion Bookshelf 300,Furniture,230
Tundra Capture Card S2,Electronics,428
Umber Whiteboard 200,Furniture,77
Ridge Room Divider Plus,Furniture,221
Summit Footrest 200,Furniture,143
Pioneer Bookshelf 100,Furniture,499
Xenon Webcam S2,Electronics,127
Delta External HDD Plus,Electronics,133
Helio Projector S1,Electronics,1261
Delta Microphone 300,Electronics,164
Aurora Bar Stool 100,Furniture,237
Yarrow Bench Pro,Furniture,395
Basalt Speaker S1,Electronics,353
Beacon Router Pro,Electronics,272
Quartz Webcam S1,Electronics,52
Beacon Router 300,Electronics,108
Nova Microphone 300,Electronics,79
Indigo Smartphone X,Electronics,584
Tundra Sofa Pro,Furniture,626
Vertex Dining Table S1,Furniture,353
Atlas Console Table 200,Furniture,605
Zephyr Wardrobe S2,Furniture,1086
Granite Room Divider Plus,Furniture,399
Summit Conference Camera S2,Electronics,844
Umber Shoe Rack 300,Furniture,165
Nimbus External HDD Max,Electronics,186
Zephyr Microphone X,Electronics,222
Indigo Cabinet S1,Furniture,846
Quartz Recliner Plus,Furniture,1481
Granite Drawer Unit Pro,Furniture,202
Quartz Laptop Plus,Electronics,1745
Aster Cabinet Lite,Furniture,607
Lumen Recliner S1,Furniture,1278
Aurora External HDD 200,Electronics,99
Summit NAS Enclosure 200,Electronics,1057
Orion Bookshelf Pro,Furniture,414
Atlas Monitor Max,Electronics,311
Vertex Bookshelf Plus,Furniture,141
Zenith Barcode Scanner S2,Electronics,396
Cedar Storage Cube S1,Furniture,164
Basalt Projector Max,Electronics,1161
Larch Projector S2,Electronics,629
Delta Laptop Lite,Electronics,1176
Quartz TV Stand 300,Furniture,534
Basalt Footrest Max,Furniture,56
Zenith External HDD 300,Electronics,315
Kestrel Office Lamp 200,Furniture,92
Basalt Graphics Tablet Pro,Electronics,376
Ember Nightstand S1,Furniture,259
Zenith Bench 300,Furniture,205
Lumen Monitor 100,Electronics,267
Umber Bar Stool S1,Furniture,256
Umber Lounge Chair 100,Furniture,874
Meridian Smartwatch Plus,Electronics,276
Juniper Shoe Rack Max,Furniture,169
Slate Docking Station X,Electronics,82
Harbor Projector S2,Electronics,895
Verdant Barcode Scanner S2,Electronics,135
Rowan Storage Cube Plus,Furniture,142
Beacon Bench Max,Furniture,354
Willow Nightstand 200,Furniture,267
Lumen Nightstand S1,Furniture,160
Atlas Whiteboard X,Furniture,115
Atlas Laptop Max,Electronics,795
Beacon Wireless Presenter Max,Electronics,50
Willow Desk Plus,Furniture,453
Onyx Graphics Card Lite,Electronics,390
Willow Filing Cabinet 200,Furniture,426
Zephyr Console Table Pro,Furniture,187
Tundra Laptop Pro,Electronics,1321
Orion Keyboard Plus,Electronics,75
Ember Monitor Stand 300,Furniture,55
Indigo UPS Battery Pro,Electronics,579
Cobalt Graphics Tablet 300,Electronics,762
Vertex Scanner Max,Electronics,157
Vertex Router S2,Electronics,275
Willow Conference Chair 200,Furniture,302
Cedar Network Switch 100,Electronics,39
Tundra Power Bank 300,Electronics,97
Verdant Bar Stool S1,Furniture,61
Cobalt Sofa Max,Furniture,1044
Slate Desk Lite,Furniture,776
Slate Dresser 300,Furniture,279
Meridian Wireless Presenter Plus,Electronics,127
Vertex Projector 100,Electronics,740
Nimbus Docking Station Max,Electronics,152
Aster Printer 300,Electronics,505
Granite Footrest X,Furniture,149
Aurora Recliner Max,Furniture,1374
Zephyr Wireless Presenter S2,Electronics,65
Aurora Meeting Table 300,Furniture,1021
Nimbus Capture Card Plus,Electronics,261
Kestrel Laptop 300,Electronics,2373
Onyx Chair 300,Furniture,314
Ember Tablet S2,Electronics,444
Rowan Nightstand Max,Furniture,98
Helio Tablet Pro,Electronics,836
Willow Side Table 100,Furniture,123
Fjord Conference Chair 300,Furniture,649
Onyx Room Divider 200,Furniture,123
Meridian USB Hub 200,Electronics,42
Zephyr Conference Chair Max,Furniture,230
Zenith SSD Drive S2,Electronics,384
Ember External HDD Max,Electronics,141
Maple Bar Stool 200,Furniture,248
Quartz Smartphone X,Electronics,221
Zenith Footrest Plus,Furniture,141
Orion Bar Stool X,Furniture,255
Atlas Meeting Table Lite,Furniture,1468
Harbor Filing Cabinet Lite,Furniture,391
Larch Room Divider S1,Furniture,115
Verdant Webcam Pro,Electronics,92
Atlas Smartphone S2,Electronics,1271
Beacon Bench S1,Furniture,93
Larch UPS Battery Plus,Electronics,774
Kestrel Standing Desk 300,Furniture,348
Verdant Office Lamp Pro,Furniture,154
Atlas Sofa X,Furniture,2464
Zenith Shoe Rack Lite,Furniture,121
Ember Monitor Stand X,Furniture,111
Zenith Webcam X,Electronics,122
Ember Bench 300,Furniture,239
Juniper USB Hub Max,Electronics,34
Aster Wardrobe X,Furniture,1312
Ridge Reception Desk 200,Furniture,712
Aurora Sofa 300,Furniture,681
Aurora Microphone 200,Electronics,374
Juniper Nightstand 200,Furniture,89
Orion Wardrobe 100,Furniture,609
Kestrel Whiteboard Pro,Furniture,321
Meridian Filing Cabinet S1,Furniture,124
Ember USB Hub Lite,Electronics,92
Quartz Filing Cabinet S2,Furniture,507
Delta Wardrobe Max,Furniture,523
Granite Dresser Lite,Furniture,701
Maple Smartphone Lite,Electronics,1050
Ridge Desk Max,Furniture,180
Vertex Printer Max,Electronics,470
Yarrow Office Lamp Max,Furniture,29
Helio Lounge Chair X,Furniture,214
Rowan Dresser Max,Furniture,912
Atlas Room Divider X,Furniture,86
Ridge Mouse Max,Electronics,23
Tundra Bench S2,Furniture,122
Ridge Meeting Table 100,Furniture,1060
Kestrel Filing Cabinet S2,Furniture,300
Willow Office Lamp Pro,Furniture,102
Fjord Wireless Presenter Lite,Electronics,39
Indigo Smartphone 300,Electronics,455
Nova Mouse Lite,Electronics,49
Larch SSD Drive Max,Electronics,605
Onyx Power Bank Lite,Electronics,106
Aurora Sofa Pro,Furniture,1671
Tundra Dresser 100,Furniture,371
Atlas Keyboard S1,Electronics,196
Meridian Sofa Max,Furniture,775
Aster Monitor S1,Electronics,398
Vertex Smartphone X,Electronics,595
Nova Filing Cabinet S1,Furniture,385
Orion Office Lamp S1,Furniture,116
Kestrel Wardrobe 200,Furniture,410
Tundra Webcam Lite,Electronics,28
Nova Smartwatch 200,Electronics,683
Quartz Docking Station 300,Electronics,228
Umber Network Switch Pro,Electronics,220
Summit Drawer Unit Max,Furniture,285
Indigo Dresser Pro,Furniture,718
Ridge Speaker 200,Electronics,427
Pioneer Capture Card X,Electronics,351
Aster Storage Cube S1,Furniture,94
Lumen Drawer Unit 200,Furniture,279
Ridge Power Bank S2,Electronics,44
Summit Bookshelf 200,Furniture,529
Tundra Lounge Chair 100,Furniture,317
Fjord Docking Station 300,Electronics,332
Verdant Projector 300,Electronics,1156
Slate Smartphone Lite,Electronics,1335
Slate Label Printer S1,Electronics,346
Summit Speaker S1,Electronics,351
Slate Room Divider Pro,Furniture,473
Summit Storage Cube Max,Furniture,126
Pioneer Dining Table 100,Furniture,763
Fjord External HDD Plus,Electronics,91
Yarrow Standing Desk X,Furniture,1036
Onyx NAS Enclosure S2,Electronics,452
Yarrow Storage Cube S2,Furniture,29
Willow Smartphone X,Electronics,1420
Ridge Webcam 100,Electronics,138
Nimbus Docking Station X,Electronics,186
Lumen Wardrobe 300,Furniture,761
Maple Speaker 100,Electronics,390
Rowan Headphones S1,Electronics,117
Nimbus Wireless Presenter 100,Electronics,44
Fjord Storage Cube Max,Furniture,98
Xenon Conference Camera Plus,Electronics,1209
Onyx Mouse Plus,Electronics,14
Granite Bookshelf Plus,Furniture,99
Nimbus Barcode Scanner S1,Electronics,240
Tundra USB Hub S1,Electronics,77
Xenon UPS Battery Pro,Electronics,109
Onyx Meeting Table S1,Furniture,1572
Yarrow Meeting Table Max,Furniture,882
Zenith Conference Chair Lite,Furniture,574
Orion Recliner Plus,Furniture,642
Harbor Smartphone Plus,Electronics,1155
Pioneer Room Divider Lite,Furniture,272
Cedar Desk Max,Furniture,266
Delta Drawer Unit Lite,Furniture,105
Maple Keyboard S1,Electronics,127
Beacon Power Bank X,Electronics,129
Quartz Storage Cube 100,Furniture,160
Slate Meeting Table Max,Furniture,465
Pioneer Footrest X,Furniture,189
Juniper Sofa S1,Furniture,2366
Juniper Filing Cabinet Max,Furniture,211
Helio Filing Cabinet 300,Furniture,431
Beacon Wireless Presenter 100,Electronics,46
Ridge Speaker 100,Electronics,525
Harbor Network Switch Plus,Electronics,136
Aster Nightstand Pro,Furniture,133
Umber Standing Desk 100,Furniture,786
Delta NAS Enclosure Max,Electronics,958
Beacon Tablet Pro,Electronics,954
Helio Capture Card Lite,Electronics,152
Juniper Reception Desk X,Furniture,2115
Zenith Webcam Max,Electronics,58
Kestrel Meeting Table X,Furniture,1487
Harbor Tablet S2,Electronics,656
Delta External HDD X,Electronics,132
Ember Monitor 200,Electronics,127
Atlas Monitor Stand Plus,Furniture,72
Maple Laptop 100,Electronics,1010
Aurora Printer X,Electronics,322
Basalt Shoe Rack Plus,Furniture,173
Ridge Conference Chair Max,Furniture,263
Quill Headphones S2,Electronics,285
Delta Wardrobe Plus,Furniture,1427
Cedar Smartphone Max,Electronics,753
Slate Conference Camera S2,Electronics,752
Tundra Monitor Stand 300,Furniture,33
Orion Capture Card Lite,Electronics,118
Maple Laptop 200,Electronics,967
Zephyr Smartphone Plus,Electronics,1497
Aster Reception Desk 100,Furniture,1724
Onyx Storage Cube S1,Furniture,41
Cedar External HDD Lite,Electronics,189
Harbor Webcam Lite,Electronics,226
Helio Smartwatch 100,Electronics,593
Cobalt Meeting Table 200,Furniture,1811
Maple Barcode Scanner X,Electronics,212
Nova Mouse X,Electronics,71
Juniper Printer 100,Electronics,563
Harbor Wardrobe Lite,Furniture,875
Yarrow Filing Cabinet S2,Furniture,198
Xenon Scanner S1,Electronics,427
Fjord Desk X,Furniture,625
Willow Scanner 300,Electronics,98
Indigo Lounge Chair Max,Furniture,775
Quartz Monitor Max,Electronics,898
Helio Nightstand X,Furniture,288
Nimbus Filing Cabinet 100,Furniture,331
Aurora Graphics Card Pro,Electronics,1232
Cedar Wireless Presenter Plus,Electronics,107
Nova Monitor Stand Lite,Furniture,129
Fjord Conference Camera Pro,Electronics,822
Fjord Room Divider Max,Furniture,489
Xenon Label Printer Plus,Electronics,173
Lumen Bar Stool Pro,Furniture,148
Tundra Tablet 200,Electronics,209
Cedar External HDD S2,Electronics,158
Delta Mouse Plus,Electronics,28
Vertex Bookshelf 200,Furniture,195
Verdant Wireless Presenter Max,Electronics,44
Granite Conference Camera Pro,Electronics,442
Summit NAS Enclosure Plus,Electronics,1016
Verdant Bench X,Furniture,106
Tundra Meeting Table Max,Furniture,998
Quartz Dresser Pro,Furniture,627
Larch Footrest 300,Furniture,189
Basalt Projector 300,Electronics,402
Orion Standing Desk 300,Furniture,1343
Nova Desk S2,Furniture,234
Tundra Desk 200,Furniture,770
Lumen Label Printer 100,Electronics,175
Vertex SSD Drive Pro,Electronics,455
Umber Bench S2,Furniture,184
Helio Keyboard 100,Electronics,120
Larch Router Max,Electronics,275
Kestrel Sofa Pro,Furniture,2318
Indigo Lounge Chair 100,Furniture,408
Zenith Network Switch Max,Electronics,280
Ridge Dresser X,Furniture,603
Orion Bench Plus,Furniture,150
Granite Whiteboard S2,Furniture,344
Granite TV Stand Lite,Furniture,165
Aster Laptop 300,Electronics,866
Harbor Bookshelf S1,Furniture,502
Aster Monitor Lite,Electronics,336
Fjord Dresser Lite,Furniture,549
Vertex Storage Cube X,Furniture,77
Orion Bar Stool Pro,Furniture,100
Aurora Desk Max,Furniture,593
Delta Laptop 300,Electronics,1841
Aster Reception Desk X,Furniture,1324
Xenon Cabinet 200,Furniture,167
Larch Wardrobe Max,Furniture,1513
Lumen Smartphone X,Electronics,781
Meridian Microphone S2,Electronics,102
Summit Reception Desk Max,Furniture,1806
Larch Cabinet S2,Furniture,628
Granite Filing Cabinet Max,Furniture,481
Beacon External HDD Max,Electronics,171
Zephyr Dining Table 300,Furniture,860
Nimbus Smartphone 200,Electronics,536
Quill Shoe Rack Lite,Furniture,179
Fjord Smartwatch Plus,Electronics,118
Quartz Monitor Pro,Electronics,665
Quartz Keyboard Max,Electronics,203
Vertex Docking Station S1,Electronics,261
Orion Monitor Plus,Electronics,581
Delta Drawer Unit 200,Furniture,98
Verdant Standing Desk X,Furniture,713
Onyx Smartphone Plus,Electronics,944
Atlas TV Stand Max,Furniture,249
Granite Monitor X,Electronics,429
Basalt Sofa Pro,Furniture,888
Willow Scanner Max,Electronics,483
Larch Footrest 200,Furniture,116
Summit Shoe Rack 200,Furniture,202
Cedar NAS Enclosure Lite,Electronics,875
Zenith Drawer Unit Pro,Furniture,240
Xenon Docking Station 200,Electronics,235
Onyx Footrest 300,Furniture,99
Pioneer Whiteboard Pro,Furniture,218
Summit Monitor 100,Electronics,177
Pioneer Sofa S1,Furniture,1163
Tundra UPS Battery 100,Electronics,159
Zephyr Smartphone S2,Electronics,597
Aster Projector 100,Electronics,1588
Meridian Lounge Chair 100,Furniture,317
Nimbus Printer 100,Electronics,135
Onyx Chair 200,Furniture,396
Rowan Webcam Max,Electronics,224
Nimbus Laptop S1,Electronics,915
Ember Printer S1,Electronics,208
Meridian Monitor Pro,Electronics,466
Orion Monitor Stand X,Furniture,76
Beacon Meeting Table Pro,Furniture,635
Rowan Headphones 100,Electronics,116
Lumen USB Hub Pro,Electronics,15
Aster Dresser S1,Furniture,946
Quill Webcam Max,Electronics,119
Juniper Standing Desk Plus,Furniture,1468
Ember Conference Camera Plus,Electronics,1341
Verdant Reception Desk 300,Furniture,1170
Indigo Meeting Table S1,Furniture,1052
Basalt TV Stand 100,Furniture,473
Quartz Storage Cube X,Furniture,62
Onyx Graphics Tablet 300,Electronics,260
Willow Smartphone 300,Electronics,351
Xenon Dresser Plus,Furniture,837
Quartz Printer S2,Electronics,189
Vertex Room Divider S2,Furniture,479
Xenon Label Printer Lite,Electronics,187
Beacon Monitor Stand Lite,Furniture,35
Cedar Headphones Pro,Electronics,218
Tundra Recliner X,Furniture,1439
Juniper Room Divider 100,Furniture,269
Helio Recliner 300,Furniture,409
Maple External HDD 100,Electronics,165
Cobalt Tablet S2,Electronics,381
Basalt Chair S2,Furniture,375
Yarrow NAS Enclosure S1,Electronics,1046
Cobalt Label Printer Lite,Electronics,349
Delta Speaker Lite,Electronics,388
Zenith Lounge Chair 200,Furniture,622
Zephyr Cabinet 200,Furniture,276
Beacon Filing Cabinet S1,Furniture,306
Willow TV Stand Plus,Furniture,488
Nova Bench X,Furniture,447
Rowan Office Lamp X,Furniture,168
Fjord Network Switch Max,Electronics,443
Indigo Nightstand X,Furniture,232
Nova Console Table Pro,Furniture,276
Basalt Nightstand 200,Furniture,67
Ember Standing Desk Lite,Furniture,354
Zephyr Speaker Plus,Electronics,488
Xenon Projector 300,Electronics,640
Rowan Monitor Lite,Electronics,288
Ridge Meeting Table S1,Furniture,858
Atlas Lounge Chair Lite,Furniture,196
Quill Dresser 100,Furniture,855
Nimbus Recliner S2,Furniture,886
Harbor Meeting Table 100,Furniture,643
Zenith Graphics Card Lite,Electronics,566
Kestrel TV Stand S1,Furniture,145
Beacon Cabinet Plus,Furniture,679
Quill Label Printer Max,Electronics,327
Yarrow Storage Cube 300,Furniture,68
Zephyr Meeting Table S1,Furniture,1697
Summit Docking Station 200,Electronics,284
Cedar Bench Pro,Furniture,274
Summit Keyboard Lite,Electronics,80
Lumen Graphics Card 100,Electronics,1581
Meridian Recliner Plus,Furniture,1562
Maple USB Hub X,Electronics,37
Ridge Desk S1,Furniture,180
Juniper Power Bank 100,Electronics,99
Quartz Reception Desk 300,Furniture,1105
Umber External HDD 100,Electronics,60
Umber Room Divider S2,Furniture,124
Verdant Whiteboard Max,Furniture,45
Slate Wardrobe Pro,Furniture,1049
Maple Storage Cube 300,Furniture,55
Quartz Nightstand Lite,Furniture,76
Rowan Cabinet 200,Furniture,640
Quill Tablet Lite,Electronics,1024
Juniper Label Printer 100,Electronics,177
Tundra USB Hub 200,Electronics,72
Lumen Meeting Table S2,Furniture,1623
Delta Mouse S1,Electronics,56
Summit UPS Battery Pro,Electronics,542
Quartz Printer X,Electronics,334
Beacon Mouse X,Electronics,76
Orion Shoe Rack 300,Furniture,175
Rowan Dining Table Lite,Furniture,870
Rowan Headphones Max,Electronics,249
Pioneer Laptop Lite,Electronics,1852
Zenith Drawer Unit 300,Furniture,326
Rowan Lounge Chair Lite,Furniture,535
Cobalt TV Stand Plus,Furniture,379
Aurora Scanner Plus,Electronics,621
Pioneer Chair Pro,Furniture,575
Delta Headphones X,Electronics,162
Zenith Footrest S2,Furniture,48
Nova Chair S1,Furniture,424
Lumen TV Stand 200,Furniture,133
Nimbus Scanner 200,Electronics,386
Helio Capture Card X,Electronics,169
Aurora Lounge Chair 200,Furniture,804
Yarrow NAS Enclosure Max,Electronics,632
Aurora Webcam Plus,Electronics,93
Zephyr Sofa Pro,Furniture,2187
Harbor Projector Lite,Electronics,907
Verdant Tablet Max,Electronics,755
Umber TV Stand 200,Furniture,473
Aurora Monitor Stand S1,Furniture,37
Helio Laptop Lite,Electronics,778
Nimbus Coffee Table S1,Furniture,280
Kestrel Tablet 100,Electronics,1143
Orion USB Hub 200,Electronics,90
Verdant Scanner S1,Electronics,271
Juniper Chair Max,Furniture,421
Nova Sofa Lite,Furniture,1194
Quartz Cabinet S2,Furniture,612
Willow Monitor S2,Electronics,223
Yarrow Recliner Lite,Furniture,1192
Ridge Docking Station S1,Electronics,147
Willow Bookshelf X,Furniture,183
Quartz Docking Station S2,Electronics,247
Willow Console Table 100,Furniture,412
Slate Projector 300,Electronics,580
Summit Room Divider Lite,Furniture,366
Tundra Mouse 200,Electronics,13
Onyx Webcam S1,Electronics,197
Onyx Microphone Lite,Electronics,319
Summit Label Printer X,Electronics,380
Pioneer Capture Card S2,Electronics,112
Quartz Power Bank 100,Electronics,79
Umber Monitor Lite,Electronics,147
Cobalt NAS Enclosure S1,Electronics,352
Maple Bar Stool Plus,Furniture,114
Lumen Standing Desk Plus,Furniture,703
Meridian Barcode Scanner Pro,Electronics,436
Slate Smartphone 300,Electronics,1278
Beacon NAS Enclosure S2,Electronics,248
Larch Scanner Lite,Electronics,341
Larch Bookshelf S2,Furniture,95
Helio Router 200,Electronics,346
Ember Cabinet 300,Furniture,658
Pioneer Laptop Plus,Electronics,1864
Quill Router Plus,Electronics,55
Meridian Filing Cabinet Pro,Furniture,409
Ridge Bar Stool 300,Furniture,132
Quill Tablet S1,Electronics,183
Cobalt Dresser S2,Furniture,882
Slate Network Switch 200,Electronics,148
Granite Coffee Table X,Furniture,243
Zephyr Lounge Chair 300,Furniture,494
Vertex Bookshelf 100,Furniture,425
Tundra Smartphone 300,Electronics,553
Larch Smartphone Lite,Electronics,884
Maple Laptop Pro,Electronics,888
Cobalt Smartphone X,Electronics,654
Indigo Printer S1,Electronics,654
Harbor UPS Battery Plus,Electronics,631
Juniper Wireless Presenter Pro,Electronics,66
Willow Lounge Chair S2,Furniture,888
Delta Barcode Scanner 200,Electronics,87
Harbor Label Printer 100,Electronics,363
Xenon Mouse 200,Electronics,59
Ridge Scanner S1,Electronics,114
Meridian NAS Enclosure Max,Electronics,576
Xenon Dresser Max,Furniture,541
Harbor Sofa Lite,Furniture,1028
Fjord Lounge Chair S2,Furniture,899
Aurora Lounge Chair Pro,Furniture,939
Nova Room Divider S1,Furniture,138
Aster Printer Plus,Electronics,122
Nimbus Wardrobe X,Furniture,746
Orion Smartwatch X,Electronics,656
Yarrow Capture Card Pro,Electronics,256
Harbor Dresser 100,Furniture,375
Basalt Bench S1,Furniture,391
Zenith Mouse S1,Electronics,71
Zenith Bench 100,Furniture,174
Tundra Drawer Unit S1,Furniture,265
Helio Smartwatch 300,Electronics,217
Pioneer Dining Table S1,Furniture,604
Meridian Printer Lite,Electronics,501
Quartz Smartwatch 100,Electronics,355
Quill Tablet 100,Electronics,337
Maple Printer 200,Electronics,99
Cedar Label Printer 300,Electronics,102
Indigo Sofa X,Furniture,2215
Nova Headphones Pro,Electronics,365
Atlas Drawer Unit 100,Furniture,121
Zephyr Smartphone 200,Electronics,992
Quartz Lounge Chair Lite,Furniture,561
Ember Sofa Max,Furniture,2060
Summit SSD Drive 300,Electronics,85
Willow Headphones 100,Electronics,38
Juniper Nightstand Max,Furniture,143
Verdant Drawer Unit Plus,Furniture,413
Nova Scanner Plus,Electronics,159
Pioneer Monitor S1,Electronics,422
Quill Keyboard X,Electronics,114
Nova Shoe Rack 300,Furniture,75
Vertex Printer S1,Electronics,673
Aster Tablet 200,Electronics,221
Umber Room Divider Lite,Furniture,507
Larch Smartphone S2,Electronics,792
Granite Barcode Scanner X,Electronics,203
Cobalt Lounge Chair 100,Furniture,310
Aster Docking Station Max,Electronics,245
Pioneer Chair S1,Furniture,139
Slate TV Stand 300,Furniture,396
Onyx Shoe Rack X,Furniture,58
Quartz UPS Battery Max,Electronics,111
Orion Smartphone S2,Electronics,567
Umber USB Hub Lite,Electronics,68
Willow Laptop S1,Electronics,883
Xenon Nightstand Pro,Furniture,110
Quartz Standing Desk S1,Furniture,1168
Summit Bookshelf Lite,Furniture,375
Aster Mouse Max,Electronics,29
Fjord Bar Stool S1,Furniture,60
Summit Graphics Tablet S2,Electronics,553
Maple Graphics Card 100,Electronics,1713
Granite SSD Drive Pro,Electronics,372
Delta Console Table 300,Furniture,419
Larch USB Hub Max,Electronics,35
Atlas Scanner Pro,Electronics,106
Beacon Bookshelf Plus,Furniture,316
Helio Mouse 300,Electronics,76
Xenon Printer Pro,Electronics,478
Helio Whiteboard S2,Furniture,245
Nova Desk S1,Furniture,700
Yarrow Wireless Presenter S2,Electronics,80
Quill Recliner 200,Furniture,386
Delta Keyboard S1,Electronics,87
Summit Conference Camera Max,Electronics,1398
Delta Speaker 200,Electronics,543
Atlas Storage Cube 200,Furniture,155
Tundra Webcam 100,Electronics,195
Vertex Barcode Scanner X,Electronics,345
Quartz NAS Enclosure Plus,Electronics,203
Meridian Nightstand 300,Furniture,283
Aurora Capture Card Plus,Electronics,460
Aster Lounge Chair 300,Furniture,407
Granite Desk S1,Furniture,664
Xenon Capture Card Pro,Electronics,158
Rowan Monitor Stand 100,Furniture,152
Aster Graphics Tablet Max,Electronics,174
Slate Power Bank 300,Electronics,126
Maple Headphones S2,Electronics,85
Aurora Drawer Unit 100,Furniture,286
Onyx Dresser 100,Furniture,909
Granite Smartphone X,Electronics,598
Verdant Power Bank Max,Electronics,76
Beacon Scanner X,Electronics,443
Onyx NAS Enclosure 200,Electronics,1038
Xenon Sofa Plus,Furniture,2086
Helio Storage Cube X,Furniture,85
Fjord Wardrobe 300,Furniture,950
Cedar SSD Drive 100,Electronics,292
Delta Chair 100,Furniture,300
Pioneer Room Divider Max,Furniture,444
Rowan Docking Station 300,Electronics,328
Kestrel Network Switch Lite,Electronics,327
Larch USB Hub S1,Electronics,14
Lumen Desk 100,Furniture,217
Granite USB Hub X,Electronics,73
Fjord Monitor Stand Lite,Furniture,91
Zenith Side Table S2,Furniture,238
Maple Graphics Tablet S2,Electronics,741
Aurora Graphics Tablet Lite,Electronics,182
Quartz Barcode Scanner Pro,Electronics,251
Ember Scanner 200,Electronics,484
Ridge Office Lamp 300,Furniture,47
Aster Nightstand X,Furniture,287
Fjord Graphics Tablet S2,Electronics,539
Nova Standing Desk 200,Furniture,1489
Slate Cabinet 100,Furniture,237
Nimbus SSD Drive S2,Electronics,132
Aster Mouse Pro,Electronics,82
Fjord TV Stand 100,Furniture,423
Indigo Reception Desk 300,Furniture,1296
Meridian Label Printer Pro,Electronics,104
Slate Microphone S2,Electronics,96
Tundra Conference Chair 100,Furniture,311
Harbor Capture Card 100,Electronics,446
Quill Bench X,Furniture,159
Basalt Desk 200,Furniture,823
Nimbus Smartphone 300,Electronics,825
Harbor Label Printer 300,Electronics,301
Meridian Wireless Presenter S1,Electronics,129
Nimbus Printer X,Electronics,587
Umber Side Table 200,Furniture,67
Willow Side Table Lite,Furniture,123
Onyx Office Lamp 200,Furniture,92
Nimbus Conference Chair Lite,Furniture,695
Maple Bookshelf S1,Furniture,150
Beacon Printer S1,Electronics,236
Rowan Capture Card 100,Electronics,126
Nova Bar Stool Plus,Furniture,96
Ridge Cabinet Lite,Furniture,304
Orion Printer Lite,Electronics,495
Slate Router X,Electronics,140
Zephyr Console Table 300,Furniture,191
Quill Projector S2,Electronics,302
Verdant Bench 200,Furniture,131
Kestrel Bar Stool Pro,Furniture,255
Yarrow Barcode Scanner Plus,Electronics,89
Aster Drawer Unit Lite,Furniture,301
Summit NAS Enclosure Max,Electronics,711
Fjord USB Hub 300,Electronics,88
Quartz Shoe Rack X,Furniture,202
Helio Console Table Pro,Furniture,121
Indigo UPS Battery Lite,Electronics,558
Larch Bar Stool 100,Furniture,237
Larch External HDD X,Electronics,235
Helio Monitor Pro,Electronics,166
Nova Dining Table 100,Furniture,727
Kestrel Monitor Stand X,Furniture,121
Atlas Wardrobe 300,Furniture,903
Rowan Chair 200,Furniture,167
Atlas Webcam 300,Electronics,134
Aster Graphics Tablet Plus,Electronics,552
Fjord Bookshelf Pro,Furniture,235
Rowan Shoe Rack Pro,Furniture,124
Tundra Barcode Scanner Plus,Electronics,160
Helio Desk S2,Furniture,381
Orion Coffee Table 200,Furniture,444
Harbor Room Divider 200,Furniture,249
Yarrow USB Hub S1,Electronics,58
Kestrel Graphics Card Plus,Electronics,729
Aurora Chair S2,Furniture,120
Ember Microphone Lite,Electronics,132
Quill Router X,Electronics,152
Cedar Wardrobe S1,Furniture,778
Fjord Keyboard S1,Electronics,85
Basalt Network Switch 300,Electronics,314
Juniper External HDD 100,Electronics,305
Indigo Conference Camera Max,Electronics,923
Willow Graphics Tablet X,Electronics,283
Slate Nightstand 300,Furniture,168
Zenith Sofa Pro,Furniture,1816
Umber Reception Desk 200,Furniture,1363
Aster Storage Cube Plus,Furniture,153
Willow Microphone S2,Electronics,288
Fjord Coffee Table Lite,Furniture,217
Kestrel USB Hub Plus,Electronics,58
Maple Office Lamp 300,Furniture,73
Yarrow Shoe Rack 300,Furniture,202
Granite Bar Stool Max,Furniture,269
Indigo Microphone X,Electronics,299
Atlas NAS Enclosure 300,Electronics,834
Ridge Sofa X,Furniture,2399
Larch Drawer Unit S2,Furniture,326
Meridian Conference Camera S1,Electronics,1200
Indigo SSD Drive S2,Electronics,416
Lumen Barcode Scanner Pro,Electronics,264
Helio Wireless Presenter 100,Electronics,58
Yarrow Keyboard S2,Electronics,182
Fjord Projector 200,Electronics,1722
Zenith Recliner S2,Furniture,862
Atlas Whiteboard Plus,Furniture,95
Quartz Meeting Table S1,Furniture,663
Delta External HDD 100,Electronics,150
Fjord Meeting Table 100,Furniture,775
Vertex Monitor X,Electronics,621
Harbor Speaker S1,Electronics,313
Harbor Conference Camera Lite,Electronics,248
Verdant Headphones 200,Electronics,274
Tundra Dining Table S1,Furniture,1242
Ridge Printer Max,Electronics,259
Beacon Monitor X,Electronics,201
Larch Bench Lite,Furniture,199
Kestrel UPS Battery Max,Electronics,206
Nova Coffee Table Pro,Furniture,130
Zephyr Conference Chair Plus,Furniture,627
Nova Webcam S2,Electronics,133
Xenon Console Table 200,Furniture,242
Willow Conference Chair Plus,Furniture,567
Basalt Scanner Lite,Electronics,384
Indigo Conference Chair S2,Furniture,486
Helio Label Printer S2,Electronics,322
Nova Docking Station Plus,Electronics,201
Aurora Label Printer 100,Electronics,135
Ember Docking Station 300,Electronics,311
Basalt Docking Station 100,Electronics,192
Tundra Wireless Presenter X,Electronics,67
Lumen Whiteboard S1,Furniture,366
Xenon Shoe Rack 200,Furniture,140
Nova Office Lamp 200,Furniture,69
Verdant Sofa Max,Furniture,1562
Zenith Dining Table Max,Furniture,781
Granite Nightstand Lite,Furniture,125
Tundra Webcam Plus,Electronics,238
Lumen Storage Cube Pro,Furniture,166
Delta Wireless Presenter X,Electronics,130
Zephyr SSD Drive X,Electronics,334
Maple Label Printer Pro,Electronics,99
Granite Dining Table Max,Furniture,247
Beacon Footrest S1,Furniture,168
Ember Chair Max,Furniture,120
Cedar Webcam 200,Electronics,109
Zephyr Bookshelf S1,Furniture,443
Orion Filing Cabinet S2,Furniture,383
Kestrel Scanner Plus,Electronics,360
Maple Printer X,Electronics,480
Beacon Conference Camera X,Electronics,1185
Maple Room Divider Lite,Furniture,213
Ember USB Hub S2,Electronics,41
Larch Network Switch 300,Electronics,370
Helio Printer Max,Electronics,678
Xenon Standing Desk S2,Furniture,1053
Meridian Headphones S2,Electronics,277
Verdant Shoe Rack X,Furniture,64
Nimbus Storage Cube 200,Furniture,45
Tundra Capture Card Pro,Electronics,397
Helio Headphones X,Electronics,54
Lumen Sofa Plus,Furniture,877
Zephyr Meeting Table 100,Furniture,965
Nimbus Keyboard 300,Electronics,164
Indigo Conference Chair 200,Furniture,160
Zenith Monitor Stand Plus,Furniture,31
Nimbus Barcode Scanner X,Electronics,101
Zephyr Desk X,Furniture,572
Beacon Desk 300,Furniture,212
Ridge Desk 100,Furniture,631
Harbor Scanner S2,Electronics,511
Kestrel Power Bank S2,Electronics,44
Aster Laptop S2,Electronics,1475
Yarrow Docking Station Pro,Electronics,129
Nova Webcam 100,Electronics,157
Vertex Capture Card 100,Electronics,104
Quartz TV Stand Lite,Furniture,124
Pioneer Recliner 100,Furniture,1318
Beacon Monitor Stand X,Furniture,75
Kestrel Wardrobe X,Furniture,1540
Rowan Side Table Plus,Furniture,110
Ridge Capture Card Pro,Electronics,386
Willow Wardrobe Plus,Furniture,476
Tundra Headphones Lite,Electronics,186
Atlas Laptop S2,Electronics,1256
Vertex Standing Desk Plus,Furniture,1025
Aster Cabinet Max,Furniture,334
Ridge Monitor Max,Electronics,639
Granite Whiteboard Max,Furniture,280
Willow Monitor Stand S2,Furniture,42
Slate Filing Cabinet X,Furniture,289
Granite Bar Stool 300,Furniture,151
Cedar Projector Plus,Electronics,628
Onyx TV Stand S1,Furniture,172
Onyx Office Lamp Max,Furniture,59
Cedar Webcam S1,Electronics,146
Delta Graphics Card Pro,Electronics,790
Vertex Tablet S1,Electronics,976
Tundra Cabinet X,Furniture,614
Tundra Shoe Rack Plus,Furniture,141
Aster Reception Desk S2,Furniture,2177
Helio Conference Chair Max,Furniture,197
Cobalt NAS Enclosure 100,Electronics,563
Cobalt Bookshelf 100,Furniture,397
Verdant Meeting Table S1,Furniture,871
Beacon Cabinet S1,Furniture,228
Basalt Dresser S2,Furniture,294
Nimbus Docking Station 100,Electronics,246
Delta Conference Camera X,Electronics,552
Kestrel Smartwatch Lite,Electronics,425
Summit Conference Chair S2,Furniture,547
Umber Smartwatch S1,Electronics,183
Summit Laptop S1,Electronics,1733
Quill Monitor Stand 200,Furniture,141
Helio Headphones 200,Electronics,366
Aster Dresser 300,Furniture,787
Meridian Meeting Table Plus,Furniture,380
Kestrel UPS Battery Plus,Electronics,359
Aster Laptop Pro,Electronics,807
Onyx Filing Cabinet 300,Furniture,136
Granite Conference Camera Max,Electronics,267
Verdant Whiteboard 300,Furniture,146
Juniper Power Bank S2,Electronics,22
Willow Sofa 300,Furniture,2049
Lumen Meeting Table X,Furniture,1757
Lumen Dresser S2,Furniture,326
Basalt TV Stand Lite,Furniture,397
Summit Network Switch Max,Electronics,114
Orion Headphones 300,Electronics,242
Ember Docking Station Plus,Electronics,162
Aster Smartphone S1,Electronics,1260
Larch Footrest 100,Furniture,173
Beacon Speaker 200,Electronics,533
Fjord Wardrobe 200,Furniture,1150
Meridian Standing Desk 300,Furniture,1302
Yarrow Lounge Chair X,Furniture,605
Indigo Bench Pro,Furniture,244
Juniper Footrest Max,Furniture,189
Onyx Office Lamp X,Furniture,123
Indigo Keyboard 300,Electronics,188
Verdant Sofa 300,Furniture,1332
Onyx Monitor Pro,Electronics,629
Nova Dresser 300,Furniture,815
Larch Printer Max,Electronics,273
Willow Bookshelf S1,Furniture,425
Larch Monitor Stand S2,Furniture,148
Aurora Wireless Presenter 200,Electronics,81
Juniper Monitor S2,Electronics,727
Quill Monitor Stand 100,Furniture,146
Cedar USB Hub Lite,Electronics,94
Larch Keyboard Lite,Electronics,44
Willow Desk Pro,Furniture,207
Yarrow Barcode Scanner Lite,Electronics,112
Larch Speaker 300,Electronics,496
Meridian Graphics Card X,Electronics,1629
Larch Power Bank S1,Electronics,114
Harbor Wireless Presenter 100,Electronics,106
Xenon Room Divider Plus,Furniture,136
Tundra Dresser Plus,Furniture,249
Verdant Tablet Pro,Electronics,1145
Harbor Sofa Max,Furniture,1013
Ember Nightstand 100,Furniture,294
Zephyr Scanner 100,Electronics,493
Quartz Monitor Stand 200,Furniture,46
Quartz Monitor Stand S1,Furniture,70
Fjord Monitor Stand 300,Furniture,133
Zephyr Shoe Rack X,Furniture,199
Rowan Dresser S1,Furniture,672
Granite Shoe Rack 300,Furniture,183
Orion Microphone S1,Electronics,203
Larch Webcam S2,Electronics,104
Indigo Standing Desk 200,Furniture,735
Nova Filing Cabinet X,Furniture,162
Umber Console Table 300,Furniture,317
Ember Wireless Presenter 200,Electronics,57
Quill UPS Battery S2,Electronics,616
Aurora Recliner X,Furniture,493
Delta Conference Chair 200,Furniture,324
Orion Shoe Rack Pro,Furniture,62
Larch Printer X,Electronics,690
Delta Office Lamp Plus,Furniture,98
Larch Desk 100,Furniture,812
Yarrow Desk X,Furniture,637
Nova Meeting Table Lite,Furniture,631
Summit Graphics Tablet S1,Electronics,133
Lumen Mouse S1,Electronics,14
Tundra Dresser Max,Furniture,688
Basalt Laptop Plus,Electronics,925
Onyx Bar Stool 200,Furniture,155
Rowan Dresser 200,Furniture,379
Aster TV Stand 200,Furniture,282
Kestrel Power Bank Plus,Electronics,31
Basalt Smartphone 100,Electronics,298
Quartz Side Table 300,Furniture,149
Lumen UPS Battery 100,Electronics,389
Onyx Bar Stool 100,Furniture,167
Quill Mouse Plus,Electronics,82
Larch Desk Pro,Furniture,281
Basalt Laptop X,Electronics,803
Onyx Docking Station S2,Electronics,81
Juniper Meeting Table Max,Furniture,855
Umber Drawer Unit Plus,Furniture,201
Summit Label Printer S2,Electronics,257
Indigo Smartwatch Pro,Electronics,594
Quartz Meeting Table X,Furniture,1697
Fjord Meeting Table Plus,Furniture,914
Fjord Bench Plus,Furniture,315
Cobalt Shoe Rack X,Furniture,91
Basalt Bookshelf Max,Furniture,173
Orion Shoe Rack 200,Furniture,202
Beacon Mouse Lite,Electronics,52
Nova Dining Table S1,Furniture,663
Willow Graphics Card Lite,Electronics,496
Yarrow Whiteboard S2,Furniture,95
Granite Desk Pro,Furniture,250
Basalt Smartwatch Max,Electronics,695
Larch Cabinet X,Furniture,371
Tundra Docking Station Lite,Electronics,73
Nimbus Laptop Pro,Electronics,1720
Aster Tablet Max,Electronics,755
Juniper Wireless Presenter S2,Electronics,111
Quartz Lounge Chair Max,Furniture,912
Verdant UPS Battery 300,Electronics,322
Willow Sofa Plus,Furniture,1465
Orion TV Stand X,Furniture,449
Aster Chair S1,Furniture,561
Onyx Headphones Pro,Electronics,107
Helio Filing Cabinet Pro,Furniture,167
Verdant Dresser X,Furniture,772
Maple Capture Card Lite,Electronics,423
Juniper Projector X,Electronics,1232
Kestrel Nightstand S2,Furniture,270
Zenith Laptop Lite,Electronics,2003
Summit Webcam Lite,Electronics,172
Helio Smartwatch Plus,Electronics,290
Kestrel Headphones Lite,Electronics,357
Rowan Speaker 100,Electronics,503
Nimbus SSD Drive Max,Electronics,216
Cedar Nightstand X,Furniture,300
Aurora Shoe Rack S2,Furniture,182
Orion Keyboard 300,Electronics,28
Willow Conference Chair Pro,Furniture,627
Fjord Speaker Plus,Electronics,36
Granite Capture Card Pro,Electronics,342
Juniper TV Stand 200,Furniture,449
Beacon Microphone Lite,Electronics,406
Orion Barcode Scanner 100,Electronics,173
Cobalt Barcode Scanner 200,Electronics,316
Zephyr Router 200,Electronics,372
Larch Router Plus,Electronics,219
Maple Console Table Plus,Furniture,362
Ridge Printer X,Electronics,214
Tundra Label Printer X,Electronics,282
Umber Dining Table X,Furniture,433
Rowan Conference Camera S2,Electronics,625
Kestrel Desk X,Furniture,235
Nimbus Whiteboard Lite,Furniture,314
Juniper SSD Drive Max,Electronics,125
Kestrel NAS Enclosure Lite,Electronics,831
Cedar Tablet Max,Electronics,1193
Ember Headphones Plus,Electronics,269
Zenith Monitor 100,Electronics,372
Orion TV Stand 300,Furniture,99
Rowan Docking Station 200,Electronics,203
Zephyr Bar Stool S1,Furniture,130
Willow Console Table X,Furniture,395
Granite Drawer Unit S1,Furniture,339
Orion Office Lamp S2,Furniture,177
Cedar Bookshelf S1,Furniture,355
Cedar Dining Table Max,Furniture,318
Rowan Webcam S1,Electronics,42
Kestrel Wireless Presenter 300,Electronics,123
Quill Sofa S2,Furniture,1878
Pioneer Mouse Plus,Electronics,52
Fjord Tablet Max,Electronics,605
Meridian Barcode Scanner 300,Electronics,346
Umber Webcam 100,Electronics,102
Indigo Conference Chair 100,Furniture,610
Orion Recliner Lite,Furniture,944
Fjord Laptop Lite,Electronics,1847
Fjord Chair 200,Furniture,202
Lumen Keyboard Plus,Electronics,116
Quill TV Stand Pro,Furniture,482
Umber Graphics Card Pro,Electronics,1507
Quartz Sofa Pro,Furniture,679
Atlas Nightstand Pro,Furniture,211
Verdant Drawer Unit Lite,Furniture,153
Granite Conference Chair Max,Furniture,508
Kestrel Dresser S2,Furniture,217
Slate Console Table 200,Furniture,278
Lumen TV Stand 100,Furniture,242
Vertex Monitor Stand S1,Furniture,166
Aurora Reception Desk Lite,Furniture,767
Verdant Router S2,Electronics,233
Pioneer Side Table Max,Furniture,211
Larch Tablet Max,Electronics,295
Zenith Bookshelf Lite,Furniture,95
Nova Graphics Card Plus,Electronics,957
Tundra Conference Chair Pro,Furniture,485
Yarrow Room Divider S1,Furniture,248
Kestrel Graphics Card 200,Electronics,722
Granite Projector Plus,Electronics,638
Meridian Chair X,Furniture,542
Willow Label Printer Pro,Electronics,117
Harbor Storage Cube X,Furniture,83
Willow Footrest Max,Furniture,41
Helio Office Lamp 200,Furniture,69
Maple Conference Camera S2,Electronics,613
Ridge Cabinet 100,Furniture,271
Pioneer Network Switch Lite,Electronics,358
Zenith USB Hub Pro,Electronics,45
Umber USB Hub Plus,Electronics,86
Vertex Bookshelf Pro,Furniture,278
Orion Bench S2,Furniture,154
Orion Desk Plus,Furniture,551
Onyx Speaker Max,Electronics,400
Granite Meeting Table Max,Furniture,489
Aurora Router Pro,Electronics,207
Xenon Network Switch 100,Electronics,388
Ember Microphone 100,Electronics,335
Lumen Printer Plus,Electronics,631
Helio Side Table Plus,Furniture,196
Beacon Mouse Plus,Electronics,52
Beacon Recliner 200,Furniture,854
Aster Webcam Lite,Electronics,225
Zephyr Wardrobe Max,Furniture,446
Nova Graphics Tablet S2,Electronics,263
Cedar Drawer Unit Max,Furniture,419
Zephyr Smartphone Max,Electronics,684
Rowan Tablet S1,Electronics,697
Rowan Barcode Scanner Max,Electronics,429
Delta Power Bank X,Electronics,117
Quartz Desk X,Furniture,409
Ember Network Switch 200,Electronics,54
Verdant Barcode Scanner 300,Electronics,272
Meridian Lounge Chair 200,Furniture,384
Quartz USB Hub 200,Electronics,89
Cobalt Chair Pro,Furniture,217
Quill Room Divider X,Furniture,425
Orion Tablet Max,Electronics,330
Onyx Label Printer 100,Electronics,220
Meridian Monitor Stand S1,Furniture,87
Onyx Smartphone X,Electronics,1214
Meridian Sofa Plus,Furniture,944
Juniper Label Printer Max,Electronics,374
Zenith Webcam S1,Electronics,118
Quartz Graphics Card S1,Electronics,420
Basalt Chair 200,Furniture,580
Cobalt Bar Stool Pro,Furniture,239
Quill External HDD Lite,Electronics,304
Atlas Office Lamp 300,Furniture,76
Orion Wardrobe Pro,Furniture,1431
Larch Monitor Stand 200,Furniture,162
Willow Side Table S2,Furniture,79
Larch Mouse 100,Electronics,31
Summit Cabinet Pro,Furniture,632
Umber Meeting Table 200,Furniture,1741
Granite Printer Pro,Electronics,295
Zephyr Meeting Table X,Furniture,714
Ridge Nightstand Lite,Furniture,55
Ember Wardrobe 200,Furniture,1424
Pioneer Console Table 100,Furniture,422
Larch NAS Enclosure 200,Electronics,1189
Meridian USB Hub Pro,Electronics,37
Ridge Reception Desk 100,Furniture,2098
Summit Docking Station Pro,Electronics,91
Pioneer NAS Enclosure Plus,Electronics,181
Slate Bookshelf 300,Furniture,356
Pioneer Barcode Scanner X,Electronics,279
Quartz Conference Camera S1,Electronics,673
Juniper Scanner 200,Electronics,506
Xenon Graphics Tablet 200,Electronics,74
Onyx Room Divider Pro,Furniture,379
Slate Side Table 300,Furniture,130
Delta Dresser Plus,Furniture,739
Indigo Tablet X,Electronics,1117
Aurora Projector 300,Electronics,783
Nova Label Printer Lite,Electronics,120
Harbor Barcode Scanner S1,Electronics,178
Aurora Mouse Max,Electronics,46
Kestrel Footrest S2,Furniture,133
Vertex Laptop Max,Electronics,1955
Nova Conference Chair S1,Furniture,175
Lumen Nightstand X,Furniture,58
Harbor Graphics Card Pro,Electronics,519
Tundra Filing Cabinet X,Furniture,229
Granite Speaker S2,Electronics,403
Fjord Footrest S1,Furniture,67
Juniper Nightstand X,Furniture,160
Verdant Projector 200,Electronics,1475
Helio Footrest S2,Furniture,111
Maple External HDD X,Electronics,226
Delta Wardrobe Lite,Furniture,293
Slate SSD Drive S2,Electronics,213
Ember Desk 300,Furniture,688
Delta Tablet 200,Electronics,232
Willow Smartphone S1,Electronics,611
Kestrel Graphics Card 100,Electronics,1005
Verdant Monitor Stand Max,Furniture,72
Ember Mouse Plus,Electronics,52
Harbor Coffee Table S2,Furniture,378
Juniper External HDD Max,Electronics,61
Maple Label Printer 300,Electronics,335
Tundra Bench Lite,Furniture,262
Juniper Sofa Max,Furniture,855
Aster Standing Desk 100,Furniture,1394
Fjord Meeting Table X,Furniture,1090
Orion NAS Enclosure S1,Electronics,497
Basalt Side Table 200,Furniture,80
Orion Monitor Max,Electronics,582
Onyx Monitor Max,Electronics,307
Umber Docking Station S2,Electronics,198
Summit Lounge Chair Plus,Furniture,1055
Cedar Keyboard Lite,Electronics,56
Xenon Mouse S2,Electronics,63
Zephyr Whiteboard S2,Furniture,54
Zenith Recliner X,Furniture,848
Maple Graphics Tablet Lite,Electronics,827
Quartz Coffee Table 100,Furniture,119
Larch Side Table 300,Furniture,97
Cedar Nightstand 100,Furniture,67
Rowan Router 300,Electronics,331
Pioneer UPS Battery Max,Electronics,646
Zenith Bench S1,Furniture,389
Willow Cabinet 200,Furniture,864
Maple Standing Desk 200,Furniture,1241
Verdant Room Divider Plus,Furniture,490
Quartz Chair 300,Furniture,439
Umber Whiteboard X,Furniture,328
Verdant Filing Cabinet 300,Furniture,305
Basalt Keyboard Plus,Electronics,170
Nimbus Projector 200,Electronics,598
Kestrel Mouse Pro,Electronics,83
Zenith Smartphone Max,Electronics,1127
Larch Sofa Pro,Furniture,1284
Vertex Lounge Chair S1,Furniture,256
Maple Recliner S2,Furniture,555
Larch Label Printer Pro,Electronics,330
Atlas Sofa S1,Furniture,854
Larch Smartphone 100,Electronics,852
Juniper Scanner Pro,Electronics,457
Fjord Dresser Max,Furniture,557
Cedar TV Stand 200,Furniture,535
Basalt Microphone Lite,Electronics,445
Helio Whiteboard Plus,Furniture,236
Tundra Laptop 300,Electronics,2321
Slate Tablet S2,Electronics,492
Nimbus Storage Cube Pro,Furniture,41
Kestrel Sofa 100,Furniture,2287
Yarrow Label Printer Pro,Electronics,248
Onyx Meeting Table Lite,Furniture,1517
Verdant NAS Enclosure S2,Electronics,1139
Meridian Filing Cabinet 100,Furniture,410
Cedar Monitor Pro,Electronics,498
Basalt Wardrobe X,Furniture,532
Lumen USB Hub S2,Electronics,72
Delta Reception Desk S1,Furniture,1494
Delta Keyboard Lite,Electronics,152
Zenith Standing Desk 200,Furniture,560
Juniper Conference Camera Max,Electronics,1338
Rowan Label Printer Plus,Electronics,281
Willow Shoe Rack Plus,Furniture,51
Ember Footrest Lite,Furniture,51
Meridian Barcode Scanner S1,Electronics,324
Fjord Console Table 200,Furniture,119
Helio UPS Battery Pro,Electronics,408
Granite External HDD Lite,Electronics,168
Granite Network Switch Pro,Electronics,180
Umber Keyboard S1,Electronics,95
Helio Office Lamp Lite,Furniture,61
Indigo Label Printer 100,Electronics,390
Cobalt Footrest S2,Furniture,93
Rowan Desk Lite,Furniture,498
Summit Label Printer 200,Electronics,76
Larch Monitor Stand X,Furniture,146
Willow Headphones 200,Electronics,304
Delta Chair S2,Furniture,152
Maple Bench 200,Furniture,98
Nimbus Power Bank 300,Electronics,122
Harbor Conference Camera 300,Electronics,1336
Helio Label Printer Lite,Electronics,211
Delta Bookshelf S2,Furniture,458
Helio Capture Card 200,Electronics,191
Slate Filing Cabinet Lite,Furniture,161
Harbor Router S2,Electronics,46
Vertex Side Table Lite,Furniture,97
Basalt Laptop 300,Electronics,1075
Maple Printer 100,Electronics,190
Indigo Headphones Pro,Electronics,392
Nimbus Chair Pro,Furniture,370
Meridian Drawer Unit S1,Furniture,311
Xenon Monitor Max,Electronics,466
Xenon Meeting Table 100,Furniture,971
Willow Side Table Pro,Furniture,146
Ridge Wardrobe Lite,Furniture,1323
Fjord Sofa Lite,Furniture,2520
Rowan UPS Battery 100,Electronics,600
Nova Wireless Presenter Plus,Electronics,48
Zephyr Graphics Tablet Plus,Electronics,425
Yarrow Printer Max,Electronics,122
Kestrel Capture Card Max,Electronics,195
Indigo Graphics Card 300,Electronics,1309
Larch Label Printer 300,Electronics,103
Larch Filing Cabinet Max,Furniture,277
Quartz Smartphone S1,Electronics,1035
Summit NAS Enclosure X,Electronics,1074
Umber Room Divider S1,Furniture,154
Slate Monitor S2,Electronics,411
Willow Room Divider X,Furniture,518
Zephyr Smartphone 100,Electronics,730
Ridge Drawer Unit 300,Furniture,343
Nova Wardrobe S1,Furniture,515
Beacon Power Bank 300,Electronics,119
Atlas Printer 200,Electronics,220
Fjord Smartphone S1,Electronics,1210
Ember Desk Max,Furniture,830
Slate Keyboard Plus,Electronics,130
Verdant Dresser Plus,Furniture,350
Verdant Reception Desk X,Furniture,1626
Larch Network Switch S2,Electronics,380
Willow Speaker Pro,Electronics,332
Helio Side Table S2,Furniture,190
Cobalt SSD Drive 100,Electronics,171
Zephyr Printer S1,Electronics,313
Rowan Recliner S1,Furniture,638
Zenith Nightstand Lite,Furniture,151
Indigo UPS Battery Max,Electronics,142
Basalt Meeting Table X,Furniture,1129
Granite Bar Stool X,Furniture,224
Indigo Room Divider S2,Furniture,487
Zenith Graphics Tablet Lite,Electronics,832
Delta Tablet S1,Electronics,1111
Cobalt Filing Cabinet 200,Furniture,246
Pioneer SSD Drive 300,Electronics,556
Quill Monitor Stand S2,Furniture,164
Tundra USB Hub S2,Electronics,76
Indigo Conference Camera Plus,Electronics,1319
Summit UPS Battery S2,Electronics,527
Orion Monitor Stand S2,Furniture,195
Basalt Side Table S1,Furniture,246
Cobalt NAS Enclosure X,Electronics,392
Larch Chair Plus,Furniture,162
Nimbus Wardrobe Max,Furniture,1132
Juniper Network Switch X,Electronics,424
Aster Graphics Tablet 200,Electronics,114
Quill Reception Desk 300,Furniture,877
Zenith Monitor Max,Electronics,409
Harbor Recliner Lite,Furniture,681
Maple SSD Drive Lite,Electronics,75
Willow Wireless Presenter S2,Electronics,105
Nova Barcode Scanner S2,Electronics,124
Delta Wardrobe Pro,Furniture,854
Lumen USB Hub 100,Electronics,71
Nimbus Microphone S2,Electronics,445
Meridian Graphics Card Pro,Electronics,1381
Nimbus NAS Enclosure 100,Electronics,217
Slate Meeting Table Plus,Furniture,1719
Quill Capture Card S1,Electronics,329
Basalt Laptop 200,Electronics,2256
Basalt Printer 200,Electronics,432
Meridian NAS Enclosure 100,Electronics,597
Zenith Conference Chair S1,Furniture,383
Kestrel Room Divider Plus,Furniture,392
Beacon Office Lamp Pro,Furniture,167
Kestrel Reception Desk Pro,Furniture,1219
Rowan Graphics Card S2,Electronics,827
Harbor SSD Drive S1,Electronics,276
Nimbus Dining Table Pro,Furniture,891
Quill Label Printer 100,Electronics,287
Helio Console Table S1,Furniture,432
Ridge Bench X,Furniture,108
Vertex Microphone S2,Electronics,367
Larch Router S2,Electronics,254
Ember Headphones X,Electronics,398
Cedar Nightstand 300,Furniture,192
Cedar Conference Chair Pro,Furniture,288
Basalt Recliner Lite,Furniture,1163
Summit Webcam X,Electronics,56
Fjord Monitor Stand Pro,Furniture,143
Zephyr Bench Pro,Furniture,309
Meridian Speaker X,Electronics,245
Indigo Headphones 200,Electronics,294
Larch UPS Battery Max,Electronics,561
Quill Chair S1,Furniture,315
Summit Shoe Rack 300,Furniture,82
Pioneer Recliner 200,Furniture,952
Pioneer Sofa Pro,Furniture,2353
Larch Microphone Lite,Electronics,116
Umber Mouse 200,Electronics,29
Zephyr Webcam Lite,Electronics,56
Xenon Printer 300,Electronics,380
Nimbus Shoe Rack 100,Furniture,128
Quartz Coffee Table S2,Furniture,310
Xenon Desk S1,Furniture,172
Onyx Cabinet Plus,Furniture,514
Cobalt Whiteboard S2,Furniture,242
Ridge Conference Chair S1,Furniture,516
Umber Wardrobe X,Furniture,869
Indigo Smartwatch Max,Electronics,388
Slate Conference Camera 200,Electronics,1010
Aurora NAS Enclosure S2,Electronics,889
Juniper Lounge Chair 100,Furniture,887
Vertex Drawer Unit S1,Furniture,127
Nova Power Bank 300,Electronics,80
Cobalt Chair S1,Furniture,118
Orion Dresser 300,Furniture,779
Pioneer Coffee Table X,Furniture,480
Zenith Wardrobe S2,Furniture,335
Aster Network Switch S2,Electronics,117
Pioneer Drawer Unit Max,Furniture,92
Aurora Wireless Presenter Lite,Electronics,125
Zenith Speaker Max,Electronics,273
Zenith Nightstand Plus,Furniture,270
Quill Whiteboard S1,Furniture,59
Orion External HDD Pro,Electronics,216
Aurora Label Printer S1,Electronics,363
Quartz Conference Chair S2,Furniture,423
Maple Nightstand 200,Furniture,113
Granite Capture Card S1,Electronics,222
Cedar Conference Camera X,Electronics,220
Juniper NAS Enclosure 200,Electronics,710
Atlas Drawer Unit X,Furniture,208
Pioneer Graphics Tablet S2,Electronics,830
Aster Dresser Lite,Furniture,277
Delta Desk Plus,Furniture,801
Juniper Router Lite,Electronics,337
Rowan Docking Station S2,Electronics,198
Quill Mouse 200,Electronics,22
Meridian Graphics Tablet 300,Electronics,238
Umber Whiteboard S1,Furniture,193
Onyx Whiteboard Plus,Furniture,377
Quill Office Lamp Max,Furniture,141
Xenon Desk Lite,Furniture,152
Ridge Graphics Card Plus,Electronics,271
Umber Laptop Max,Electronics,2033
Pioneer Coffee Table Plus,Furniture,348
Cedar Drawer Unit Pro,Furniture,145
Xenon Sofa 300,Furniture,976
Kestrel USB Hub S1,Electronics,79
Verdant Monitor Stand Pro,Furniture,189
Indigo Whiteboard Lite,Furniture,111
Rowan Storage Cube X,Furniture,160
Umber Recliner Max,Furniture,1690
Beacon SSD Drive Plus,Electronics,130
Yarrow Side Table 300,Furniture,97
Maple Smartwatch Pro,Electronics,140
Orion Whiteboard Pro,Furniture,60
Quartz Wardrobe S2,Furniture,1457
Willow Microphone Lite,Electronics,46
Onyx Room Divider S2,Furniture,242
Willow Barcode Scanner Lite,Electronics,73
Atlas Wireless Presenter Max,Electronics,79
Ember Docking Station X,Electronics,162
Willow Whiteboard S1,Furniture,60
Umber Sofa X,Furniture,1387
Slate Docking Station Max,Electronics,130
Nimbus Headphones Max,Electronics,188
Cobalt Chair S2,Furniture,83
Umber Standing Desk Plus,Furniture,633
Juniper Mouse Max,Electronics,75
Beacon Smartwatch Lite,Electronics,683
Umber Microphone Max,Electronics,401
Willow Console Table Pro,Furniture,573
Meridian Dining Table Max,Furniture,921
Indigo Console Table Plus,Furniture,267
Indigo Room Divider Max,Furniture,179
Onyx Printer S1,Electronics,280
Ember Router X,Electronics,116
Ridge Barcode Scanner 200,Electronics,108
Lumen Shoe Rack Plus,Furniture,125
Aurora Docking Station Plus,Electronics,80
Zenith Speaker 300,Electronics,288
Kestrel Projector Plus,Electronics,1517
Ridge Reception Desk Max,Furniture,580
Juniper Laptop 200,Electronics,1808
Slate Coffee Table 200,Furniture,241
Meridian Router S1,Electronics,234
Zephyr Bar Stool 300,Furniture,257
Aurora Scanner X,Electronics,173
Summit Wireless Presenter 200,Electronics,125
Atlas External HDD 300,Electronics,142
Onyx Wardrobe Plus,Furniture,947
Zenith Headphones 300,Electronics,395
Slate Conference Camera Pro,Electronics,1330
Kestrel Mouse Max,Electronics,87
Quartz Laptop 200,Electronics,1802
Helio Chair S2,Furniture,216
Nimbus Lounge Chair Lite,Furniture,685
Cobalt Graphics Card X,Electronics,699
Zephyr Label Printer 100,Electronics,66
Slate Barcode Scanner Lite,Electronics,301
Vertex Whiteboard Plus,Furniture,54
Ridge Cabinet Max,Furniture,782
Basalt Standing Desk 200,Furniture,616
Granite Bookshelf S1,Furniture,139
Beacon Projector Pro,Electronics,1285
Basalt Wardrobe 100,Furniture,838
Cobalt Label Printer Pro,Electronics,299
Yarrow Wireless Presenter Max,Electronics,76
Larch Whiteboard 100,Furniture,362
Juniper Power Bank 300,Electronics,123
Aurora Headphones Max,Electronics,328
Beacon Desk 200,Furniture,437
Willow Smartwatch Plus,Electronics,108
Yarrow Nightstand 100,Furniture,107
Atlas Drawer Unit Plus,Furniture,418
Kestrel Meeting Table S1,Furniture,1111
Meridian Meeting Table X,Furniture,424
Zenith Conference Chair Max,Furniture,594
Kestrel Power Bank X,Electronics,134
Willow Mouse Max,Electronics,37
Basalt UPS Battery X,Electronics,669
Verdant Conference Chair Lite,Furniture,275
Granite Conference Chair S1,Furniture,670
Indigo Smartwatch Lite,Electronics,341
Vertex Storage Cube 300,Furniture,88
Lumen Graphics Card Lite,Electronics,732
Vertex Scanner Plus,Electronics,311
Harbor Desk Lite,Furniture,710
Pioneer Smartwatch X,Electronics,492
Slate Drawer Unit 100,Furniture,367
Cedar Scanner 300,Electronics,466
Beacon UPS Battery X,Electronics,774
Beacon Projector S1,Electronics,1609
Ember Laptop Plus,Electronics,1586
Zephyr Footrest Lite,Furniture,36
Kestrel Monitor Stand Lite,Furniture,98
Helio Sofa Pro,Furniture,506
Summit Mouse 200,Electronics,39
Delta Label Printer 100,Electronics,87
Ember Label Printer Pro,Electronics,274
Larch Network Switch Max,Electronics,460
Meridian External HDD 100,Electronics,240
Slate Barcode Scanner 300,Electronics,178
Onyx UPS Battery Max,Electronics,346
Willow Router 200,Electronics,43
Beacon Microphone Max,Electronics,95
Juniper Bookshelf S2,Furniture,380
Rowan Graphics Tablet Plus,Electronics,609
Beacon Chair 200,Furniture,183
Zephyr Dresser Lite,Furniture,358
Kestrel Network Switch X,Electronics,48
Ridge SSD Drive X,Electronics,251
Basalt Wardrobe S2,Furniture,836
Juniper Projector Lite,Electronics,388
Tundra Keyboard Max,Electronics,100
Larch Label Printer X,Electronics,167
Quill Desk Plus,Furniture,821
Zenith Bar Stool Lite,Furniture,231
Willow Label Printer Max,Electronics,79
Indigo Standing Desk X,Furniture,1296
Slate Laptop 100,Electronics,1688
Ember Storage Cube Max,Furniture,165
Zenith Network Switch S2,Electronics,278
Delta Docking Station Plus,Electronics,195
Indigo Tablet S1,Electronics,311
Indigo Network Switch 100,Electronics,226
Atlas Wardrobe Pro,Furniture,1576
Umber Barcode Scanner S2,Electronics,208
Tundra Microphone Max,Electronics,448
Yarrow Standing Desk S2,Furniture,373
Indigo Speaker 200,Electronics,549
Fjord Sofa 200,Furniture,810
Yarrow Cabinet 100,Furniture,509
Ember Smartwatch Max,Electronics,656
Onyx Smartphone Pro,Electronics,1380
Cedar Conference Camera S2,Electronics,884
Harbor Barcode Scanner 300,Electronics,319
Aster Drawer Unit Max,Furniture,299
Kestrel Printer Pro,Electronics,538
Helio Dresser 300,Furniture,305
Fjord Mouse Pro,Electronics,51
Ridge Meeting Table X,Furniture,1481
Cobalt Graphics Card 200,Electronics,1575
Quartz External HDD 300,Electronics,122
Nimbus Barcode Scanner Pro,Electronics,131
Vertex Console Table Pro,Furniture,367
Yarrow Mouse 300,Electronics,28
Quill TV Stand S1,Furniture,387
Vertex Room Divider Plus,Furniture,380
Nova Label Printer X,Electronics,354
Vertex Cabinet S1,Furniture,219
Vertex Desk Pro,Furniture,368
Maple Reception Desk Pro,Furniture,834
Ridge Console Table Plus,Furniture,458
Orion SSD Drive Max,Electronics,380
Xenon Drawer Unit S2,Furniture,139
Aster TV Stand X,Furniture,413
Verdant Meeting Table Pro,Furniture,1446
Zephyr Mouse Lite,Electronics,78
Orion Tablet 300,Electronics,580
Juniper Router 300,Electronics,164
Maple Bench Lite,Furniture,162
Aurora Desk 300,Furniture,199
Fjord NAS Enclosure Lite,Electronics,236
Xenon Speaker S2,Electronics,476
Delta Smartwatch 100,Electronics,304
Quill Desk Pro,Furniture,670
Willow Docking Station S1,Electronics,118
Harbor USB Hub S1,Electronics,76
Umber Office Lamp S2,Furniture,142
Lumen Bookshelf Plus,Furniture,336
Verdant Tablet 100,Electronics,1227
Indigo Network Switch Max,Electronics,459
Umber Shoe Rack Max,Furniture,194
Kestrel USB Hub 300,Electronics,83
Slate External HDD Plus,Electronics,120
Aurora Network Switch S1,Electronics,98
Quill Whiteboard Lite,Furniture,227
Aurora Lounge Chair Plus,Furniture,673
Kestrel Bar Stool 200,Furniture,290
Atlas Standing Desk 200,Furniture,1285
Yarrow Wardrobe 300,Furniture,1039
Indigo Scanner 300,Electronics,171
Maple Barcode Scanner Lite,Electronics,143
Yarrow Keyboard 300,Electronics,51
Quartz USB Hub Pro,Electronics,52
Lumen Scanner 100,Electronics,292
Quill Printer Lite,Electronics,275
Willow Speaker 200,Electronics,324
Delta Webcam S2,Electronics,232
Granite Office Lamp S1,Furniture,62
Rowan Reception Desk Lite,Furniture,1857
Aster Monitor Plus,Electronics,161
Harbor Recliner Pro,Furniture,1096
Yarrow Smartwatch Max,Electronics,410
Summit External HDD S2,Electronics,246
Umber Conference Camera 300,Electronics,1026
Willow Laptop Pro,Electronics,1135
Rowan Tablet Max,Electronics,870
Delta NAS Enclosure S1,Electronics,620
Quartz Reception Desk Max,Furniture,819
Indigo Headphones Lite,Electronics,301
Larch Nightstand S1,Furniture,160
Zenith Desk S1,Furniture,472
Helio Wireless Presenter Lite,Electronics,74
Zephyr Wardrobe Pro,Furniture,422
Yarrow Printer 200,Electronics,258
Summit Footrest 100,Furniture,101
Nova Dining Table Pro,Furniture,455
Indigo Bar Stool S1,Furniture,273
Quartz Router 300,Electronics,239
Harbor Network Switch Lite,Electronics,221
Delta SSD Drive S2,Electronics,531
Ember Microphone X,Electronics,98
Yarrow Standing Desk Plus,Furniture,1278
Juniper Reception Desk Pro,Furniture,2028
Fjord Dining Table Lite,Furniture,534
Harbor Headphones Max,Electronics,230
Harbor Router 100,Electronics,161
Pioneer Console Table Lite,Furniture,547
Tundra Headphones Max,Electronics,210
Basalt Office Lamp 200,Furniture,72
Meridian Tablet 300,Electronics,1258
Atlas Recliner S1,Furniture,415
Harbor Chair Max,Furniture,80
Ember Desk S2,Furniture,815
Fjord Conference Chair Pro,Furniture,619
Aster Drawer Unit Plus,Furniture,88
Juniper Wireless Presenter Plus,Electronics,56
Verdant Conference Camera 200,Electronics,1134
Delta Monitor Stand S2,Furniture,195
Cedar Monitor S1,Electronics,859
Larch Webcam 100,Electronics,118
Ridge Coffee Table Plus,Furniture,425
Aurora Bench S1,Furniture,316
Slate Wireless Presenter 300,Electronics,82
Lumen USB Hub Plus,Electronics,64
Umber Coffee Table S1,Furniture,384
Delta Desk 200,Furniture,464
Atlas Nightstand Max,Furniture,161
Yarrow Desk Pro,Furniture,839
Juniper Whiteboard X,Furniture,56
Larch Headphones X,Electronics,181
Quill Conference Chair X,Furniture,545
Juniper Meeting Table Pro,Furniture,1351
Ember Standing Desk Max,Furniture,506
Cobalt Dining Table Lite,Furniture,1379
Harbor Storage Cube Max,Furniture,80
Aster Recliner 300,Furniture,1696
Orion Console Table 200,Furniture,257
Umber Wireless Presenter Plus,Electronics,37
Pioneer Monitor Lite,Electronics,721
Zenith Power Bank Max,Electronics,122
Larch Storage Cube Plus,Furniture,26
Quartz Side Table X,Furniture,80
Meridian Webcam 200,Electronics,85
Rowan Monitor Pro,Electronics,893
Fjord Mouse S1,Electronics,53
Rowan Scanner Pro,Electronics,547
Aster Shoe Rack Pro,Furniture,78
Verdant Router 100,Electronics,296
Lumen Microphone Max,Electronics,417
Zenith Reception Desk Plus,Furniture,1109
Willow Drawer Unit X,Furniture,142
Summit Lounge Chair 200,Furniture,339
Granite Whiteboard S1,Furniture,181
Tundra Side Table Pro,Furniture,221
Ember Drawer Unit Plus,Furniture,334
Slate Headphones S2,Electronics,139
Slate Office Lamp Plus,Furniture,37
Cedar Laptop 200,Electronics,2239
Umber Standing Desk Pro,Furniture,624
Verdant Mouse 200,Electronics,62
Kestrel Docking Station Lite,Electronics,113
Cobalt Shoe Rack S1,Furniture,195
Maple Network Switch 200,Electronics,488
Ridge Reception Desk Plus,Furniture,957
Harbor Mouse Max,Electronics,54
Aster TV Stand S2,Furniture,463
Yarrow USB Hub 200,Electronics,86
Slate Standing Desk 200,Furniture,1059
Zephyr Whiteboard 100,Furniture,203
Zephyr Speaker 100,Electronics,528
Yarrow Scanner 100,Electronics,526
Nova Microphone S2,Electronics,239
Meridian Shoe Rack S1,Furniture,106
Indigo Docking Station X,Electronics,227
Cobalt Dining Table 300,Furniture,773
Atlas External HDD Lite,Electronics,202
Harbor Lounge Chair S1,Furniture,754
Verdant Headphones S1,Electronics,131
Aurora Bar Stool 200,Furniture,284
Nova Whiteboard 300,Furniture,338
Willow TV Stand X,Furniture,193
Rowan Graphics Card 200,Electronics,846
Cobalt Console Table X,Furniture,597
Ember Room Divider 300,Furniture,245
Nova NAS Enclosure S2,Electronics,1042
Fjord Capture Card 200,Electronics,387
Aurora Bookshelf 300,Furniture,453
Aurora Webcam 100,Electronics,201
Aster Printer S1,Electronics,568
Beacon External HDD Lite,Electronics,287
Tundra SSD Drive X,Electronics,318
Fjord Lounge Chair 300,Furniture,307
Granite NAS Enclosure X,Electronics,1074
Aurora Router Max,Electronics,42
Atlas SSD Drive Lite,Electronics,452
Summit Printer S1,Electronics,619
Kestrel Tablet 200,Electronics,729
Ridge Shoe Rack S2,Furniture,54
Nova Tablet Plus,Electronics,332
Basalt Dining Table 100,Furniture,1337
Basalt Desk 100,Furniture,764
Fjord Tablet Lite,Electronics,1199
Zenith Whiteboard 300,Furniture,311
Basalt Monitor Stand S1,Furniture,193
Delta Barcode Scanner 100,Electronics,96
Larch Filing Cabinet X,Furniture,294
Quartz Power Bank 300,Electronics,64
Slate Storage Cube Max,Furniture,137
Zephyr Room Divider 100,Furniture,154
Vertex Webcam S1,Electronics,125
Lumen Cabinet 200,Furniture,810
Aster Sofa S2,Furniture,1160
Zephyr Barcode Scanner S2,Electronics,324
Onyx Footrest S1,Furniture,119
Atlas Desk S2,Furniture,505
Slate Mouse X,Electronics,72
Delta Conference Chair 300,Furniture,352
Willow Graphics Card S1,Electronics,1235
Yarrow SSD Drive 300,Electronics,315
Yarrow Filing Cabinet Plus,Furniture,427
Cedar Nightstand Lite,Furniture,82
Cobalt Conference Camera 200,Electronics,1259
Aster Mouse 300,Electronics,56
Beacon Filing Cabinet 100,Furniture,280
Harbor Drawer Unit Pro,Furniture,94
Larch USB Hub 100,Electronics,75
Summit Reception Desk X,Furniture,1583
Quill Bookshelf Plus,Furniture,324
Onyx Router Pro,Electronics,68
Lumen Recliner Lite,Furniture,1337
Tundra Monitor Stand S2,Furniture,74
Yarrow Bookshelf Max,Furniture,310
Cedar Storage Cube 200,Furniture,30
Aurora Reception Desk 300,Furniture,2137
Aster Scanner Pro,Electronics,169
Cobalt Chair 200,Furniture,270
Basalt Graphics Card Lite,Electronics,1662
Ember Shoe Rack S2,Furniture,188
Verdant Console Table S2,Furniture,379
Basalt Desk X,Furniture,361
Yarrow Mouse Lite,Electronics,72
Cedar Headphones 200,Electronics,97
Zenith Storage Cube X,Furniture,115
Larch Sofa Plus,Furniture,2135
Aurora Label Printer Pro,Electronics,123
Cobalt Coffee Table 100,Furniture,410
Cedar Smartwatch 100,Electronics,662
Fjord Cabinet 200,Furniture,490
Meridian Monitor X,Electronics,893
Cobalt Smartphone 200,Electronics,642
Cobalt Conference Chair 100,Furniture,267
Fjord Coffee Table 100,Furniture,82
Kestrel Conference Chair 100,Furniture,585
Helio Room Divider 200,Furniture,131
Onyx Scanner 100,Electronics,313
Onyx Nightstand Pro,Furniture,174
Pioneer Microphone S2,Electronics,318
Nimbus Printer Pro,Electronics,304
Summit Dining Table 200,Furniture,596
Zephyr Capture Card 100,Electronics,447
Onyx Lounge Chair S2,Furniture,792
Fjord Recliner Lite,Furniture,1625
Helio Filing Cabinet 100,Furniture,422
Yarrow Microphone 200,Electronics,162
Yarrow Smartwatch 200,Electronics,714
Quartz Cabinet 300,Furniture,458
Aster Printer S2,Electronics,665
Juniper Drawer Unit Plus,Furniture,364
Delta Whiteboard 100,Furniture,93
Slate TV Stand Pro,Furniture,328
Quartz TV Stand 100,Furniture,428
Larch Mouse Pro,Electronics,82
Atlas Wireless Presenter Pro,Electronics,79
Cedar Dining Table Lite,Furniture,641
Nova Console Table 300,Furniture,116
Basalt Cabinet Pro,Furniture,785
Kestrel Standing Desk 200,Furniture,1060
Lumen Conference Camera 200,Electronics,232
Summit Storage Cube S1,Furniture,75
Ember Label Printer S1,Electronics,105
Helio Scanner 300,Electronics,509
Yarrow Whiteboard X,Furniture,147
Rowan TV Stand Max,Furniture,233
Meridian Dresser X,Furniture,924
Basalt Reception Desk Pro,Furniture,557
Willow SSD Drive Max,Electronics,282
Quill Wardrobe X,Furniture,362
Willow Storage Cube S1,Furniture,167
Aurora Label Printer Max,Electronics,148
Rowan TV Stand 300,Furniture,333
Rowan Graphics Tablet S1,Electronics,702
Cobalt Standing Desk X,Furniture,384
Juniper Monitor 100,Electronics,217
Meridian Chair 300,Furniture,219
Cedar USB Hub Pro,Electronics,25
Slate Label Printer S2,Electronics,178
Delta Router Max,Electronics,253
Verdant Conference Camera X,Electronics,726
Beacon Office Lamp Lite,Furniture,176
Lumen Label Printer Pro,Electronics,258
Aurora Capture Card S1,Electronics,228
Tundra Graphics Card S1,Electronics,1046
Xenon Drawer Unit Plus,Furniture,106
Xenon Drawer Unit Max,Furniture,411
Willow Keyboard 200,Electronics,120
Quill Projector X,Electronics,462
Tundra Graphics Tablet Lite,Electronics,273
Kestrel USB Hub S2,Electronics,76
Atlas Smartwatch Pro,Electronics,260
Meridian Dining Table X,Furniture,1216
Maple Network Switch Lite,Electronics,442
Indigo Wireless Presenter S1,Electronics,41
Aurora Whiteboard Max,Furniture,322
Cobalt Meeting Table 100,Furniture,1480
Quartz Bookshelf 100,Furniture,104
Fjord Conference Chair S1,Furniture,428
Beacon Microphone 200,Electronics,172
Ember Bar Stool X,Furniture,252
Meridian Wardrobe Pro,Furniture,1014
Zephyr Microphone 300,Electronics,158
Indigo Meeting Table Max,Furniture,786
Vertex Speaker 300,Electronics,429
Tundra Room Divider S1,Furniture,183
Pioneer Standing Desk S2,Furniture,723
Tundra Footrest S1,Furniture,53
Onyx Whiteboard 200,Furniture,143
Beacon Mouse S1,Electronics,43
Onyx Bar Stool S1,Furniture,91
Kestrel Chair 300,Furniture,96
Vertex Storage Cube Max,Furniture,91
Beacon Conference Chair 100,Furniture,259
Zenith TV Stand 200,Furniture,547
Zenith SSD Drive Lite,Electronics,319
Kestrel Recliner Lite,Furniture,1544
Larch USB Hub Pro,Electronics,89
Cobalt Laptop S2,Electronics,807
Ember Cabinet Plus,Furniture,648
Orion Laptop 300,Electronics,886
Cedar Mouse Lite,Electronics,54
Nova Cabinet 300,Furniture,349
Nova Lounge Chair Pro,Furniture,1059
Maple Storage Cube Plus,Furniture,140
Beacon Mouse 200,Electronics,70
Quartz Power Bank Plus,Electronics,122
Meridian Bookshelf Pro,Furniture,203
Willow Scanner Plus,Electronics,287
Harbor Dining Table 300,Furniture,732
Granite Router S2,Electronics,263
Nova Reception Desk 300,Furniture,1286
Orion Sofa Pro,Furniture,436
Kestrel Recliner 300,Furniture,490
Harbor Dining Table S1,Furniture,1211
Orion Projector 200,Electronics,1380
Cedar Conference Camera Max,Electronics,468
Xenon USB Hub Plus,Electronics,46
Atlas Cabinet X,Furniture,566
Pioneer Drawer Unit 200,Furniture,386
Orion Standing Desk Pro,Furniture,1387
Juniper Whiteboard Pro,Furniture,322
Delta Cabinet S1,Furniture,466
Aurora Lounge Chair 300,Furniture,716
Fjord Lounge Chair Max,Furniture,948
Nimbus NAS Enclosure 200,Electronics,277
Cobalt Filing Cabinet Pro,Furniture,110
Aster Bar Stool 200,Furniture,279
Aster Monitor 100,Electronics,431
Zenith Webcam S2,Electronics,224
Lumen Meeting Table 100,Furniture,1602
Summit Nightstand S1,Furniture,209
Ember Graphics Card Pro,Electronics,1674
Nimbus Mouse 100,Electronics,53
Fjord Monitor Pro,Electronics,896
Umber SSD Drive S1,Electronics,337
Verdant Power Bank Lite,Electronics,50
Verdant Monitor Stand 300,Furniture,32
Willow Bookshelf Lite,Furniture,367
Ember Console Table Plus,Furniture,488
Larch Conference Chair Max,Furniture,135
Helio Scanner X,Electronics,407
Atlas Headphones 100,Electronics,352
Maple Conference Chair Plus,Furniture,305
Aurora Wireless Presenter S2,Electronics,37
Nova TV Stand Max,Furniture,479
Lumen Monitor Stand 100,Furniture,151
Ember Smartphone 300,Electronics,370
Larch Wardrobe Plus,Furniture,878
Delta Dining Table Lite,Furniture,540
Slate Nightstand 100,Furniture,175
Pioneer Chair S2,Furniture,590
Tundra External HDD S2,Electronics,260
Quartz Bookshelf X,Furniture,293
Kestrel Bench Max,Furniture,277
Nimbus Whiteboard 300,Furniture,209
Rowan Smartphone X,Electronics,1332
Atlas Network Switch S1,Electronics,76
Umber Sofa 200,Furniture,781
Nimbus Reception Desk Max,Furniture,1962
Onyx Webcam Plus,Electronics,154
Helio Footrest Lite,Furniture,103
Xenon Capture Card 300,Electronics,396
Yarrow Graphics Tablet 100,Electronics,536
Nimbus Conference Camera 100,Electronics,991
Zenith UPS Battery S2,Electronics,605
Summit Nightstand Pro,Furniture,85
Xenon Bookshelf Pro,Furniture,181
Xenon Filing Cabinet 200,Furniture,462
Vertex Meeting Table Max,Furniture,1661
Atlas Chair 200,Furniture,112
Kestrel SSD Drive X,Electronics,246
Fjord Scanner S2,Electronics,524
Onyx Bench Plus,Furniture,112
Onyx Standing Desk Pro,Furniture,1257
Fjord Bench Max,Furniture,288
Fjord Monitor Stand X,Furniture,37
Willow Footrest Lite,Furniture,149
Xenon Footrest S2,Furniture,85
Tundra Smartphone X,Electronics,1419
Quartz Filing Cabinet 300,Furniture,265
Umber Label Printer X,Electronics,211
Cedar Network Switch Plus,Electronics,383
Fjord Barcode Scanner Max,Electronics,222
Tundra Chair 100,Furniture,554
Tundra Console Table Max,Furniture,378
Basalt Speaker 300,Electronics,180
Orion TV Stand Pro,Furniture,338
Basalt Projector Pro,Electronics,698
Basalt Smartphone Max,Electronics,1436
Pioneer USB Hub 200,Electronics,63
Cobalt Lounge Chair Lite,Furniture,922
Larch TV Stand S1,Furniture,231
Harbor Power Bank Pro,Electronics,53
Basalt Coffee Table 200,Furniture,152
Lumen Bench Plus,Furniture,429
Willow Office Lamp Plus,Furniture,109
Delta Smartphone Max,Electronics,553
Fjord Coffee Table Pro,Furniture,138
Ridge Standing Desk S2,Furniture,1493
Helio Drawer Unit Pro,Furniture,265
Nimbus Capture Card Max,Electronics,131
Cobalt Router Plus,Electronics,191
Fjord Cabinet X,Furniture,880
Delta Docking Station S1,Electronics,115
Zephyr Graphics Tablet Lite,Electronics,176
Nimbus Graphics Card Max,Electronics,1480
Meridian Bookshelf 200,Furniture,535
Nova Monitor Pro,Electronics,587
Cedar External HDD 300,Electronics,85
Xenon Mouse Lite,Electronics,88
Indigo Standing Desk Max,Furniture,566
Ridge Dining Table 200,Furniture,640
Nova Dresser S1,Furniture,318
Nimbus Filing Cabinet Lite,Furniture,128
Ember Storage Cube S1,Furniture,133
Pioneer Drawer Unit X,Furniture,184
Verdant Capture Card Pro,Electronics,243
Umber Dresser 300,Furniture,439
Delta Coffee Table Pro,Furniture,299
Vertex Cabinet 200,Furniture,703
Basalt Wireless Presenter Plus,Electronics,115
Kestrel Lounge Chair 300,Furniture,500
Cedar Label Printer S2,Electronics,134
Delta Label Printer X,Electronics,113
Granite Room Divider 200,Furniture,148
Ember Printer 300,Electronics,535
Xenon USB Hub Lite,Electronics,54
Ridge Desk 200,Furniture,243
Kestrel Coffee Table 300,Furniture,465
Nova UPS Battery Lite,Electronics,174
Xenon Monitor 200,Electronics,511
Delta Laptop S1,Electronics,1201
Onyx Printer 100,Electronics,260
Vertex Recliner Max,Furniture,1194
Umber Docking Station Lite,Electronics,111
Harbor Recliner Max,Furniture,787
Orion Printer 300,Electronics,539
Helio Speaker S1,Electronics,433
Aurora Recliner Pro,Furniture,1503
Granite Shoe Rack Pro,Furniture,125
Ridge Conference Camera Pro,Electronics,1184
Cobalt Cabinet Plus,Furniture,816
Willow Console Table S2,Furniture,406
Kestrel Chair 100,Furniture,232
Zephyr Standing Desk S1,Furniture,351
Aurora Meeting Table Max,Furniture,1016
Orion Dining Table 300,Furniture,725
Lumen Dining Table S1,Furniture,1292
Beacon Recliner S2,Furniture,1529
Delta USB Hub Max,Electronics,17
Harbor Tablet Max,Electronics,181
Kestrel Microphone S1,Electronics,180
Slate Capture Card X,Electronics,263
Helio Graphics Card 300,Electronics,380
Zephyr Mouse 200,Electronics,67
Yarrow Standing Desk Pro,Furniture,1384
Fjord Dining Table Max,Furniture,262
Fjord Dining Table X,Furniture,352
Quartz Nightstand 300,Furniture,69
Helio Lounge Chair 100,Furniture,372
Granite Drawer Unit 200,Furniture,286
Willow Console Table Plus,Furniture,190
Fjord SSD Drive 100,Electronics,535
Vertex TV Stand S2,Furniture,271
Onyx SSD Drive S2,Electronics,173
Kestrel UPS Battery Pro,Electronics,439
Ember Conference Chair X,Furniture,351
Orion Conference Chair Lite,Furniture,561
Meridian Docking Station Pro,Electronics,128
Ember Wardrobe S1,Furniture,429
Cobalt Docking Station Max,Electronics,167
Zephyr Barcode Scanner 100,Electronics,314
Lumen Chair Lite,Furniture,283
Indigo Laptop S1,Electronics,1183
Xenon Lounge Chair S1,Furniture,984
Rowan Smartphone Plus,Electronics,1099
Quill Bar Stool 300,Furniture,75
Pioneer Barcode Scanner S1,Electronics,236
Cedar Mouse S1,Electronics,19
Aurora UPS Battery S1,Electronics,604
Larch Wireless Presenter Lite,Electronics,92
Xenon Conference Camera Max,Electronics,820
Granite Network Switch 300,Electronics,298
Cobalt External HDD Pro,Electronics,172
Pioneer Dining Table 200,Furniture,270
Aster Sofa S1,Furniture,1360
Beacon Monitor 100,Electronics,655
Quartz Filing Cabinet Pro,Furniture,515
Pioneer Docking Station 100,Electronics,278
Quartz Side Table Pro,Furniture,97
Juniper Tablet 100,Electronics,688
Yarrow External HDD Max,Electronics,189
Basalt Reception Desk 300,Furniture,2061
Maple Docking Station Max,Electronics,232
Cobalt NAS Enclosure 300,Electronics,981
Delta Bench Max,Furniture,412
Quartz Footrest S2,Furniture,185
Umber Bookshelf 300,Furniture,410
Cedar Keyboard S1,Electronics,43
Maple External HDD Max,Electronics,321
Quartz Conference Chair Plus,Furniture,336
Maple Console Table 300,Furniture,211
Granite Side Table X,Furniture,122
Beacon External HDD Plus,Electronics,274
Aurora Console Table 200,Furniture,559
Nimbus Keyboard S1,Electronics,176
Helio External HDD Pro,Electronics,193
Harbor Dining Table X,Furniture,253
Ember Bar Stool Lite,Furniture,108
Indigo Headphones 300,Electronics,204
Quartz NAS Enclosure Pro,Electronics,210
Fjord Dresser S1,Furniture,407
Juniper Capture Card 200,Electronics,392
Atlas Shoe Rack S1,Furniture,166
Aster Conference Camera S2,Electronics,330
Atlas Dresser 200,Furniture,717
Aster Footrest X,Furniture,42
Rowan Keyboard S2,Electronics,165
Aster SSD Drive Lite,Electronics,448
Maple Office Lamp 100,Furniture,151
Fjord Microphone 200,Electronics,147
Larch Bookshelf S1,Furniture,311
Larch Dresser X,Furniture,513
Cobalt Label Printer 100,Electronics,188
Quartz Whiteboard 100,Furniture,335
Maple Smartphone S1,Electronics,1170
Ridge Recliner X,Furniture,1461
Granite Meeting Table X,Furniture,430
Onyx Monitor 300,Electronics,310
Aurora Console Table Max,Furniture,484
Indigo Webcam 200,Electronics,236
Umber Reception Desk Lite,Furniture,667
Fjord Whiteboard 300,Furniture,221
Onyx Printer S2,Electronics,140
Onyx Lounge Chair Pro,Furniture,822
Tundra Console Table Lite,Furniture,144
Vertex Smartphone Lite,Electronics,724
Harbor Router Max,Electronics,68
Nova Power Bank S1,Electronics,91
Cobalt Standing Desk Pro,Furniture,771
Rowan Headphones 200,Electronics,368
Aurora Headphones 200,Electronics,170
Rowan Recliner Plus,Furniture,895
Umber Microphone X,Electronics,288
Granite NAS Enclosure Pro,Electronics,453
Indigo Monitor Stand Pro,Furniture,88
Rowan Side Table 200,Furniture,205
Umber Monitor Stand Lite,Furniture,141
Basalt Router 200,Electronics,246
Aurora TV Stand Pro,Furniture,433
Onyx Headphones S1,Electronics,259
Quill Projector 100,Electronics,685
Basalt Keyboard Pro,Electronics,191
Beacon Webcam 200,Electronics,191
Maple Graphics Card Lite,Electronics,886
Cedar Bar Stool 300,Furniture,144
Xenon Bench 300,Furniture,130
Maple Monitor Stand S1,Furniture,142
Verdant USB Hub S1,Electronics,41
Indigo USB Hub 200,Electronics,46
Quill Dresser X,Furniture,413
Vertex Tablet Plus,Electronics,1291
Summit TV Stand Plus,Furniture,343
Helio Bookshelf S1,Furniture,284
Maple Webcam 100,Electronics,133
Beacon Projector 300,Electronics,867
Zenith Tablet Plus,Electronics,912
Delta Recliner 100,Furniture,1389
Umber Lounge Chair Lite,Furniture,289
Kestrel Speaker 100,Electronics,302
Meridian Power Bank 300,Electronics,125
Basalt Shoe Rack 300,Furniture,184
Juniper Speaker 200,Electronics,62
Xenon Monitor Stand 200,Furniture,95
Harbor Graphics Tablet X,Electronics,161
Basalt Printer Plus,Electronics,448
Yarrow Console Table 300,Furniture,408
Granite Network Switch Lite,Electronics,238
Tundra Docking Station Pro,Electronics,309
Slate Lounge Chair Lite,Furniture,890
Summit Monitor Stand X,Furniture,133
Cobalt Office Lamp S1,Furniture,101
Slate Headphones S1,Electronics,398
Meridian Lounge Chair Plus,Furniture,368
Summit TV Stand 200,Furniture,531
Nimbus Microphone Lite,Electronics,447
Vertex Console Table Lite,Furniture,400
Delta Desk Lite,Furniture,839
Slate Chair 100,Furniture,570
Vertex Office Lamp 100,Furniture,56
Lumen Console Table 200,Furniture,384
Harbor Label Printer S1,Electronics,193
Nova Meeting Table Pro,Furniture,1282
Quill USB Hub X,Electronics,25
Harbor Cabinet Lite,Furniture,287
Verdant Shoe Rack S2,Furniture,132
Willow Sofa 200,Furniture,589
Kestrel Barcode Scanner S1,Electronics,268
Zenith UPS Battery X,Electronics,734
Helio Barcode Scanner 200,Electronics,268
Basalt Reception Desk S1,Furniture,1071
Harbor Tablet X,Electronics,772
Verdant Wardrobe S2,Furniture,1451
Granite Headphones 200,Electronics,418
Summit Filing Cabinet Pro,Furniture,365
Larch Conference Camera S2,Electronics,575
Umber Conference Chair Lite,Furniture,341
Maple Projector Max,Electronics,1261
Juniper Console Table 200,Furniture,502
Tundra Footrest X,Furniture,70
Slate UPS Battery X,Electronics,567
Rowan Power Bank Max,Electronics,101
Beacon Shoe Rack Lite,Furniture,190
Meridian Capture Card S2,Electronics,192
Ridge Bookshelf Pro,Furniture,209
Granite Sofa S2,Furniture,2204
Cedar Dining Table Plus,Furniture,532
Tundra Projector 300,Electronics,1682
Ridge Network Switch 300,Electronics,345
Willow TV Stand 100,Furniture,389
Zephyr Lounge Chair 200,Furniture,1030
Zenith USB Hub S2,Electronics,25
Willow Barcode Scanner Max,Electronics,95
Atlas Wardrobe 100,Furniture,405
Nimbus Webcam 300,Electronics,147
Basalt Chair 300,Furniture,592
Vertex Recliner 300,Furniture,1675
Nimbus Graphics Tablet Lite,Electronics,405
Lumen Drawer Unit Max,Furniture,281
Willow UPS Battery 200,Electronics,253
Summit Scanner 100,Electronics,249
Maple Microphone 100,Electronics,428
Lumen Capture Card Lite,Electronics,420
Slate Power Bank 200,Electronics,96
Helio Lounge Chair Plus,Furniture,277
Umber Office Lamp 200,Furniture,43
Quartz Desk Lite,Furniture,465
Cobalt Desk 300,Furniture,550
Maple Conference Camera 200,Electronics,707
Helio Wireless Presenter Max,Electronics,40
Onyx Cabinet S1,Furniture,653
Kestrel TV Stand 200,Furniture,230
Onyx Power Bank S2,Electronics,66
Ember Scanner S2,Electronics,159
Larch Shoe Rack 100,Furniture,42
Delta Console Table S1,Furniture,255
Nova Conference Chair 100,Furniture,420
Xenon Bookshelf 200,Furniture,216
Quartz Graphics Tablet S2,Electronics,93
Yarrow Monitor 300,Electronics,133
Atlas Speaker Max,Electronics,184
Cobalt Bookshelf S2,Furniture,387
Onyx USB Hub Plus,Electronics,17
Fjord Graphics Card 100,Electronics,1658
Summit Webcam Plus,Electronics,170
Cobalt Recliner 100,Furniture,572
Helio Projector Lite,Electronics,1196
Larch Lounge Chair Pro,Furniture,231
Vertex Tablet 100,Electronics,627
Aurora Dining Table S2,Furniture,1057
Aurora Coffee Table S2,Furniture,294
Cedar Smartphone Lite,Electronics,200
Onyx Cabinet Pro,Furniture,605
Willow Recliner 200,Furniture,1473
Delta Graphics Card S1,Electronics,591
Basalt Tablet 100,Electronics,1286
Meridian Headphones Lite,Electronics,143
Vertex Projector S2,Electronics,1050
Rowan Filing Cabinet Max,Furniture,356
Willow NAS Enclosure 200,Electronics,817
Slate Conference Chair 200,Furniture,380
Nimbus Reception Desk S1,Furniture,1934
Onyx UPS Battery Pro,Electronics,558
Zenith USB Hub Plus,Electronics,20
Juniper Smartwatch X,Electronics,451
Nimbus External HDD Plus,Electronics,109
Aurora Wireless Presenter S1,Electronics,80
Quartz Network Switch Max,Electronics,54
Ember Cabinet S2,Furniture,662
Pioneer Projector Max,Electronics,1686
Yarrow Nightstand S2,Furniture,296
Orion Projector Plus,Electronics,1552
Xenon Router Lite,Electronics,293
Atlas Docking Station 200,Electronics,304
Pioneer Printer S1,Electronics,401
Aurora Desk Lite,Furniture,800
Verdant Label Printer S1,Electronics,226
Harbor Bookshelf Max,Furniture,179
Larch Router Pro,Electronics,171
Fjord Tablet Pro,Electronics,351
Pioneer Reception Desk Lite,Furniture,1251
Fjord Microphone 100,Electronics,449
Willow USB Hub 100,Electronics,60
Harbor Filing Cabinet Pro,Furniture,110
Zenith Wardrobe S1,Furniture,1194
Kestrel Conference Camera Plus,Electronics,1250
Beacon Keyboard Pro,Electronics,86
Zephyr Printer S2,Electronics,474
Kestrel Office Lamp 100,Furniture,178
Aurora Speaker Lite,Electronics,324
Lumen Office Lamp 300,Furniture,80
Verdant Bookshelf Lite,Furniture,423
Atlas Projector 300,Electronics,484
Orion UPS Battery Plus,Electronics,265
Yarrow Graphics Card Pro,Electronics,1666
Yarrow Scanner Plus,Electronics,240
Atlas Cabinet 100,Furniture,144
Indigo Console Table S1,Furniture,367
Cobalt Desk Pro,Furniture,339
Indigo Laptop S2,Electronics,2386
Granite Smartwatch Max,Electronics,568
Larch Tablet Lite,Electronics,315
Summit Headphones Max,Electronics,136
Kestrel Keyboard Max,Electronics,161
Nova Recliner Pro,Furniture,1043
Yarrow Lounge Chair Pro,Furniture,467
Granite Router Plus,Electronics,257
Summit Graphics Tablet Pro,Electronics,544
Basalt Reception Desk Lite,Furniture,1718
Yarrow Drawer Unit Max,Furniture,386
Nova Network Switch Lite,Electronics,443
Slate Nightstand Pro,Furniture,85
Fjord Whiteboard Max,Furniture,218
Granite Label Printer Max,Electronics,209
Lumen Smartwatch Max,Electronics,742
Larch TV Stand X,Furniture,270
Ridge Whiteboard X,Furniture,295
Slate Tablet Lite,Electronics,578
Nova Console Table Lite,Furniture,465
Helio TV Stand Max,Furniture,233
Ridge Shoe Rack Pro,Furniture,150
Summit Meeting Table Pro,Furniture,404
Xenon Reception Desk Plus,Furniture,777
Onyx Smartphone S2,Electronics,392
Quartz Smartwatch 300,Electronics,195
Yarrow Smartwatch 100,Electronics,493
Meridian Network Switch 100,Electronics,453
Vertex Barcode Scanner S2,Electronics,377
Lumen Wardrobe X,Furniture,1489
Xenon Graphics Card S2,Electronics,862
Meridian Projector Pro,Electronics,1832
Maple Coffee Table Lite,Furniture,138
Granite Mouse Plus,Electronics,17
Nova Smartphone Max,Electronics,405
Nimbus Lounge Chair S1,Furniture,1080
Nimbus Nightstand 300,Furniture,241
Nimbus Printer 300,Electronics,148
Aster NAS Enclosure Lite,Electronics,595
Xenon Projector Max,Electronics,1174
Maple Monitor Pro,Electronics,616
Granite Footrest 200,Furniture,99
Basalt Dresser 100,Furniture,717
Ridge Headphones Max,Electronics,113
Maple Projector X,Electronics,1815
Onyx External HDD 100,Electronics,294
Onyx Laptop Pro,Electronics,2377
Lumen Conference Camera S1,Electronics,927
Xenon Docking Station Plus,Electronics,338
Rowan Dresser X,Furniture,854
Yarrow Meeting Table S2,Furniture,1177
Ridge Router S2,Electronics,54
Juniper Barcode Scanner S2,Electronics,290
Yarrow Office Lamp S1,Furniture,40
Orion Smartphone 300,Electronics,1300
Meridian Coffee Table 300,Furniture,143
Meridian Smartphone Plus,Electronics,1262
Umber TV Stand X,Furniture,530
Quartz Coffee Table 200,Furniture,312
Fjord Drawer Unit 200,Furniture,184
Onyx Laptop 100,Electronics,2308
Beacon Dining Table Plus,Furniture,243
Zenith Coffee Table S2,Furniture,293
Zephyr External HDD X,Electronics,185
Pioneer Webcam 100,Electronics,202
Beacon Monitor Stand S1,Furniture,114
Cobalt Reception Desk 200,Furniture,579
Vertex Desk S2,Furniture,143
Juniper Recliner 300,Furniture,1467
Willow Bookshelf 300,Furniture,471
Larch Monitor Stand Plus,Furniture,85
Vertex Tablet S2,Electronics,831
Slate Wardrobe 300,Furniture,631
Vertex Filing Cabinet Max,Furniture,325
Quill Tablet 200,Electronics,956
Quill Printer S2,Electronics,258
Aurora Mouse Pro,Electronics,41
Xenon NAS Enclosure 300,Electronics,390
Willow Footrest S2,Furniture,135
Indigo USB Hub Lite,Electronics,73
Verdant Desk Plus,Furniture,172
Summit Drawer Unit Lite,Furniture,400
Aurora Chair X,Furniture,105
Quill Coffee Table S2,Furniture,388
Willow SSD Drive S1,Electronics,370
Granite Tablet 200,Electronics,444
Yarrow Bar Stool 200,Furniture,169
Slate Dining Table 300,Furniture,1011
Vertex Chair 200,Furniture,312
Zenith Graphics Tablet X,Electronics,610
Xenon Footrest 300,Furniture,60
Juniper Cabinet S1,Furniture,307
Harbor TV Stand Pro,Furniture,542
Lumen Dining Table S2,Furniture,967
Ridge Barcode Scanner Lite,Electronics,130
Aster Drawer Unit 200,Furniture,147
Beacon Reception Desk Pro,Furniture,1017
Maple Room Divider S2,Furniture,515
Nova SSD Drive S2,Electronics,128
Nova Printer Lite,Electronics,694
Cedar UPS Battery X,Electronics,181
Pioneer Network Switch Pro,Electronics,85
Onyx Laptop S1,Electronics,1203
Lumen Standing Desk 200,Furniture,996
Xenon Nightstand Plus,Furniture,183
Fjord Office Lamp Lite,Furniture,155
Zephyr Projector Pro,Electronics,1515
Harbor Dining Table Lite,Furniture,744
Zenith External HDD S1,Electronics,111
Zephyr Chair S2,Furniture,124
Yarrow Speaker S2,Electronics,120
Xenon Lounge Chair 200,Furniture,626
Verdant Smartphone X,Electronics,302
Yarrow Room Divider Max,Furniture,505
Harbor Meeting Table Plus,Furniture,1539
Cedar Desk 200,Furniture,493
Tundra Lounge Chair S1,Furniture,647
Granite Smartwatch X,Electronics,717
Indigo Barcode Scanner 300,Electronics,270
Orion Tablet Lite,Electronics,490
Quill Drawer Unit 300,Furniture,92
Rowan Scanner 100,Electronics,288
Willow Wardrobe X,Furniture,761
Delta Nightstand Max,Furniture,173
Indigo Power Bank Max,Electronics,87
Tundra Coffee Table Plus,Furniture,389
Indigo Tablet Lite,Electronics,288
Harbor Shoe Rack Lite,Furniture,141
Zephyr Docking Station 300,Electronics,195
Indigo Recliner Plus,Furniture,1404
Vertex Scanner Lite,Electronics,568
Orion Barcode Scanner S1,Electronics,273
Lumen Laptop 100,Electronics,1983
Vertex Dresser 200,Furniture,226
Helio Laptop S1,Electronics,1105
Cedar Lounge Chair Plus,Furniture,564
Umber Mouse 300,Electronics,17
Granite Headphones 100,Electronics,272
Maple Capture Card Plus,Electronics,331
Rowan Nightstand 300,Furniture,229
Cobalt Graphics Tablet S1,Electronics,400
Vertex Chair Plus,Furniture,426
Zenith Smartphone Lite,Electronics,208
Kestrel Barcode Scanner Lite,Electronics,168
Beacon Laptop X,Electronics,930
Yarrow Monitor S1,Electronics,154
Delta Capture Card Pro,Electronics,405
Pioneer Dresser Pro,Furniture,649
Rowan Storage Cube Max,Furniture,117
Ridge Bar Stool Pro,Furniture,291
Juniper Graphics Card Plus,Electronics,993
Basalt Keyboard Max,Electronics,56
Zenith Sofa Max,Furniture,1264
Beacon Cabinet Max,Furniture,660
Slate Storage Cube X,Furniture,61
Pioneer Sofa S2,Furniture,1682
Beacon Office Lamp 200,Furniture,174
Tundra Bookshelf S2,Furniture,442
Lumen Recliner Max,Furniture,1405
Maple Storage Cube 200,Furniture,98
Tundra Bar Stool X,Furniture,294
Larch Nightstand 300,Furniture,214
Cedar Room Divider S1,Furniture,420
Summit Wireless Presenter 100,Electronics,116
Lumen Chair S2,Furniture,582
Pioneer Conference Camera Lite,Electronics,297
Helio Scanner 100,Electronics,374
Meridian Smartphone Max,Electronics,1217
Verdant Headphones S2,Electronics,277
Xenon Power Bank 300,Electronics,18
Helio Nightstand 100,Furniture,299
Juniper Laptop 100,Electronics,2368
Harbor Side Table Plus,Furniture,228
Helio Office Lamp X,Furniture,22
Yarrow Webcam Pro,Electronics,184
Indigo Desk S1,Furniture,818
Basalt Power Bank Pro,Electronics,33
Kestrel Side Table Pro,Furniture,235
Rowan Speaker Pro,Electronics,30
Juniper Label Printer S2,Electronics,274
Cedar Conference Chair 300,Furniture,347
Ember Chair S2,Furniture,536
Verdant Console Table S1,Furniture,129
Helio Smartphone Pro,Electronics,1090
Harbor TV Stand 300,Furniture,406
Beacon Whiteboard S1,Furniture,140
Granite Reception Desk Plus,Furniture,1327
Zenith Speaker 200,Electronics,43
Cedar Network Switch X,Electronics,309
Cobalt Barcode Scanner 100,Electronics,308
Beacon Capture Card 300,Electronics,305
Beacon TV Stand 100,Furniture,143
Juniper Monitor Stand S2,Furniture,198
Zephyr Graphics Card 100,Electronics,986
Juniper Laptop S1,Electronics,2337
Cobalt Meeting Table S2,Furniture,1232
Vertex Graphics Card Lite,Electronics,342
Tundra Monitor Plus,Electronics,285
Onyx Meeting Table Plus,Furniture,1790
Kestrel Whiteboard 300,Furniture,61
Indigo Scanner Lite,Electronics,414
Indigo Wardrobe S2,Furniture,850
Ridge Footrest Lite,Furniture,137
Ember Power Bank S2,Electronics,135
Nimbus Lounge Chair Pro,Furniture,894
Maple Bar Stool Lite,Furniture,162
Rowan Drawer Unit S2,Furniture,295
Ember Monitor Plus,Electronics,392
Aurora UPS Battery Pro,Electronics,535
Zenith Router 300,Electronics,307
Delta Cabinet 200,Furniture,498
Indigo Reception Desk Max,Furniture,649
Fjord Graphics Card Plus,Electronics,1499
Yarrow Power Bank Pro,Electronics,100
Quill TV Stand 200,Furniture,421
Quill Conference Camera Lite,Electronics,1322
Granite SSD Drive 300,Electronics,408
Orion Dresser S2,Furniture,781
Granite Nightstand 300,Furniture,281
Ember Laptop Lite,Electronics,1257
Nimbus Headphones 200,Electronics,103
Kestrel Side Table 300,Furniture,196
Atlas Console Table 100,Furniture,218
Slate NAS Enclosure 200,Electronics,408
Summit Mouse S1,Electronics,51
Quill Wireless Presenter Plus,Electronics,54
Maple Docking Station 200,Electronics,314
Meridian Printer X,Electronics,154
Yarrow Drawer Unit 100,Furniture,101
Ridge Footrest 300,Furniture,183
Helio Scanner S2,Electronics,116
Umber Shoe Rack Pro,Furniture,159
Fjord Sofa Max,Furniture,900
Quartz NAS Enclosure Max,Electronics,543
Ridge Wardrobe S1,Furniture,1356
Verdant Side Table Pro,Furniture,213
Summit Wireless Presenter S2,Electronics,61
Beacon Recliner Max,Furniture,548
Quartz Side Table 100,Furniture,89
Fjord Scanner Max,Electronics,552
Vertex Side Table 200,Furniture,83
Umber Network Switch X,Electronics,381
Orion Smartwatch S2,Electronics,115
Yarrow Webcam 200,Electronics,30
Harbor Bookshelf Lite,Furniture,454
Lumen Laptop Pro,Electronics,1072
Helio Recliner S1,Furniture,1634
Tundra Office Lamp Lite,Furniture,84
Tundra Graphics Tablet 200,Electronics,197
Atlas Filing Cabinet Lite,Furniture,359
Basalt Whiteboard X,Furniture,205
Larch Lounge Chair S1,Furniture,680
Maple Mouse 100,Electronics,57
Slate Bench Pro,Furniture,131
Nova Sofa 200,Furniture,2243
Ridge Conference Camera X,Electronics,326
Summit Dining Table Lite,Furniture,1167
Verdant Chair Max,Furniture,573
Orion Shoe Rack S2,Furniture,115
Aster Label Printer 100,Electronics,104
Nova Conference Chair Lite,Furniture,376
Willow Standing Desk 100,Furniture,487
Pioneer Bookshelf X,Furniture,389
Onyx Dresser Plus,Furniture,181
Summit Graphics Card 100,Electronics,1068
Quill Webcam Pro,Electronics,66
Nimbus Side Table Max,Furniture,232
Meridian Tablet Lite,Electronics,1284
Rowan Docking Station 100,Electronics,176
Helio USB Hub X,Electronics,81
Basalt Conference Camera 300,Electronics,283
Umber Room Divider X,Furniture,493
Zenith Wireless Presenter Lite,Electronics,57
Basalt Bench 200,Furniture,220
Xenon Graphics Tablet Max,Electronics,646
Maple Wireless Presenter Max,Electronics,39
Cobalt Desk Lite,Furniture,678
Tundra Footrest Plus,Furniture,111
Quill Chair 300,Furniture,324
Cedar Console Table Pro,Furniture,536
Cedar Smartwatch Max,Electronics,615
Aurora Projector 100,Electronics,1573
Basalt Conference Chair S2,Furniture,258
Quartz Graphics Tablet 200,Electronics,238
Quartz Coffee Table Max,Furniture,378
Zenith Shoe Rack 100,Furniture,68
Larch Bookshelf 300,Furniture,366
Quill TV Stand X,Furniture,322
Lumen Docking Station 200,Electronics,98
Meridian Conference Camera Pro,Electronics,1296
Nimbus Shoe Rack S1,Furniture,48
Juniper Router Plus,Electronics,102
Willow Reception Desk X,Furniture,1564
Meridian Laptop Plus,Electronics,1935
Umber Cabinet Pro,Furniture,183
Summit Reception Desk 100,Furniture,2054
Beacon Speaker X,Electronics,135
Umber Printer S2,Electronics,531
Nova Bench Pro,Furniture,277
Ember Laptop 300,Electronics,1618
Maple Storage Cube Max,Furniture,37
Beacon Drawer Unit S1,Furniture,271
Basalt USB Hub Lite,Electronics,63
Pioneer Webcam Pro,Electronics,57
Basalt Side Table 300,Furniture,184
Zephyr Wireless Presenter Pro,Electronics,22
Orion Laptop 100,Electronics,1032
Umber Cabinet Max,Furniture,490
Maple Shoe Rack X,Furniture,136
Zephyr Webcam Pro,Electronics,43
Delta Coffee Table 200,Furniture,226
Nova Barcode Scanner Max,Electronics,134
Summit Power Bank 100,Electronics,103
Umber Scanner Lite,Electronics,437
Xenon Keyboard 200,Electronics,136
Indigo Smartphone S2,Electronics,326
Tundra Lounge Chair Lite,Furniture,905
Ember Filing Cabinet 300,Furniture,451
Basalt NAS Enclosure S2,Electronics,636
Harbor TV Stand 100,Furniture,304
Tundra Meeting Table Lite,Furniture,1758
Tundra Shoe Rack X,Furniture,126
Cedar Chair S2,Furniture,168
Xenon Network Switch Lite,Electronics,108
Aurora Chair 100,Furniture,319
Summit Side Table X,Furniture,208
Ember UPS Battery Plus,Electronics,561
Delta Capture Card 300,Electronics,204
Slate Bookshelf S2,Furniture,466
Xenon Label Printer Pro,Electronics,68
Maple Label Printer Plus,Electronics,208
Atlas Capture Card 300,Electronics,355
Yarrow Keyboard X,Electronics,184
Helio Office Lamp Pro,Furniture,171
Ridge Bookshelf 300,Furniture,356
Cedar Laptop X,Electronics,2227
Tundra USB Hub Max,Electronics,68
Umber Conference Chair Plus,Furniture,260
Umber Console Table X,Furniture,518
Juniper Mouse S1,Electronics,42
Nova Conference Camera Plus,Electronics,423
Delta Bar Stool 200,Furniture,236
Aurora Recliner S2,Furniture,687
Rowan Wireless Presenter Max,Electronics,26
Cobalt Console Table S1,Furniture,592
Lumen Meeting Table Pro,Furniture,1193
Vertex Filing Cabinet S2,Furniture,162
Quartz Whiteboard Pro,Furniture,356
Fjord Network Switch 200,Electronics,282
Aurora Webcam X,Electronics,59
Aster Monitor 300,Electronics,511
Fjord Chair Max,Furniture,541
Orion Graphics Tablet X,Electronics,793
Larch Whiteboard S2,Furniture,125
Nimbus Meeting Table Pro,Furniture,722
Nova Wireless Presenter 300,Electronics,85
Tundra Network Switch Pro,Electronics,271
Basalt Shoe Rack Lite,Furniture,159
Zephyr Recliner S2,Furniture,714
Ridge Bookshelf S2,Furniture,356
Tundra Graphics Tablet Pro,Electronics,487
Delta SSD Drive S1,Electronics,301
Cedar Chair 100,Furniture,523
Tundra Laptop 100,Electronics,1753
Willow External HDD X,Electronics,97
Atlas Barcode Scanner Pro,Electronics,120
Granite Lounge Chair Plus,Furniture,699
Harbor Smartphone S1,Electronics,1219
Meridian Graphics Card S1,Electronics,902
Summit Printer Max,Electronics,174
Umber Mouse 100,Electronics,87
Tundra Drawer Unit Max,Furniture,335
Granite Cabinet Plus,Furniture,693
Cobalt Drawer Unit X,Furniture,144
Summit Projector Max,Electronics,1275
Nimbus Footrest Lite,Furniture,95
Cedar Scanner S2,Electronics,579
Juniper TV Stand Lite,Furniture,216
Cedar Monitor 100,Electronics,406
Vertex Keyboard X,Electronics,192
Fjord Conference Camera S1,Electronics,1129
Fjord Bookshelf Max,Furniture,287
Summit Footrest S1,Furniture,69
Beacon Tablet S1,Electronics,326
Umber TV Stand 300,Furniture,323
Nimbus Graphics Card X,Electronics,1121
Kestrel Nightstand 200,Furniture,82
Vertex Bench S1,Furniture,409
Cobalt Bar Stool 300,Furniture,145
Meridian Mouse Max,Electronics,51
Harbor Room Divider Pro,Furniture,353
Umber Printer Lite,Electronics,460
Nimbus Conference Chair Max,Furniture,499
Nova Footrest Lite,Furniture,94
Kestrel Console Table 300,Furniture,578
Orion Wardrobe Plus,Furniture,1411
Summit Label Printer S1,Electronics,350
Umber Conference Camera S2,Electronics,520
Aster Headphones Pro,Electronics,232
Xenon Monitor Stand S2,Furniture,136
Xenon Whiteboard S1,Furniture,164
Onyx SSD Drive 100,Electronics,118
Xenon Drawer Unit 200,Furniture,221
Delta Printer 100,Electronics,259
Indigo Conference Camera 100,Electronics,1011
Kestrel Nightstand 100,Furniture,122
Nimbus Desk 100,Furniture,490
Kestrel Filing Cabinet X,Furniture,249
Cobalt Label Printer 200,Electronics,326
Verdant Mouse Lite,Electronics,42
Orion Nightstand S2,Furniture,132
Quill Whiteboard 300,Furniture,205
Willow Reception Desk Pro,Furniture,2104
Harbor Standing Desk 300,Furniture,1265
Yarrow Meeting Table Lite,Furniture,466
Juniper Reception Desk Max,Furniture,541
Maple Shoe Rack S1,Furniture,89
Zephyr Recliner 100,Furniture,356
Helio Chair Pro,Furniture,307
Onyx Capture Card X,Electronics,118
Yarrow Laptop 100,Electronics,2067
Orion USB Hub 300,Electronics,25
Fjord Barcode Scanner 200,Electronics,87
Vertex Drawer Unit Lite,Furniture,262
Zephyr Headphones Lite,Electronics,357
Umber Scanner X,Electronics,317
Quill Meeting Table Max,Furniture,1483
Maple Drawer Unit S2,Furniture,99
Harbor Chair Pro,Furniture,142
Orion Network Switch 100,Electronics,360
Summit Monitor Lite,Electronics,411
Verdant Power Bank Pro,Electronics,53
Meridian Recliner X,Furniture,549
Summit Monitor Stand 300,Furniture,119
Cobalt Mouse 200,Electronics,15
Zenith Projector 100,Electronics,1016
Willow Shoe Rack X,Furniture,177
Nova External HDD S1,Electronics,305
Delta Cabinet Pro,Furniture,303
Cobalt Graphics Card 100,Electronics,266
Larch Microphone S2,Electronics,468
Verdant Nightstand Pro,Furniture,257
Nova Barcode Scanner Pro,Electronics,425
Beacon Tablet Plus,Electronics,1110
Atlas Room Divider Pro,Furniture,327
Pioneer Bar Stool S2,Furniture,184
Xenon Tablet X,Electronics,857
Cedar Chair 300,Furniture,88
Vertex Printer Pro,Electronics,314
Pioneer Dining Table Pro,Furniture,556
Kestrel Barcode Scanner 300,Electronics,372
Helio Tablet 200,Electronics,245
Maple Meeting Table 300,Furniture,1334
Delta NAS Enclosure 200,Electronics,433
Meridian Tablet X,Electronics,436
Yarrow Speaker Lite,Electronics,358
Tundra Standing Desk 300,Furniture,837
Verdant Dining Table 200,Furniture,287
Harbor Reception Desk 200,Furniture,1281
Pioneer Shoe Rack Lite,Furniture,169
Kestrel Chair Pro,Furniture,430
Umber Office Lamp Plus,Furniture,171
Slate Footrest 100,Furniture,30
Zephyr Drawer Unit S2,Furniture,353
Zephyr Wireless Presenter S1,Electronics,33
Summit Router S1,Electronics,158
Tundra NAS Enclosure S1,Electronics,860
Slate Meeting Table 200,Furniture,1917
Delta USB Hub X,Electronics,24
Zenith Projector 200,Electronics,973
Yarrow Network Switch S1,Electronics,75
Meridian Network Switch 200,Electronics,127
Cobalt Drawer Unit 300,Furniture,179
Kestrel Coffee Table Pro,Furniture,124
Granite USB Hub Max,Electronics,45
Tundra Footrest 200,Furniture,158
Cedar Label Printer Plus,Electronics,351
Helio Bench Pro,Furniture,186
Cobalt Router Lite,Electronics,185
Willow Graphics Tablet Max,Electronics,632
Orion USB Hub Plus,Electronics,69
Beacon Side Table S1,Furniture,94
Verdant Reception Desk 100,Furniture,1194
Aurora Laptop S2,Electronics,1739
Maple Barcode Scanner 100,Electronics,183
Yarrow Projector 100,Electronics,920
Tundra Whiteboard X,Furniture,87
Juniper Coffee Table Max,Furniture,418
Xenon Console Table 100,Furniture,422
Kestrel TV Stand Max,Furniture,309
Lumen Monitor Stand S2,Furniture,28
Fjord Drawer Unit S2,Furniture,390
Xenon Bar Stool Pro,Furniture,237
Orion Projector Pro,Electronics,1848
Lumen Headphones 300,Electronics,66
Larch Room Divider 200,Furniture,434
Meridian TV Stand Max,Furniture,431
Willow Meeting Table 200,Furniture,645
Fjord Headphones Max,Electronics,410
Zephyr Cabinet S1,Furniture,879
Verdant Speaker 100,Electronics,277
Aurora Printer S2,Electronics,490
Meridian USB Hub S2,Electronics,86
Verdant Whiteboard S2,Furniture,42
Ember UPS Battery Lite,Electronics,762
Nimbus Room Divider S1,Furniture,166
Maple Bench S1,Furniture,133
Verdant Bench S2,Furniture,421
Kestrel Meeting Table Pro,Furniture,1202
Atlas Smartphone 100,Electronics,1151
Delta Capture Card S2,Electronics,369
Indigo TV Stand 300,Furniture,500
Umber Keyboard S2,Electronics,161
Basalt Docking Station Pro,Electronics,312
Fjord Network Switch X,Electronics,481
Aurora Nightstand 200,Furniture,276
Indigo Router 100,Electronics,160
Indigo Drawer Unit Plus,Furniture,265
Pioneer Speaker Pro,Electronics,151
Ridge Printer 200,Electronics,426
Beacon Dresser Plus,Furniture,693
Delta Laptop Pro,Electronics,1585
Umber Keyboard Max,Electronics,118
Cobalt USB Hub 100,Electronics,66
Rowan Meeting Table 100,Furniture,1442
Pioneer Meeting Table S1,Furniture,1594
Indigo Power Bank 100,Electronics,139
Tundra Filing Cabinet Max,Furniture,437
Lumen Console Table Lite,Furniture,248
Fjord Side Table S1,Furniture,89
Granite Microphone Max,Electronics,372
Delta Wardrobe 100,Furniture,1467
Juniper Power Bank Lite,Electronics,73
Zenith Dresser S1,Furniture,633
Ember Graphics Card X,Electronics,697
Cobalt Laptop 100,Electronics,917
Meridian Bench X,Furniture,320
Onyx Wardrobe S2,Furniture,396
Slate Filing Cabinet Max,Furniture,387
Meridian UPS Battery Plus,Electronics,221
Verdant Drawer Unit 100,Furniture,326
Nimbus Room Divider 100,Furniture,117
Delta Conference Camera Plus,Electronics,962
Yarrow Storage Cube X,Furniture,67
Cedar Nightstand Pro,Furniture,128
Maple Monitor X,Electronics,461
Tundra Smartwatch X,Electronics,439
Onyx SSD Drive S1,Electronics,321
Meridian NAS Enclosure Pro,Electronics,858
Fjord Webcam S1,Electronics,132
Meridian NAS Enclosure Lite,Electronics,385
Orion Scanner Max,Electronics,100
Tundra Office Lamp Pro,Furniture,156
Indigo Desk X,Furniture,398
Beacon External HDD S2,Electronics,127
Zenith Network Switch X,Electronics,209
Yarrow Mouse 200,Electronics,49
Atlas Console Table X,Furniture,107
Yarrow Smartwatch Pro,Electronics,101
Willow Dresser Lite,Furniture,836
Aster Bench Plus,Furniture,264
Xenon TV Stand 300,Furniture,356
Cedar Desk S1,Furniture,250
Juniper Projector 200,Electronics,369
Vertex Wireless Presenter 200,Electronics,116
Lumen Docking Station S2,Electronics,222
Cedar Office Lamp 300,Furniture,114
Maple Footrest S1,Furniture,57
Umber Mouse S2,Electronics,43
Beacon Microphone Pro,Electronics,278
Tundra Webcam S1,Electronics,236
Lumen Laptop 300,Electronics,1340
Rowan Console Table Plus,Furniture,175
Pioneer Office Lamp X,Furniture,102
Willow Drawer Unit Pro,Furniture,96
Lumen Console Table 100,Furniture,580
Fjord Router Max,Electronics,264
Delta Footrest X,Furniture,124
Yarrow Conference Chair S1,Furniture,503
Slate Label Printer Plus,Electronics,111
Zephyr Label Printer Max,Electronics,374
Aurora Office Lamp S1,Furniture,40
Rowan Dining Table S2,Furniture,962
Helio Dresser X,Furniture,428
Larch Shoe Rack X,Furniture,52
Delta Printer S2,Electronics,250
Delta Bookshelf 100,Furniture,462
Granite Mouse Lite,Electronics,49
Ember Console Table X,Furniture,302
Aurora Scanner 200,Electronics,172
Orion Monitor Stand 200,Furniture,101
Ridge Headphones 200,Electronics,215
Slate Nightstand S1,Furniture,155
Quartz TV Stand S1,Furniture,118
Ember Keyboard 200,Electronics,168
Zephyr Monitor Plus,Electronics,490
Juniper Printer X,Electronics,350
Harbor Webcam Pro,Electronics,126
Zephyr Recliner Plus,Furniture,810
Zephyr Graphics Card 200,Electronics,1729
Pioneer Laptop Pro,Electronics,2283
Juniper Footrest Plus,Furniture,113
Summit Router Max,Electronics,164
Nova Drawer Unit 300,Furniture,116
Aurora Keyboard S2,Electronics,136
Cobalt Dresser Pro,Furniture,385
Granite Meeting Table Pro,Furniture,1146
Granite Graphics Card S1,Electronics,1482
Slate Lounge Chair S2,Furniture,652
Helio Filing Cabinet 200,Furniture,249
Beacon USB Hub 200,Electronics,17
Delta Bench 100,Furniture,151
Cobalt Filing Cabinet Lite,Furniture,500
Nova Side Table Pro,Furniture,99
Tundra Laptop Max,Electronics,1689
Willow Shoe Rack 100,Furniture,105
Vertex Graphics Tablet 300,Electronics,225
Zenith Filing Cabinet S1,Furniture,186
Juniper Room Divider X,Furniture,370
Ridge Barcode Scanner Pro,Electronics,323
Lumen Storage Cube 200,Furniture,117
Umber Footrest S1,Furniture,159
Nova Storage Cube 100,Furniture,38
Helio External HDD 200,Electronics,234
Cobalt Bench Plus,Furniture,289
Ember Projector 100,Electronics,1431
Ridge Sofa Max,Furniture,2569
Onyx TV Stand Max,Furniture,480
Zephyr Footrest S2,Furniture,41
Nimbus Bench 300,Furniture,240
Maple Drawer Unit 100,Furniture,393
Granite Filing Cabinet 200,Furniture,377
Yarrow Bar Stool Pro,Furniture,187
Basalt Dining Table X,Furniture,339
Orion Smartwatch Plus,Electronics,494
Yarrow Reception Desk S2,Furniture,431
Yarrow Drawer Unit S1,Furniture,352
Granite Desk Lite,Furniture,458
Atlas Whiteboard Lite,Furniture,341
Rowan Sofa Max,Furniture,2066
Ridge Label Printer Max,Electronics,257
Helio SSD Drive S2,Electronics,157
Slate Conference Chair 300,Furniture,374
Indigo Webcam S1,Electronics,105
Ridge Power Bank X,Electronics,30
Quartz Cabinet 200,Furniture,135
Slate Drawer Unit 200,Furniture,153
Pioneer Wireless Presenter 300,Electronics,34
Summit Speaker 200,Electronics,88
Meridian Reception Desk 100,Furniture,1060
Summit Router 300,Electronics,325
Beacon Router S2,Electronics,148
Aurora Microphone X,Electronics,458
Ridge Smartphone Lite,Electronics,1287
Pioneer Tablet S2,Electronics,210
Nimbus Graphics Tablet Pro,Electronics,252
Fjord Barcode Scanner S1,Electronics,325
Quill Meeting Table S2,Furniture,1276
Harbor Mouse 300,Electronics,54
Umber Headphones Lite,Electronics,114
Slate Printer S2,Electronics,397
Summit TV Stand 100,Furniture,536
Vertex Wireless Presenter Pro,Electronics,90
Summit Bookshelf X,Furniture,210
Pioneer Sofa X,Furniture,1607
Pioneer Shoe Rack S1,Furniture,89
Verdant Standing Desk 300,Furniture,942
Ridge Monitor S1,Electronics,580
Juniper Wireless Presenter 200,Electronics,57
Granite Printer 300,Electronics,677
Ridge Dining Table Max,Furniture,1217
Ridge Bookshelf Plus,Furniture,472
Larch Tablet S2,Electronics,1078
Nimbus Keyboard Lite,Electronics,201
Zephyr Office Lamp 300,Furniture,103
Basalt Network Switch 100,Electronics,241
Zenith Lounge Chair 300,Furniture,611
Granite Whiteboard 300,Furniture,264
Aurora Whiteboard X,Furniture,86
Cedar Standing Desk S1,Furniture,801
Beacon Bar Stool 100,Furniture,261
Umber Wireless Presenter S1,Electronics,41
Kestrel Dresser 200,Furniture,564
Cobalt Smartphone Max,Electronics,724
Summit UPS Battery Lite,Electronics,574
Verdant Desk S2,Furniture,339
Xenon Scanner Max,Electronics,127
Quartz Monitor Stand S2,Furniture,99
Onyx TV Stand S2,Furniture,486
Delta Wardrobe 300,Furniture,254
Xenon Conference Camera Lite,Electronics,386
Willow Router Plus,Electronics,200
Helio Monitor Stand Lite,Furniture,97
Delta Bookshelf Lite,Furniture,98
Granite Monitor Stand S2,Furniture,53
Vertex Barcode Scanner Pro,Electronics,242
Meridian Bar Stool Plus,Furniture,277
Zenith Smartphone S1,Electronics,1463
Lumen Speaker Plus,Electronics,407
Vertex SSD Drive 200,Electronics,504
Nova Desk Max,Furniture,846
Helio Power Bank X,Electronics,66
Willow Webcam 100,Electronics,63
Larch Barcode Scanner Pro,Electronics,386
Umber USB Hub S1,Electronics,42
Granite Storage Cube Lite,Furniture,106
Beacon Barcode Scanner Pro,Electronics,114
Helio Graphics Card Max,Electronics,1037
Cobalt Docking Station X,Electronics,310
Rowan Room Divider Pro,Furniture,177
Basalt Headphones Pro,Electronics,370
Helio Whiteboard Pro,Furniture,52
Maple Drawer Unit Lite,Furniture,344
Kestrel Reception Desk S2,Furniture,1070
Zenith SSD Drive 200,Electronics,605
Zephyr Monitor 200,Electronics,591
Pioneer UPS Battery S2,Electronics,368
Summit Dresser 100,Furniture,166
Juniper Footrest Lite,Furniture,91
Maple Whiteboard 200,Furniture,379
Indigo Power Bank Pro,Electronics,29
Verdant Sofa 100,Furniture,2101
Delta Barcode Scanner 300,Electronics,200
Meridian UPS Battery Lite,Electronics,104
Fjord TV Stand S1,Furniture,465
Ridge Dresser S2,Furniture,661
Lumen Capture Card X,Electronics,431
Larch Capture Card S1,Electronics,340
Umber Desk Pro,Furniture,345
Tundra Monitor Stand 100,Furniture,133
Quartz Bar Stool S2,Furniture,131
Yarrow Chair S1,Furniture,250
Larch Power Bank Plus,Electronics,55
Zephyr Conference Camera 100,Electronics,1301
Verdant Smartphone Max,Electronics,229
Aster TV Stand 300,Furniture,180
Rowan Monitor Stand S2,Furniture,146
Nova Conference Camera Lite,Electronics,1187
Beacon Docking Station Max,Electronics,91
Summit Monitor S1,Electronics,608
Helio Cabinet Pro,Furniture,538
Juniper Monitor Stand 200,Furniture,162
Rowan USB Hub Lite,Electronics,55
Rowan Monitor Stand X,Furniture,159
Larch Wardrobe X,Furniture,524
Zephyr Laptop S2,Electronics,1539
Cedar Capture Card 300,Electronics,372
Zenith Office Lamp Lite,Furniture,164
Verdant NAS Enclosure Max,Electronics,476
Zenith Filing Cabinet Plus,Furniture,410
Vertex Headphones S1,Electronics,330
Cedar Smartphone X,Electronics,1309
Summit Shoe Rack 100,Furniture,69
Basalt Wardrobe Max,Furniture,887
Delta Office Lamp Pro,Furniture,55
Willow Projector Plus,Electronics,1076
Slate USB Hub 100,Electronics,74
Ridge Speaker Max,Electronics,282
Helio Barcode Scanner Plus,Electronics,234
Quartz Drawer Unit 300,Furniture,280
Xenon Dining Table S2,Furniture,376
Kestrel Monitor Max,Electronics,295
Delta Reception Desk S2,Furniture,503
Harbor Graphics Card 200,Electronics,1496
Quartz Dining Table 100,Furniture,875
Basalt Smartphone 300,Electronics,1054
Quartz Meeting Table 200,Furniture,1066
Vertex Dresser S2,Furniture,822
Basalt Whiteboard Plus,Furniture,161
Helio Graphics Tablet S2,Electronics,420
Juniper SSD Drive 100,Electronics,208
Helio Recliner 200,Furniture,1473
Summit UPS Battery S1,Electronics,623
Basalt Graphics Card S2,Electronics,538
Vertex Dining Table 300,Furniture,245
Granite Printer Plus,Electronics,313
Aster Cabinet X,Furniture,386
Helio Meeting Table Max,Furniture,1298
Nimbus SSD Drive Lite,Electronics,162
Delta Cabinet 300,Furniture,415
Meridian Side Table Plus,Furniture,112
Juniper Dining Table S1,Furniture,1330
Indigo Cabinet 100,Furniture,662
Nimbus Label Printer Plus,Electronics,97
Fjord Whiteboard 200,Furniture,240
Beacon Drawer Unit S2,Furniture,194
Umber Headphones 200,Electronics,413
Delta Bench 300,Furniture,137
Xenon Graphics Tablet 300,Electronics,365
Lumen Capture Card 300,Electronics,171
Orion Storage Cube X,Furniture,58
Atlas Office Lamp Max,Furniture,176
Basalt Storage Cube X,Furniture,78
Onyx Sofa S1,Furniture,1603
Delta Bookshelf 200,Furniture,515
Yarrow Tablet 100,Electronics,723
Juniper Recliner Plus,Furniture,1001
Meridian Headphones Plus,Electronics,254
Yarrow Cabinet 200,Furniture,736
Harbor Speaker 200,Electronics,551
Tundra Standing Desk X,Furniture,1273
Nimbus Projector Plus,Electronics,1081
Vertex Bench 200,Furniture,232
Verdant TV Stand Lite,Furniture,272
Tundra Desk Pro,Furniture,460
Onyx Dining Table 100,Furniture,695
Basalt Drawer Unit Plus,Furniture,379
Cobalt External HDD Lite,Electronics,270
Granite Chair X,Furniture,261
Lumen Dresser 300,Furniture,611
Juniper Capture Card Max,Electronics,246
Zephyr SSD Drive Pro,Electronics,521
Cobalt NAS Enclosure Max,Electronics,421
Quill Office Lamp S1,Furniture,130
Rowan UPS Battery Plus,Electronics,195
Umber Chair Lite,Furniture,103
Lumen Capture Card 100,Electronics,349
Zephyr Conference Camera S1,Electronics,942
Orion Bench 300,Furniture,379
Ember Drawer Unit S1,Furniture,90
Zenith Smartwatch S1,Electronics,601
Zephyr Bar Stool Max,Furniture,92
Fjord Drawer Unit 300,Furniture,154
Rowan Bar Stool S2,Furniture,261
Harbor External HDD 100,Electronics,327
Indigo Reception Desk Pro,Furniture,1650
Zephyr Coffee Table 200,Furniture,473
Larch Shoe Rack Plus,Furniture,195
Cobalt Scanner Max,Electronics,386
Xenon Room Divider Lite,Furniture,469
Meridian Monitor Max,Electronics,185
Granite Dining Table S2,Furniture,1243
Granite Docking Station Pro,Electronics,239
Ember Bar Stool 300,Furniture,111
Lumen Bar Stool 200,Furniture,201
Maple Bench S2,Furniture,170
Orion Mouse Pro,Electronics,13
Orion Sofa Max,Furniture,818
Willow Office Lamp Lite,Furniture,97
Zenith Shoe Rack Max,Furniture,38
Summit USB Hub 300,Electronics,61
Zenith Dresser Pro,Furniture,645
Zenith Chair S1,Furniture,393
Verdant Printer Max,Electronics,310
Lumen Projector 200,Electronics,1099
Quill Microphone 100,Electronics,434
Atlas Power Bank S1,Electronics,136
Xenon Drawer Unit Pro,Furniture,339
Quill NAS Enclosure 200,Electronics,636
Harbor UPS Battery 200,Electronics,701
Aster Whiteboard S1,Furniture,220
Juniper Graphics Card Pro,Electronics,1593
Pioneer Smartphone S2,Electronics,1110
Aurora Footrest S2,Furniture,108
Fjord Chair S2,Furniture,589
Harbor SSD Drive Plus,Electronics,250
Beacon Power Bank Pro,Electronics,125
Indigo Headphones X,Electronics,198
Basalt Laptop S2,Electronics,780
Slate Capture Card 100,Electronics,459
Cedar Desk 300,Furniture,774
Onyx Tablet Max,Electronics,272
Ridge Mouse Lite,Electronics,85
Maple Smartwatch S2,Electronics,324
Kestrel Console Table Max,Furniture,613
Basalt Console Table 200,Furniture,475
Atlas Chair X,Furniture,332
Basalt Bookshelf 100,Furniture,318
Granite Webcam S1,Electronics,234
Larch Scanner Plus,Electronics,88
Slate Bar Stool 300,Furniture,70
Basalt Speaker S2,Electronics,175
Umber Desk 100,Furniture,622
Helio Monitor 200,Electronics,775
Nimbus Label Printer 100,Electronics,222
Aster Side Table Lite,Furniture,136
Rowan TV Stand 200,Furniture,365
Aster Speaker Lite,Electronics,196
Meridian Standing Desk S2,Furniture,1004
Meridian Conference Camera 300,Electronics,635
Aster Mouse S2,Electronics,25
Granite Conference Chair Plus,Furniture,606
Orion NAS Enclosure 100,Electronics,939
Xenon Console Table Lite,Furniture,446
Atlas Capture Card 200,Electronics,267
Onyx Mouse 300,Electronics,80
Quartz Chair 200,Furniture,353
Verdant Smartwatch Lite,Electronics,727
Maple Power Bank 100,Electronics,77
Nimbus External HDD S1,Electronics,114
Quartz Conference Camera 300,Electronics,1355
Lumen Tablet Lite,Electronics,329
Ridge Graphics Card S2,Electronics,1026
Xenon Projector Plus,Electronics,1419
Lumen Label Printer Lite,Electronics,320
Willow Mouse Pro,Electronics,67
Zenith Conference Camera Pro,Electronics,552
Maple Keyboard 300,Electronics,199
Summit Router S2,Electronics,324
Beacon Barcode Scanner 300,Electronics,194
Zenith Headphones S1,Electronics,345
Xenon Console Table 300,Furniture,236
Indigo Drawer Unit 300,Furniture,103
Lumen Speaker 200,Electronics,223
Maple TV Stand Pro,Furniture,472
Helio NAS Enclosure X,Electronics,934
Zenith NAS Enclosure Max,Electronics,1045
Maple Smartwatch X,Electronics,621
Helio UPS Battery X,Electronics,550
Meridian Conference Chair Pro,Furniture,606
Lumen NAS Enclosure 100,Electronics,1144
Aster Lounge Chair S1,Furniture,673
Meridian Bench S1,Furniture,304
Lumen Recliner Pro,Furniture,1443
Larch Barcode Scanner S1,Electronics,77
Tundra Monitor S2,Electronics,287
Willow Reception Desk 300,Furniture,1515
Nimbus Bookshelf Lite,Furniture,202
Delta Shoe Rack S2,Furniture,194
Larch Cabinet Lite,Furniture,776
Indigo Nightstand Lite,Furniture,181
Helio Smartwatch Max,Electronics,653
Yarrow TV Stand Pro,Furniture,244
Pioneer Filing Cabinet Plus,Furniture,456
Willow TV Stand Max,Furniture,144
Yarrow SSD Drive Pro,Electronics,109
Ember Meeting Table S2,Furniture,1378
Larch Conference Camera Pro,Electronics,370
Ember Reception Desk Lite,Furniture,624
Harbor Scanner Lite,Electronics,231
Pioneer Microphone Lite,Electronics,461
Ridge Conference Camera Max,Electronics,928
Indigo Lounge Chair Lite,Furniture,405
Vertex Reception Desk 100,Furniture,1792
Kestrel Network Switch 100,Electronics,448
Cobalt Mouse 100,Electronics,46
Xenon Desk X,Furniture,643
Verdant Recliner X,Furniture,415
Verdant Bench Pro,Furniture,98
Nova Standing Desk 300,Furniture,936
Vertex Barcode Scanner S1,Electronics,316
Orion Label Printer Pro,Electronics,383
Cobalt Graphics Card Lite,Electronics,675
Cobalt SSD Drive 200,Electronics,527
Orion Monitor 300,Electronics,521
Beacon Dining Table Lite,Furniture,882
Quill Standing Desk Lite,Furniture,449
Nova Console Table S2,Furniture,404
Slate Speaker 100,Electronics,120
Kestrel Keyboard 100,Electronics,163
Fjord Network Switch Pro,Electronics,92
Helio Recliner Pro,Furniture,1283
Kestrel Footrest 300,Furniture,75
Atlas Chair S2,Furniture,510
Umber Chair 100,Furniture,393
Summit Router X,Electronics,227
Xenon Headphones 300,Electronics,305
Xenon Monitor 100,Electronics,522
Umber Capture Card S1,Electronics,90
Kestrel SSD Drive Plus,Electronics,607
Ember TV Stand S1,Furniture,548
Aster Headphones 200,Electronics,119
Slate Speaker Lite,Electronics,57
Aster Side Table S1,Furniture,239
Quartz Printer Pro,Electronics,120
Ember Cabinet 100,Furniture,246
Pioneer Scanner 200,Electronics,147
Nimbus Dining Table 300,Furniture,789
Yarrow UPS Battery Lite,Electronics,562
Kestrel Headphones S2,Electronics,114
Harbor Wardrobe S1,Furniture,506
Indigo Filing Cabinet S2,Furniture,162
Nova Network Switch Pro,Electronics,177
Aster Graphics Card Pro,Electronics,535
Rowan Sofa 300,Furniture,2516
Indigo Label Printer 200,Electronics,256
Maple Chair Lite,Furniture,443
Harbor Storage Cube Plus,Furniture,66
Onyx Standing Desk Lite,Furniture,454
Kestrel Office Lamp Max,Furniture,35
Quartz Wireless Presenter Max,Electronics,28
Maple Projector 100,Electronics,1413
Pioneer NAS Enclosure S1,Electronics,931
Zenith Microphone Pro,Electronics,421
Zenith Monitor X,Electronics,608
Cedar Scanner X,Electronics,392
Pioneer Graphics Tablet X,Electronics,584
Larch Console Table 200,Furniture,267
Vertex Coffee Table Lite,Furniture,176
Yarrow Drawer Unit Lite,Furniture,285
Quartz Bookshelf Max,Furniture,154
Aster Power Bank Lite,Electronics,29
Basalt SSD Drive X,Electronics,474
Granite Lounge Chair S1,Furniture,1052
Aurora Bookshelf Lite,Furniture,208
Kestrel Network Switch Pro,Electronics,283
Aurora Bookshelf 200,Furniture,371
Nova Wardrobe Lite,Furniture,293
Harbor Tablet 100,Electronics,968
Juniper Conference Chair X,Furniture,453
Harbor Lounge Chair Plus,Furniture,636
Nimbus Tablet X,Electronics,1142
Atlas Coffee Table Lite,Furniture,166
Onyx Tablet X,Electronics,1299
Aurora Power Bank Pro,Electronics,69
Basalt Microphone X,Electronics,180
Delta USB Hub 300,Electronics,50
Juniper Recliner S2,Furniture,449
Fjord Webcam Plus,Electronics,33
Harbor Sofa X,Furniture,1467
Maple Lounge Chair X,Furniture,1097
Maple Room Divider Plus,Furniture,457
Nimbus Printer Plus,Electronics,375
Ember Wireless Presenter X,Electronics,114
Meridian Capture Card 300,Electronics,308
Summit Webcam S1,Electronics,117
Nova Bookshelf 200,Furniture,463
Zenith Conference Chair S2,Furniture,700
Cobalt Drawer Unit Lite,Furniture,252
Orion Smartphone Max,Electronics,1041
Larch Sofa Lite,Furniture,1300
Ridge Tablet S1,Electronics,731
Tundra External HDD 100,Electronics,225
Granite Cabinet Pro,Furniture,690
Zenith Bench Lite,Furniture,289
Yarrow Desk Max,Furniture,635
Harbor Mouse S1,Electronics,73
Pioneer Graphics Card Plus,Electronics,521
Yarrow Smartphone Plus,Electronics,573
Nova Network Switch Max,Electronics,243
Xenon Tablet Pro,Electronics,312
Cobalt Keyboard 100,Electronics,171
Nova Laptop 100,Electronics,1654
Vertex Side Table X,Furniture,69
Atlas Conference Chair 200,Furniture,376
Granite Reception Desk 300,Furniture,601
Tundra Nightstand X,Furniture,211
Aster Console Table Plus,Furniture,465
Basalt External HDD Lite,Electronics,255
Vertex Smartwatch 300,Electronics,585
Aurora Nightstand Plus,Furniture,169
Cobalt Reception Desk X,Furniture,963
Rowan Monitor Stand Plus,Furniture,198
Harbor Desk 300,Furniture,341
Orion Network Switch S2,Electronics,164
Lumen Tablet S2,Electronics,448
Zephyr Monitor 300,Electronics,823
Quartz UPS Battery Pro,Electronics,598
Ridge Headphones 300,Electronics,283
Helio Smartwatch S1,Electronics,550
Aurora Recliner 200,Furniture,1638
Orion Monitor 100,Electronics,857
Onyx Room Divider X,Furniture,153
Pioneer Bookshelf Plus,Furniture,538
Nimbus Power Bank Pro,Electronics,133
Basalt Conference Camera S1,Electronics,1086
Nimbus Standing Desk 100,Furniture,1041
Atlas Power Bank Plus,Electronics,23
Lumen Smartwatch S1,Electronics,219
Zephyr Room Divider Pro,Furniture,300
Meridian Projector Plus,Electronics,1676
Quartz Storage Cube Pro,Furniture,55
Beacon Office Lamp Plus,Furniture,147
Summit Storage Cube Lite,Furniture,114
Rowan Laptop Lite,Electronics,1630
Zenith Monitor Stand Lite,Furniture,110
Beacon USB Hub S2,Electronics,26
Aster Dining Table S2,Furniture,653
Zephyr Mouse 100,Electronics,51
Ember Console Table 200,Furniture,203
Yarrow Scanner X,Electronics,243
Ember Filing Cabinet S1,Furniture,208
Tundra Dresser Pro,Furniture,312
Zephyr Chair Plus,Furniture,184
Umber Drawer Unit X,Furniture,204
Verdant Network Switch Lite,Electronics,355
Onyx Filing Cabinet 200,Furniture,460
Onyx Console Table S2,Furniture,248
Onyx Smartphone Max,Electronics,854
Fjord Shoe Rack Plus,Furniture,92
Delta Tablet Pro,Electronics,950
Verdant Capture Card 200,Electronics,334
Umber Office Lamp 300,Furniture,140
Lumen Reception Desk Pro,Furniture,1593
Yarrow Tablet 300,Electronics,227
Vertex Bench S2,Furniture,117
Ember Projector Pro,Electronics,1112
Fjord Meeting Table Pro,Furniture,1067
Pioneer Smartwatch 200,Electronics,724
Basalt Printer 100,Electronics,633
Cedar Bookshelf Pro,Furniture,181
Zephyr Capture Card Pro,Electronics,319
Orion Laptop Lite,Electronics,1540
Maple USB Hub 100,Electronics,38
Zenith TV Stand S2,Furniture,290
Summit Keyboard Plus,Electronics,50
Indigo Standing Desk Lite,Furniture,1458
Helio Graphics Tablet Plus,Electronics,285
Cobalt Headphones X,Electronics,396
Nimbus Drawer Unit Plus,Furniture,112
Indigo Label Printer 300,Electronics,118
Slate Headphones 200,Electronics,210
Cedar Coffee Table Lite,Furniture,264
Maple Bench Plus,Furniture,199
Aster Laptop Max,Electronics,1972
Beacon Whiteboard X,Furniture,79
Yarrow Laptop 300,Electronics,1202
Zephyr Docking Station Plus,Electronics,210
Ember Monitor Stand 200,Furniture,138
Quartz Cabinet X,Furniture,801
Kestrel Webcam X,Electronics,93
Willow Headphones S1,Electronics,133
Pioneer Coffee Table S2,Furniture,177
Basalt Webcam S2,Electronics,78
Nimbus Speaker Plus,Electronics,226
Zephyr Cabinet X,Furniture,400
Summit Network Switch 200,Electronics,515
Aster Filing Cabinet 100,Furniture,508
Summit Speaker 300,Electronics,227
Nova Graphics Tablet Max,Electronics,459
Tundra Side Table Max,Furniture,133
Aurora Side Table Max,Furniture,135
Onyx Console Table S1,Furniture,575
Harbor Dresser 200,Furniture,234
Onyx External HDD S1,Electronics,310
Yarrow UPS Battery S2,Electronics,741
Meridian Nightstand Pro,Furniture,63
Larch Microphone Plus,Electronics,451
Orion Wardrobe 300,Furniture,743
Beacon Office Lamp X,Furniture,115
Kestrel Reception Desk S1,Furniture,1903
Aurora External HDD Lite,Electronics,146
Ember Headphones Pro,Electronics,237
Cobalt Speaker S2,Electronics,473
Willow Bench X,Furniture,87
Tundra USB Hub Plus,Electronics,68
Rowan Side Table S2,Furniture,222
Helio Keyboard 300,Electronics,39
Granite Side Table Max,Furniture,49
Umber UPS Battery Lite,Electronics,452
Yarrow Office Lamp 300,Furniture,57
Ember Wardrobe Plus,Furniture,1363
Aurora Filing Cabinet S2,Furniture,126
Ridge Docking Station 200,Electronics,309
Rowan External HDD Max,Electronics,272
Delta Coffee Table 100,Furniture,225
Fjord Label Printer S2,Electronics,108
Quartz Laptop S2,Electronics,1571
Aster Scanner Lite,Electronics,479
Ridge Graphics Card Pro,Electronics,1747
Slate Coffee Table 100,Furniture,109
Xenon Label Printer 300,Electronics,195
Umber Conference Chair 300,Furniture,241
Cedar Monitor X,Electronics,724
Lumen Smartwatch S2,Electronics,703
Larch Recliner 300,Furniture,1293
Cobalt Filing Cabinet S2,Furniture,163
Basalt Monitor S2,Electronics,736
Larch Meeting Table 100,Furniture,1509
Kestrel Speaker S1,Electronics,77
Basalt Bookshelf Lite,Furniture,208
Lumen Webcam S1,Electronics,137
Umber SSD Drive Lite,Electronics,137
Orion Dining Table Plus,Furniture,542
Onyx Power Bank 100,Electronics,128
Ember Scanner 100,Electronics,448
Delta Coffee Table S2,Furniture,211
Nimbus Whiteboard 100,Furniture,64
Indigo Dresser S2,Furniture,817
Helio Conference Chair Plus,Furniture,552
Cedar Standing Desk Pro,Furniture,444
Indigo Meeting Table Pro,Furniture,463
Basalt Scanner 100,Electronics,574
Verdant Meeting Table 100,Furniture,405
Slate External HDD X,Electronics,251
Helio Mouse 100,Electronics,86
Granite Standing Desk S1,Furniture,1254
Harbor Conference Chair S2,Furniture,563
Slate Storage Cube Pro,Furniture,48
Atlas Meeting Table X,Furniture,1103
Zephyr Nightstand S1,Furniture,51
Rowan USB Hub Pro,Electronics,90
Orion Drawer Unit 100,Furniture,391
Basalt Capture Card Plus,Electronics,224
Nimbus Capture Card 200,Electronics,225
Verdant Desk S1,Furniture,598
Beacon Meeting Table Plus,Furniture,1237
Juniper Laptop Plus,Electronics,2197
Delta Power Bank Lite,Electronics,119
Meridian Speaker Lite,Electronics,31
Vertex Wireless Presenter Plus,Electronics,96
Tundra Coffee Table X,Furniture,296
Xenon Chair Max,Furniture,110
Cobalt Microphone 100,Electronics,222
Harbor Chair Lite,Furniture,115
Harbor Nightstand 300,Furniture,79
Nimbus Chair 300,Furniture,501
Yarrow Coffee Table Pro,Furniture,367
Fjord Projector 300,Electronics,828
Granite Microphone 100,Electronics,147
Fjord Nightstand Max,Furniture,107
Juniper Graphics Card 200,Electronics,260
Tundra Room Divider 300,Furniture,233
Lumen Tablet Max,Electronics,278
Umber Power Bank Plus,Electronics,40
Zephyr Desk Pro,Furniture,357
Aurora Microphone Plus,Electronics,69
Nimbus Smartwatch 200,Electronics,266
Meridian Webcam Max,Electronics,154
Indigo Shoe Rack S1,Furniture,98
Kestrel NAS Enclosure Plus,Electronics,208
Atlas Router 300,Electronics,313
Indigo Standing Desk 300,Furniture,512
Indigo Conference Chair Lite,Furniture,551
Summit Footrest Pro,Furniture,114
Lumen Whiteboard 200,Furniture,213
Maple Keyboard 200,Electronics,101
Granite Sofa 300,Furniture,2370
Aster Scanner S2,Electronics,486
Umber Graphics Card 100,Electronics,766
Zephyr Bench Lite,Furniture,262
Orion Microphone Plus,Electronics,205
Juniper Recliner Max,Furniture,1269
Granite Filing Cabinet Lite,Furniture,373
Onyx Mouse S1,Electronics,68
Atlas Lounge Chair Pro,Furniture,947
Verdant Conference Camera Lite,Electronics,193
Indigo Conference Camera S1,Electronics,1313
Harbor Conference Camera Max,Electronics,742
Meridian Office Lamp 200,Furniture,47
Nimbus NAS Enclosure 300,Electronics,586
Tundra Microphone Pro,Electronics,126
Indigo USB Hub Max,Electronics,21
Nova Monitor X,Electronics,742
Aurora Headphones X,Electronics,353
Umber Side Table S1,Furniture,81
Zenith Projector S2,Electronics,1072
Rowan Recliner Lite,Furniture,597
Rowan Mouse S1,Electronics,41
Orion NAS Enclosure 300,Electronics,764
Vertex Filing Cabinet 100,Furniture,395
Aster Graphics Tablet Lite,Electronics,131
Aurora Office Lamp 100,Furniture,56
Ember Laptop Pro,Electronics,2385
Indigo Sofa 200,Furniture,1720
Willow Projector 300,Electronics,1288
Orion Footrest Pro,Furniture,182
Zenith Sofa S1,Furniture,587
Zephyr Power Bank S2,Electronics,125
Larch Headphones Max,Electronics,416
Ember Footrest Max,Furniture,57
Granite Conference Chair S2,Furniture,260
Meridian Cabinet X,Furniture,827
Zephyr Conference Chair S2,Furniture,334
Fjord Mouse 200,Electronics,20
Basalt Conference Camera 100,Electronics,1211
Meridian Conference Chair X,Furniture,305
Aster UPS Battery 300,Electronics,699
Cedar Docking Station 100,Electronics,185
Ridge Keyboard Lite,Electronics,182
Aster Side Table 300,Furniture,166
Ember Bench S1,Furniture,431
Cobalt Keyboard S1,Electronics,143
Delta Sofa Max,Furniture,764
Helio Meeting Table Plus,Furniture,1705
Indigo Shoe Rack Pro,Furniture,64
Umber Bench Max,Furniture,208
Basalt Mouse Lite,Electronics,69
Meridian UPS Battery S1,Electronics,344
Granite UPS Battery S1,Electronics,228
Orion Scanner 200,Electronics,148
Orion Footrest X,Furniture,187
Quartz Barcode Scanner X,Electronics,104
Rowan Chair 300,Furniture,344
Atlas USB Hub Lite,Electronics,16
Delta Bar Stool Max,Furniture,215
Tundra Lounge Chair Plus,Furniture,769
Larch Bookshelf Max,Furniture,490
Willow Footrest S1,Furniture,106
Vertex Webcam Plus,Electronics,213
Kestrel Router 100,Electronics,285
Vertex Meeting Table Lite,Furniture,1679
Juniper Label Printer X,Electronics,63
Atlas Storage Cube X,Furniture,91
Nimbus Dresser S2,Furniture,481
Fjord Router Lite,Electronics,242
Ridge Standing Desk 300,Furniture,1198
Indigo Drawer Unit S2,Furniture,292
Granite Smartwatch Pro,Electronics,297
Beacon Bench Plus,Furniture,71
Lumen Webcam X,Electronics,38
Granite Meeting Table S1,Furniture,882
Willow Barcode Scanner Pro,Electronics,307
Yarrow Webcam Lite,Electronics,150
Helio SSD Drive 100,Electronics,65
Ridge Office Lamp Lite,Furniture,119
Beacon Smartphone Lite,Electronics,1113
Delta Cabinet Max,Furniture,465
Kestrel NAS Enclosure 300,Electronics,1068
Aster Meeting Table Pro,Furniture,1780
Xenon Footrest Lite,Furniture,70
Lumen Microphone S1,Electronics,53
Yarrow Scanner 300,Electronics,373
Lumen Webcam S2,Electronics,146
Cobalt Standing Desk 300,Furniture,1085
Nimbus Wardrobe S1,Furniture,442
Onyx UPS Battery Plus,Electronics,121
Indigo Laptop 200,Electronics,1072
Zephyr Barcode Scanner Lite,Electronics,190
Vertex Capture Card Lite,Electronics,292
Harbor Room Divider 100,Furniture,274
Zephyr Network Switch S1,Electronics,308
Orion Chair X,Furniture,206
Orion External HDD 200,Electronics,200
Quill Tablet Plus,Electronics,771
Tundra Drawer Unit Pro,Furniture,138
Nimbus Docking Station 300,Electronics,121
Zephyr Smartwatch 200,Electronics,99
Yarrow Shoe Rack Pro,Furniture,93
Meridian Monitor 100,Electronics,455
Maple Desk 300,Furniture,638
Willow Wireless Presenter Plus,Electronics,86
Vertex Wardrobe S1,Furniture,1357
Aurora Coffee Table S1,Furniture,253
Lumen Power Bank Max,Electronics,60
Zenith Recliner Max,Furniture,1596
Granite Capture Card Max,Electronics,459
Maple Desk Pro,Furniture,745
Willow Nightstand Max,Furniture,92
Orion Projector 300,Electronics,983
Quill Drawer Unit S1,Furniture,148
Zenith Desk S2,Furniture,741
Nimbus Tablet 200,Electronics,249
Atlas Sofa Max,Furniture,1146
Ridge Recliner 300,Furniture,1078
Maple Barcode Scanner 200,Electronics,197
Aster Office Lamp 300,Furniture,72
Tundra Nightstand Lite,Furniture,167
Vertex Standing Desk S2,Furniture,540
Slate Dresser S1,Furniture,506
Zephyr Graphics Card S2,Electronics,581
Atlas Nightstand S2,Furniture,248
Pioneer Office Lamp S2,Furniture,134
Rowan Conference Camera Lite,Electronics,927
Onyx Label Printer S2,Electronics,266
Zenith Scanner Max,Electronics,119
Lumen Office Lamp S1,Furniture,66
Maple UPS Battery Lite,Electronics,434
Quill Network Switch Lite,Electronics,405
Tundra Conference Camera 300,Electronics,1098
Indigo Smartphone Max,Electronics,1338
Pioneer Standing Desk 300,Furniture,349
Umber Side Table S2,Furniture,76
Nova Storage Cube 300,Furniture,151
Kestrel Filing Cabinet Max,Furniture,319
Aster Label Printer Plus,Electronics,171
Pioneer Capture Card 100,Electronics,225
Zenith Webcam Pro,Electronics,58
Harbor Router X,Electronics,274
Rowan Bench Max,Furniture,340
Orion Filing Cabinet 100,Furniture,447
Verdant Smartphone S1,Electronics,1438
Aurora Drawer Unit 200,Furniture,405
Quill Microphone 300,Electronics,353
Quill Dresser Lite,Furniture,873
Kestrel Label Printer S1,Electronics,256
Fjord Smartwatch Max,Electronics,706
Orion Monitor 200,Electronics,241
Quill Bookshelf S2,Furniture,316
Rowan Keyboard Plus,Electronics,199
Rowan Coffee Table Plus,Furniture,112
Xenon Coffee Table S2,Furniture,347
Rowan UPS Battery 300,Electronics,376
Orion Sofa S1,Furniture,2539
Quill Monitor Stand Lite,Furniture,44
Fjord Shoe Rack 200,Furniture,91
Lumen Speaker S1,Electronics,236
Larch Scanner X,Electronics,603
Helio Office Lamp 300,Furniture,55
Fjord Room Divider X,Furniture,341
Cobalt Smartwatch Pro,Electronics,552
Orion Drawer Unit Lite,Furniture,315
Nova Lounge Chair S2,Furniture,1035
Slate Storage Cube Lite,Furniture,127
Harbor Cabinet X,Furniture,544
Quartz Sofa S2,Furniture,785
Rowan Mouse 100,Electronics,61
Fjord Office Lamp Plus,Furniture,99
Kestrel Headphones 100,Electronics,405
Juniper Footrest Pro,Furniture,49
Juniper Docking Station X,Electronics,286
Summit Wardrobe 200,Furniture,1554
Atlas Printer Max,Electronics,669
Rowan Smartphone 200,Electronics,630
Kestrel Wardrobe S1,Furniture,577
Ember Graphics Card S1,Electronics,1686
Harbor Laptop S2,Electronics,1603
Beacon Graphics Card 200,Electronics,1385
Orion Conference Camera S1,Electronics,1015
Granite Side Table Pro,Furniture,59
Lumen Conference Camera Plus,Electronics,621
Xenon Shoe Rack Lite,Furniture,39
Slate Monitor Stand 100,Furniture,195
Aster Console Table S1,Furniture,477
Maple Chair 100,Furniture,115
Orion Drawer Unit Max,Furniture,343
Nimbus Conference Chair S2,Furniture,348
Aster Headphones 100,Electronics,122
Lumen Whiteboard Lite,Furniture,87
Indigo Label Printer Plus,Electronics,259
Granite Wireless Presenter Pro,Electronics,54
Cedar Monitor 200,Electronics,663
Harbor Conference Camera Plus,Electronics,817
Harbor Dining Table S2,Furniture,1129
Pioneer Desk Max,Furniture,416
Zenith Label Printer S2,Electronics,204
Ember UPS Battery 200,Electronics,662
Maple Capture Card S1,Electronics,354
Cedar Laptop 300,Electronics,1013
Larch Reception Desk Plus,Furniture,1130
Tundra Docking Station X,Electronics,152
Nova Nightstand S1,Furniture,88
Delta Side Table S2,Furniture,257
Fjord Storage Cube 300,Furniture,118
Aurora Network Switch 100,Electronics,148
Umber Footrest Pro,Furniture,156
Delta Nightstand 300,Furniture,166
Ridge Side Table 200,Furniture,177
Verdant Footrest Max,Furniture,144
Quill Graphics Card S2,Electronics,1736
Verdant Docking Station X,Electronics,182
Vertex Footrest Max,Furniture,82
Maple Dining Table Plus,Furniture,747
Larch Docking Station S2,Electronics,158
Tundra Projector Lite,Electronics,1284
Quill TV Stand Lite,Furniture,333
Quartz External HDD Lite,Electronics,70
Kestrel Shoe Rack Max,Furniture,83
Zenith Lounge Chair S1,Furniture,930
Meridian Meeting Table Pro,Furniture,510
Nimbus Graphics Tablet 300,Electronics,641
Fjord Router Plus,Electronics,110
Basalt TV Stand Max,Furniture,137
Granite Console Table Lite,Furniture,426
Onyx Nightstand 300,Furniture,270
Harbor Tablet Pro,Electronics,229
Yarrow TV Stand S1,Furniture,534
Basalt Filing Cabinet 100,Furniture,382
Willow Bookshelf 100,Furniture,483
Slate Footrest Plus,Furniture,70
Ridge Standing Desk Pro,Furniture,453
Atlas Wardrobe Max,Furniture,1143
Xenon Office Lamp Pro,Furniture,28
Fjord Shoe Rack S2,Furniture,153
Aster Monitor Max,Electronics,703
Summit Lounge Chair X,Furniture,411
Quartz Sofa X,Furniture,653
Orion Meeting Table S2,Furniture,474
Aster Network Switch S1,Electronics,265
Nova Wardrobe 300,Furniture,1130
Indigo Router Lite,Electronics,335
Lumen Whiteboard Pro,Furniture,42
Zephyr UPS Battery S2,Electronics,162
Basalt Power Bank Max,Electronics,75
Lumen Office Lamp Lite,Furniture,134
Orion Printer 200,Electronics,518
Basalt Lounge Chair S1,Furniture,700
Indigo Router S2,Electronics,247
Harbor Mouse 200,Electronics,48
Larch Chair S2,Furniture,418
Maple Monitor Stand 300,Furniture,30
Verdant Barcode Scanner Pro,Electronics,364
Aster Sofa Plus,Furniture,980
Delta Whiteboard 300,Furniture,292
Ridge Wardrobe Max,Furniture,976
Aurora Reception Desk Plus,Furniture,1841
Zenith Graphics Tablet 300,Electronics,491
Quill Microphone 200,Electronics,331
Indigo Lounge Chair Pro,Furniture,916
Larch Standing Desk Plus,Furniture,844
Nova Console Table X,Furniture,443
Nova Dresser Max,Furniture,385
Zenith Tablet 200,Electronics,452
Willow Projector S2,Electronics,465
Larch Conference Chair Lite,Furniture,328
Slate Smartphone Plus,Electronics,1108
Maple Storage Cube S2,Furniture,139
Indigo Wireless Presenter 200,Electronics,81
Pioneer NAS Enclosure 200,Electronics,422
Cedar Side Table Pro,Furniture,252
Slate Standing Desk Max,Furniture,913
Cobalt Standing Desk 100,Furniture,604
Ridge Microphone 200,Electronics,251
Harbor Conference Chair Max,Furniture,365
Kestrel Footrest 100,Furniture,71
Meridian NAS Enclosure S2,Electronics,704
Slate Lounge Chair S1,Furniture,457
Orion Docking Station S1,Electronics,144
Xenon Microphone Max,Electronics,347
Umber Barcode Scanner 100,Electronics,384
Quill Conference Camera S2,Electronics,1296
Xenon UPS Battery Max,Electronics,199
Slate Docking Station S2,Electronics,209
Ridge Smartphone S1,Electronics,1189
Aurora Storage Cube Lite,Furniture,142
Yarrow Recliner 200,Furniture,909
Pioneer Printer Plus,Electronics,662
Juniper SSD Drive S2,Electronics,163
Aster Graphics Card S2,Electronics,564
Yarrow Dining Table Pro,Furniture,462
Meridian Router 300,Electronics,289
Cedar Filing Cabinet Max,Furniture,226
Aster Office Lamp 100,Furniture,151
Fjord Reception Desk Lite,Furniture,926
Willow Footrest 200,Furniture,48
Aurora Graphics Tablet 100,Electronics,800
Orion SSD Drive X,Electronics,558
Nimbus Console Table Pro,Furniture,594
Cobalt Label Printer 300,Electronics,65
Nimbus Printer Lite,Electronics,114
Beacon Speaker 100,Electronics,123
Maple TV Stand X,Furniture,184
Beacon Storage Cube S1,Furniture,41
Pioneer Side Table X,Furniture,115
Quartz Graphics Card X,Electronics,1086
Xenon Mouse 100,Electronics,24
Cobalt Webcam 100,Electronics,70
Umber Whiteboard 300,Furniture,152
Vertex Chair 100,Furniture,133
Cedar Label Printer Max,Electronics,321
Larch Conference Camera Lite,Electronics,920
Pioneer Conference Chair S1,Furniture,181
Cedar Bench Max,Furniture,185
Quill Side Table Lite,Furniture,207
Delta Monitor S1,Electronics,866
Helio Storage Cube Lite,Furniture,90
Ridge Bookshelf S1,Furniture,428
Maple Wireless Presenter S1,Electronics,104
Zephyr TV Stand Pro,Furniture,541
Lumen Shoe Rack Lite,Furniture,163
Summit Sofa Lite,Furniture,1887
Aster Capture Card Pro,Electronics,443
Lumen Reception Desk Max,Furniture,1533
Zephyr UPS Battery Max,Electronics,237
Zenith Coffee Table 300,Furniture,448
Orion Scanner X,Electronics,317
Larch Conference Chair Pro,Furniture,179
Harbor Conference Camera Pro,Electronics,785
Harbor NAS Enclosure S1,Electronics,499
Helio Coffee Table 300,Furniture,459
Maple Scanner S2,Electronics,133
Zenith Standing Desk 100,Furniture,952
Aurora Printer Plus,Electronics,681
Quartz Reception Desk Lite,Furniture,2041
Rowan Room Divider Lite,Furniture,488
Meridian Bar Stool S1,Furniture,237
Summit Console Table Lite,Furniture,428
Fjord Power Bank S1,Electronics,19
Willow Reception Desk S1,Furniture,446
Aster External HDD Pro,Electronics,328
Kestrel Bar Stool Plus,Furniture,64
Zephyr Drawer Unit Plus,Furniture,206
Granite Nightstand 200,Furniture,226
Aurora Power Bank 300,Electronics,91
Slate Smartwatch Lite,Electronics,213
Aster Keyboard X,Electronics,82
Ember Printer 100,Electronics,119
Ember Lounge Chair Plus,Furniture,882
Harbor Recliner 300,Furniture,1039
Orion TV Stand Max,Furniture,286
Atlas Docking Station Lite,Electronics,195
Quartz Wireless Presenter S1,Electronics,80
Cobalt Wireless Presenter Plus,Electronics,52
Willow Desk Lite,Furniture,586
Cedar Filing Cabinet S2,Furniture,350
Vertex Smartphone S1,Electronics,1304
Indigo Speaker 300,Electronics,515
Maple Laptop 300,Electronics,2282
Onyx Graphics Card S1,Electronics,786
Umber Smartwatch Lite,Electronics,736
Lumen Coffee Table 100,Furniture,423
Quill TV Stand Max,Furniture,186
Indigo Nightstand S1,Furniture,91
Yarrow Graphics Tablet 300,Electronics,79
Onyx Bench Pro,Furniture,215
Ember Power Bank 200,Electronics,27
Tundra Bench Plus,Furniture,194
Quill Headphones S1,Electronics,321
Helio Barcode Scanner 100,Electronics,309
Zenith Printer 300,Electronics,656
Atlas Laptop Pro,Electronics,2066
Summit Scanner 300,Electronics,87
Aurora Reception Desk Max,Furniture,1252
Lumen Printer Pro,Electronics,689
Harbor Graphics Tablet S1,Electronics,754
Pioneer Whiteboard S1,Furniture,328
Lumen SSD Drive S2,Electronics,143
Helio Drawer Unit 200,Furniture,247
Zephyr Desk S2,Furniture,341
Larch Router 300,Electronics,279
Umber Desk Max,Furniture,682
Zephyr Office Lamp Lite,Furniture,27
Cobalt Smartwatch Max,Electronics,373
Kestrel Monitor Stand Max,Furniture,165
Zenith Filing Cabinet Lite,Furniture,458
Larch Printer S2,Electronics,109
Slate Headphones 100,Electronics,39
Helio Laptop 100,Electronics,848
Nova External HDD Lite,Electronics,92
Cedar Whiteboard 200,Furniture,186
Tundra Graphics Card 200,Electronics,1486
Nova Bookshelf 300,Furniture,174
Granite USB Hub Pro,Electronics,26
Summit Whiteboard Lite,Furniture,52
Quartz External HDD Plus,Electronics,137
Indigo Footrest 200,Furniture,145
Summit Monitor Stand 200,Furniture,163
Lumen Monitor Stand X,Furniture,153
Vertex Console Table S2,Furniture,499
Aurora Speaker 200,Electronics,272
Indigo Docking Station Plus,Electronics,82
Indigo Graphics Tablet Max,Electronics,118
Juniper Microphone 100,Electronics,146
Umber Dining Table S1,Furniture,1180
Lumen Monitor S1,Electronics,770
Ember Smartphone Max,Electronics,232
Xenon Bench Pro,Furniture,220
Delta Scanner S2,Electronics,207
Larch Graphics Tablet X,Electronics,279
Quill External HDD X,Electronics,254
Ridge Lounge Chair Pro,Furniture,662
Nimbus Standing Desk X,Furniture,1084
Willow Keyboard S2,Electronics,141
Granite Bookshelf X,Furniture,378
Maple Chair 300,Furniture,326
Onyx Barcode Scanner Max,Electronics,344
Helio Dining Table Plus,Furniture,908
Indigo Recliner S2,Furniture,1475
Willow Room Divider Lite,Furniture,371
Beacon Capture Card S1,Electronics,153
Summit Label Printer 300,Electronics,169
Aurora Barcode Scanner S1,Electronics,289
Helio Coffee Table Pro,Furniture,329
Ember Whiteboard S1,Furniture,282
Granite External HDD S1,Electronics,256
Helio Recliner 100,Furniture,685
Lumen Power Bank S1,Electronics,38
Cobalt Graphics Tablet Pro,Electronics,343
Meridian Side Table 100,Furniture,57
Willow Meeting Table S2,Furniture,1389
Vertex Meeting Table 200,Furniture,957
Fjord Docking Station Plus,Electronics,292
